timestamp,fed_decreases_interest_rates_by_25_bps_after_november_2024_meeting_fed_decreases_interest_rates_by_50_bps_after_november_2024_meeting_fed_decreases_interest_rates_by_75_bps_after_november_2024_meeting_fed_increases_interest_rates_by_25_bps_after_november_2024_meeting_U,no_change_in_fed_interest_rates_after_2024_november_meeting_U,fed_decreases_interest_rates_by_25_bps_after_january_2025_meeting_fed_decreases_interest_rates_by_50_bps_after_january_2025_meeting_fed_decreases_interest_rates_by_75_bps_after_january_2025_meeting_fed_increases_interest_rates_by_25_bps_after_january_2025_meeting_U,no_change_in_fed_interest_rates_after_january_2025_meeting_U,us_government_shutdown_before_2025_U,no_change_in_fed_interest_rates_after_2024_september_meeting_U,fed_decreases_interest_rates_by_25_bps_after_september_2024_meeting_fed_decreases_interest_rates_by_50_bps_after_september_2024_meeting_fed_increases_interest_rates_by_25_bps_after_september_2024_meeting_U,fed_decreases_interest_rates_by_25_bps_after_march_2025_meeting_fed_decreases_interest_rates_by_50_bps_after_march_2025_meeting_fed_increases_interest_rates_by_25_bps_after_march_2025_meeting_U,no_change_in_fed_interest_rates_after_march_2025_meeting_U,fed_rate_cut_by_september_18_U,will_fed_cut_interest_rates_0_times_by_dec_meeting_will_fed_cut_interest_rates_1_time_by_dec_meeting_will_fed_cut_interest_rates_2_times_by_dec_meeting_will_fed_cut_interest_rates_3_times_by_dec_meeting_will_fed_cut_interest_rates_4_times_by_dec_meeting_will_fed_cut_interest_rates_5_times_by_dec_meeting_will_fed_cut_interest_rates_6_times_by_dec_meeting_U,will_the_fed_change_rates_to_another_level_after_nov_meeting_U,fed_decreases_interest_rates_by_25_bps_after_december_2024_meeting_fed_decreases_interest_rates_by_50_bps_after_december_2024_meeting_fed_decreases_interest_rates_by_75_bps_after_december_2024_meeting_fed_increases_interest_rates_by_25_bps_after_december_2024_meeting_U,no_change_in_fed_interest_rates_after_december_2024_meeting_U,will_the_fed_change_rates_to_another_level_after_december_meeting_U,will_1_fed_rate_cut_happen_in_2025_will_2_fed_rate_cuts_happen_in_2025_will_3_fed_rate_cuts_happen_in_2025_will_4_fed_rate_cuts_happen_in_2025_will_5_fed_rate_cuts_happen_in_2025_will_6_fed_rate_cuts_happen_in_2025_will_7_fed_rate_cuts_happen_in_2025_will_8plus_fed_rate_cuts_happen_in_2025_will_no_fed_rate_cuts_happen_in_2025_U,fed_rate_hike_in_2025_U,fed_rate_cut_by_december_18_U,fed_rate_cut_by_november_7_U,fed_rate_cut_by_july_31_U,fed_rate_hike_in_2024_U,fed_emergency_rate_cut_in_2025_U,fed_rate_cut_by_june_12_U,will_trump_announce_arthur_laffer_as_next_fed_chair_will_trump_announce_judy_shelton_as_next_fed_chair_will_trump_announce_kevin_hassett_as_next_fed_chair_will_trump_announce_kevin_warsh_as_next_fed_chair_will_trump_announce_larry_kudlow_as_next_fed_chair_U,no_trump_announcement_of_next_fed_chair_by_june_30_U,us_recession_in_2024_1_U,fed_emergency_rate_cut_in_2024_U,us_recession_announced_by_nber_before_june_2025_U,fed_decreases_interest_rates_by_25_bps_after_june_2024_meeting_fed_decreases_interest_rates_by_50_bps_after_june_2024_meeting_fed_increases_interest_rates_by_25_bps_after_june_2024_meeting_U,no_change_in_fed_interest_rates_after_2024_june_meeting_U,unemployment_rate_over_4pt1_in_october_U,will_the_us_add_less_than_100000_jobs_in_october_will_the_us_add_more_than_250000_jobs_in_october_U,will_the_us_add_100_150k_jobs_in_october_will_the_us_add_150_200k_jobs_in_october_will_the_us_add_200_250k_jobs_in_october_U,will_jerome_powell_say_good_afternoon_during_december_fomc_press_conference_U,will_the_fed_cut_rates_by_75_basis_points_in_september_U,debt_ceiling_abolished_before_trump_inauguration_debt_ceiling_raisedsuspended_before_trump_inauguration_U,boj_emergency_rate_cut_in_august_fed_emergency_rate_cut_in_august_U,will_there_be_a_us_government_shutdown_by_mar_9_U,will_jerome_powell_say_cut_7_or_more_times_during_december_fomc_press_conference_will_jerome_powell_say_growth_10_or_more_times_during_december_fomc_press_conference_will_jerome_powell_say_inflation_40_or_more_times_during_december_fomc_press_conference_will_jerome_powell_say_inflation_50_or_more_times_during_december_fomc_press_conference_will_jerome_powell_say_price_10_or_more_times_during_december_fomc_press_conference_will_jerome_powell_say_tariff_5_or_more_times_during_december_fomc_press_conference_will_jerome_powell_say_tariff_during_december_fomc_press_conference_will_jerome_powell_say_trump_during_december_fomc_press_conference_will_jerome_powell_say_unemployment_5_or_more_times_during_december_fomc_press_conference_U,us_gdp_declines_in_q3_2024_U,will_inflation_increase_by_2pt5_or_less_in_november_will_inflation_increase_by_2pt6_in_november_will_inflation_increase_by_2pt7_in_november_will_inflation_increase_by_2pt8_or_more_in_november_U,will_the_fed_decrease_interest_rates_by_25_bps_after_its_2024_aprilmay_meeting_will_the_fed_decrease_interest_rates_by_50_bps_after_its_aprilmay_2024_meeting_will_the_fed_raise_interest_rates_by_25_bps_after_its_2024_aprilmay_meeting_U,no_change_in_fed_raise_interest_rates_after_its_2024_aprilmay_meeting_U,annual_inflation_under_3_in_august_U,will_us_annual_inflation_be_2pt6_or_less_in_december_will_us_annual_inflation_be_2pt7_in_december_will_us_annual_inflation_be_2pt8_in_december_will_us_annual_inflation_be_2pt9_or_greater_in_december_U,will_biden_say_inflation_at_dnc_speech_U,will_kamala_harris_say_inflation_3_or_more_times_during_dnc_speech_U,will_the_fed_decrease_interest_rates_by_25_bps_after_its_2024_march_meeting_will_the_fed_decrease_interest_rates_by_50_bps_after_its_march_2024_meeting_will_the_fed_raise_interest_rates_by_25_bps_after_its_2024_march_meeting_U,no_change_in_fed_raise_interest_rates_after_its_2024_march_meeting_U,will_kamala_harris_say_inflation_during_cnn_interview_U,will_us_add_between_250k_and_300k_jobs_in_december_2024_will_us_add_less_than_100k_jobs_in_december_2024_will_us_add_more_than_300k_jobs_in_december_2024_U,will_us_unemployment_be_4pt1_or_lower_in_december_2024_will_us_unemployment_be_4pt2_in_december_2024_will_us_unemployment_be_4pt3_in_december_2024_will_us_unemployment_be_4pt4_or_higher_in_december_2024_U,will_us_add_between_100k_and_150k_jobs_in_december_2024_will_us_add_between_150k_and_200k_jobs_in_december_2024_will_us_add_between_200k_and_250k_jobs_in_december_2024_U,will_jerome_powell_say_crypto_or_bitcoin_during_december_fomc_press_conference_U,will_there_be_a_us_government_shutdown_by_jan_20_U,annual_inflation_above_2pt5_in_august_U,will_powell_say_cut_7_or_more_times_during_january_press_conference_will_powell_say_inflation_40_or_more_times_during_january_press_conference_will_powell_say_inflation_50_or_more_times_during_january_press_conference_will_powell_say_inflation_60_or_more_times_during_january_press_conference_will_powell_say_unemployment_8_or_more_times_during_january_press_conference_U,will_nfp_win_the_most_seats_in_the_french_election_U,will_kamala_harris_say_inflation_3_or_more_times_during_friday_speech_U,annual_inflation_above_2pt2_in_september_U,annual_inflation_above_2pt4_in_october_U,will_there_be_a_us_government_shutdown_by_mar_23_U,us_inflation_0pt1_from_july_to_august_2024_U,us_adds_less_than_100k_jobs_in_august_us_adds_more_than_300k_jobs_in_august_U,us_adds_between_100k_and_150k_jobs_in_august_us_adds_between_150k_and_200k_jobs_in_august_us_adds_between_200k_and_250k_jobs_in_august_us_adds_between_250k_and_300k_jobs_in_august_U,us_adds_less_than_100k_jobs_in_september_us_adds_ore_than_250k_jobs_in_september_U,us_adds_between_100k_and_150k_jobs_in_september_us_adds_between_150k_and_200k_jobs_in_september_us_adds_between_200k_and_250k_jobs_in_september_U,us_gov_shutdownlapse_on_mar_23_U,will_kamala_say_inflation_3_times_during_her_nevada_speech_U,will_kamala_say_inflation_at_debate_U,will_donald_trump_say_black_jobs_during_his_georgia_speech_U,will_donald_trump_say_black_jobs_during_his_uniondale_rally_U,will_donald_trump_say_inflation_10_or_more_times_during_his_north_carolina_speech_U,will_the_us_gain_less_than_100000_jobs_in_november_will_the_us_gain_more_than_250000_jobs_in_november_U,will_the_us_gain_between_100_150k_jobs_in_november_will_the_us_gain_between_150_200k_jobs_in_november_2_will_the_us_gain_between_200_250k_jobs_in_november_U,30_year_mortgage_rate_below_6_before_election_U,will_trump_say_fake_jobs_during_michigan_rally_on_nov_4_U,will_trump_say_inflation_10_or_more_times_during_new_york_rally_on_october_27_U,will_the_feds_cut_the_razor_wire_in_shelby_park_texas_U,will_donald_trump_say_inflation_10_or_more_times_during_his_michigan_town_hall_U,will_donald_trump_say_black_jobs_during_his_michigan_town_hall_U,will_us_gain_less_than_200k_jobs_in_march_will_us_gain_more_than_275k_jobs_in_march_U,will_us_gain_between_200k_and_275k_jobs_in_march_U,will_kamala_harris_say_inflation_during_dnc_speech_U,us_inflation_0pt3_from_march_to_april_2024_U,30_year_mortgage_drops_below_5_before_election_U,will_trump_say_inflation_5_or_more_times_during_georgia_speech_on_oct_15_U,will_jd_vance_say_inflation_during_the_debate_U,will_us_gain_300k_353k_jobs_in_february_will_us_gain_less_than_200k_jobs_in_february_will_us_gain_more_than_353k_jobs_in_february_U,will_us_gain_200k_250k_jobs_in_february_will_us_gain_250k_300k_jobs_in_february_U,will_trump_say_black_jobs_during_his_wisconsin_speech_U,will_trump_say_inflation_5_or_more_times_during_pennsylvania_town_hall_on_october_20_U,will_the_november_unemployment_rate_be_4pt0_or_less_will_the_november_unemployment_rate_be_4pt1_will_the_november_unemployment_rate_be_4pt2_will_the_november_unemployment_rate_be_4pt3_or_more_U,will_the_us_gain_between_250_303k_jobs_in_april_will_the_us_gain_less_than_150k_jobs_in_april_will_the_us_gain_more_than_303k_jobs_in_april_U,will_the_us_gain_between_150_200k_jobs_in_april_will_the_us_gain_between_200_250k_jobs_in_april_U,unemployment_rate_over_4pt2_for_august_U,bank_of_england_rate_cut_in_september_meeting_U,unemployment_rate_over_4pt2_in_september_U,will_fantano_rate_new_tswift_album_above_5_U,will_kamala_say_inflation_3_or_more_times_during_univision_town_hall_on_october_10_U,will_trump_say_inflation_during_michigan_rally_U,us_inflation_0pt4_from_feb_to_march_2024_U,will_kamala_say_inflation_3_or_more_times_during_fox_news_event_U,us_inflation_0pt1_from_jan_to_feb_2024_U,will_vance_say_inflation_during_detroit_rally_on_october_8_U,us_inflation_0pt2_from_february_to_march_2024_U
2024-01-12 00:00:00+00:00,,,,,,,,,,,,,,,,,,,,,,,,,,,,,,,,,,,,,,,,,,,,,,,,,,,,,,,0.9879,,,,,,,,,,,,,,,,,,,,,,,,,,,,,,,,,,,,,,,,,,,,,,,,,,,
2024-01-13 00:00:00+00:00,,,,,,,,,,,,,,,,,,,,,,,,,,,,,,,,,,,,,,,,,,,,,,,,,,,,,,,0.6279,,,,,,,,,,,,,,,,,,,,,,,,,,,,,,,,,,,,,,,,,,,,,,,,,,,
2024-01-14 00:00:00+00:00,,,,,,,,,,,,,,,,,,,,,,,,,,,,,,,,,,,,,,,,,,,,,,,,,,,,,,,0.3759,,,,,,,,,,,,,,,,,,,,,,,,,,,,,,,,,,,,,,,,,,,,,,,,,,,
2024-01-15 00:00:00+00:00,,,,,,,,,,,,,,,,,,,,,,,,,,,,,,,,,,,,,,,,,,,,,,,,,,,,,,,0.2079,,,,,,,,,,,,,,,,,,,,,,,,,,,,,,,,,,,,,,,,,,,,,,,,,,,
2024-01-16 00:00:00+00:00,,,,,,,,,,,,,,,,,,,,,,,,,,,,,,,,,,,,,,,,,,,,,,,,,,,,,,,0.114519,,,,,,,,,,,,,,,,,,,,,,,,,,,,,,,,,,,,,,,,,,,,,,,,,,,
2024-01-17 00:00:00+00:00,,,,,,,,,,,,,,,,,,,,,,,,,,,,,,,,,,,,,,,,,,,,,,,,,,,,,,,0.188199,,,,,,,,,,,,,,,,,,,,,,,,,,,,,,,,,,,,,,,,,,,,,,,,,,,
2024-01-18 00:00:00+00:00,,,,,,,,,,,,,,,,,,,,,,,,,,,,,,,,,,,,,,,,,,,,,,,,,,,,,,,0.072631,,,,,,,,,,,,,,,,,,,,,,,,,,,,,,,,,,,,,,,,,,,,,,,,,,,
2024-01-19 00:00:00+00:00,,,,,,,,,,,,,,,,,,,,,,,,,,,,,,,,,,,,,,,,,,,,,,,,,,,,,,,0.0199,,,,,,,,,,,,,,,,,,,,,,,,,,,,,,,,,,,,,,,,,,,,,,,,,,,
2024-01-20 00:00:00+00:00,,,,,,,,,,,,,,,,,,,,,,,,,,,,,,,,,,,,,,,,,,,,,,,,,,,,,,,0.0019990000000000003,,,,,,,,,,,,,,,,,,,,,,,,,,,,,,,,,,,,,,,,,,,,,,,,,,,
2024-01-27 00:00:00+00:00,,,,,,,,,,,,,,,,,,,,,,,,,,,,,,,,,,,,,,0.5239,,,,,,,,,,,,,,,,,,,,,,,,,,,,,,,,,,,,,,,,,,,,,,,,,,,,,,,,,,,,,,,,,,,,
2024-01-28 00:00:00+00:00,,,,,,,,,,,,,,,,,,,,,,,,,,,,,,,,,,,,,,0.5644,,,,,,,,,,,,,,,,,,,,,,,,,,,,,,,,,,,,,,,,,,,,,,,,,,,,,,,,,,,,,,,,,,,,
2024-01-29 00:00:00+00:00,,,,,,,,,,,,,,,,,,,,,,,,,,,,,,,,,,,,,,0.5774999999999999,,,,,,,,,,,,,,,,,,,,,,,,,,,,,,,,,,,,,,,,,,,,,,,,,,,,,,,,,,,,,,,,,,,,
2024-01-30 00:00:00+00:00,,,,,,,,,,,,,,,,,,,,,,,,,,,,,,,,,,,,,,0.5774999999999999,,,,,,,,,,,,,,,,,,,,,,,,,,,,,,,,,,,,,,,,,0.49589999999999995,,,,,,,,,,,,,,,,,,,,,,,,,,,
2024-01-31 00:00:00+00:00,,,,,,,,,,,,,,,,,,,,,,,,,,,,,,,,,,,,,,0.5774999999999999,,,,,,,,,,,,,,,,,,,,,,,,,,,,,,,,,,,,,,,,,0.5239,,,,,,,,,,,,,,,,,,,,,,,,,,,
2024-02-01 00:00:00+00:00,,,,,,,,,,,,,,,,,,,,,,,1.0,,,,,,,,,,,,,,,0.5774999999999999,,,,,,,,,,1.0989211978423958,0.75,,,,,,,,,,,,,,,,,,,,,,,,,,,,,,0.2775,,,,,,,,,,,,,,,,,,,,,,,,,,,
2024-02-02 00:00:00+00:00,,,,,,,,,,,,,,,,,,,,,,,0.1182789999999999,,,,,,,,,,,,,,,0.5774999999999999,,,,,,,,,,0.0305703554895624,0.75,,,,,,,,,,,,,,,,,,,,,,,,,,,,,,0.2775,,,,,,,,,,,,,,,,,,,,,,,,,,,
2024-02-03 00:00:00+00:00,,,,,,,,,,,,,,,,,,,,,,,0.37589999999999996,,,,,,,,,,,,,,,0.5239,,,,,,,,,,0.0305703554895624,0.75,,,,,,,,,,,,,,,,,,,,,,,,,,,,,,0.2604,,,,,,,,,,1.5555555555555558,0.25,,,,,,,,,,,,,,,,
2024-02-04 00:00:00+00:00,,,,,,,,,,,,,,,,,,,,,,,0.39003900000000014,,,,,,,,,,,,,,,0.51,,,,,,,,,,0.0305703554895624,0.75,,,,,,,,,,,,,,,,,,,,,,,,,,,,,,0.2431,,,,,,,,,,1.7020111786785554,0.25249375015469916,,,,,,,,,,,,,,,,
2024-02-05 00:00:00+00:00,,,,,,,,,,,,,,,,,,,,,,,0.40092399999999995,,,,,,,,,,,,,,,0.51,,,,,,,,,,0.0305703554895624,0.75,,,,,,,,,,,,,,,,,,,,,,,,,,,,,,0.2431,,,,,,,,,,1.1396989717908796,0.25249375015469916,,,,,,,,,,,,,,,,
2024-02-06 00:00:00+00:00,,,,,,,,,,,,,,,,,,,,,,,0.449436,,,,,,,,,,,,,,,0.5511,,,,,,,,,,0.0305703554895624,0.75,,,,,,,,,,,,,,,,,,,,,,,,,,,,,,0.2079,,,,,,,,,,1.1396989717908796,0.25,,,,,,,,,,,,,,,,
2024-02-07 00:00:00+00:00,,,,,,,,,,,,,,,,,,,,,,,0.46124400000000004,,,,,,,,,,,,,,,0.5511,,,,,,,,,,0.0305703554895624,0.9991,,,,,,,,,,,,,,,,,,,,,,,,,,,,,,0.2079,,,,,,,,,,1.1396989717908796,0.25249375015469916,,,,,,,,,,,,,,,,
2024-02-08 00:00:00+00:00,,,,,,,,,,,,,,,,,,,,,,,0.4830389999999999,,,,,,,,,,,,,,,0.5511,,,,,,,,,,0.03000685871056242,0.9979750000000001,,,,,,,,,,,,,,,,,,,,,,,,,,,,,,0.2079,,,,,,,,,,1.19970703125,0.25,,,,,,,,,,,,,,,,
2024-02-09 00:00:00+00:00,,,,,,,,,,,,,,,,,,,,,,,0.47147099999999986,,,,,,,,,,,,,,,0.5511,,,,,,,,,,0.03000685871056242,0.9979750000000001,,,,,,,,,,,,,,,,,,,,,,,,,,,,,,0.2079,,,,,,,,,,1.5399867647242442,0.25,,,,,,,,,,,,,,,,
2024-02-10 00:00:00+00:00,,,,,,,,,,,,,,,,,,,,,,,0.47147099999999986,,,,,,,,,,,,,,,0.5511,,,,,,,,,,0.24125851014607713,0.9979750000000001,,,,,,,,,,,,,,,,,,,,,,,,,,,,,,0.1351,,,,,,,,,,1.5399867647242442,0.25,,,,,,,,,,,,,,,,
2024-02-11 00:00:00+00:00,,,,,,,,,,,,,,,,,,,,,,,0.475824,,,,,,,,,,,,,,,0.5511,,,,,,,,,,0.03000685871056242,0.9979750000000001,,,,,,,,,,,,,,,,,,,,,,,,,,,,,,0.1351,,,,,,,,,,1.6335848074921957,0.20661157024793392,,,,,,,,,,,,,,,,
2024-02-12 00:00:00+00:00,,,,,,,,,,,,,,,,,,,,,,,0.475824,,,,,,,,,,,,,,,0.5511,,,,,,,,,,0.03000685871056242,0.9979750000000001,,,,,,,,,,,,,,,,,,,,,,,,,,,,,,0.13323900000000002,,,,,,,,,,1.6360544217687074,0.20782871972318342,,,,,,,,,,,,,,,,
2024-02-13 00:00:00+00:00,,,,,,,,,,,,,,,,,,,,,,,0.475824,,,,,,,,,,,,,,,0.5511,,,,,,,,,,0.03000685871056242,0.9979750000000001,,,,,,,,,,,,,,,,,,,,,,,,,,,,,,0.140671,,,,,,,,,,1.6623360000000003,0.20782871972318342,,,,,,,,,,,,,,0.8775,,
2024-02-14 00:00:00+00:00,,,,,,,,,,,,,,,,,,,,1.0,,,0.8704,,,,,,,,,,,,,,,0.9900000000000001,,,,,,,,,,0.03000685871056242,0.9979750000000001,,,,,,,,,,,,,,,,,,,,,,,,,,,,,,0.095599,,,,,,,,,,1.6623360000000003,0.20782871972318342,,,,,,,,,,,,,,,,
2024-02-15 00:00:00+00:00,,,,,,,,,,,,,,,,,,,,0.4479509999999998,,,0.8704,,,,,,,,,,,,,,,0.8235999999999999,,,,,,,,,,0.03000685871056242,0.9979750000000001,,,,,,,,,,,,,,,,,,,,,,,,,,,,,,0.0396,,,,,,,,,,1.660255139136757,0.20782871972318342,,,,,,,,,,,,,,,,
2024-02-16 00:00:00+00:00,,,,,,,,,,,,,,,,,,,,0.5443749999999999,,,0.8775,,,,,,,,,,,,,,,0.6636,,,,,,,,,,0.03000685871056242,0.9979750000000001,,,,,,,,,,,,,,,,,,,,,,,,,,,,,,0.0199,,,,,,,,,,1.6796422272612745,0.20782871972318342,,,,,,,,,,,,,,,,
2024-02-17 00:00:00+00:00,,,,,,,,,,,,,,,,,,,,0.5239,,,0.9216,,,,,,,,,,,,,,,0.6864,,,,,,,,,,1.0802469135802473,0.15360000000000013,,,,,,,,,,,,,,,,,,,,,,,,,,,,,,,,,,,,,,,,1.6961280000000003,0.20532226562500006,,,,,,,,,,,,,,,,
2024-02-18 00:00:00+00:00,,,,,,,,,,,,,,,,,,,,0.5775000000000001,,,0.900775,,,,,,,,,,,,,,,0.6636,,,,,,,,,,0.4876227578930281,0.1351000000000001,,,,,,,,,,,,,,,,,,,,,,,,,,,,,,,,,,,,,,,,1.6966490299823633,0.20661157024793392,,,,,,,,,,,,,,,,
2024-02-19 00:00:00+00:00,,,,,,,,,,,,,,,,,,,,0.583975,,,0.902031,,,,,,,,,,,,,,,0.6519,,,,,,,,,,0.7761354474603598,0.14622400000000013,,,,,,,,,,,,,,,,,,,,,,,,,,,,,,,,,,,,,,,,1.6612903225806452,0.20049008687903766,,,,,,,,,,,,,,,,
2024-02-20 00:00:00+00:00,,,,,,,,,,,,,,,,,,,,0.583975,,,0.902656,,,,,,,,,,,,,,,0.7399,,,,,,,,,,0.7761354474603598,0.14807099999999992,,,,,,,,,,,,,,,,,,,,,,,,,,,,,,,,,,,,,,,,1.6089695137314184,0.20782871972318342,,,,,,,,,,,,,,,,
2024-02-21 00:00:00+00:00,,,,,,,,,,,,,,,,,,,,0.583975,,,0.902031,,,,,,,,,,,,,,,0.75,,,,,,,,,,1.1483617412106455,0.14807099999999992,,,,,,,,,,,,,,,,,,,,,,,,,,,,,,,,,,,,,,,,1.6089695137314184,0.20782871972318342,,,,,,,,,,,,,,,,
2024-02-22 00:00:00+00:00,,,,,,,,,,,,,,,,,,,,0.5670360000000001,,,0.9001439999999999,,,,,,,,,,,,,,,0.9324,,,,,,,,,,1.8598180529300568,0.244839,,,,,,,,,,,,,,,,,,,,,,,,,,,,,,,,,,,,,,,,1.6089695137314184,0.20782871972318342,,,,,,,,,,,,,,,,
2024-02-23 00:00:00+00:00,,,,,,,,,,,,,,,,,,,,0.5294040000000001,,,0.8319000000000001,,,,,,,,,,,,,,,0.9559,,,,,,,,,,1.8397662527392262,0.244839,,,,,,,,,,,,,,,,,,,,,,,,,,,,,,,,,,,,,,,,1.6089695137314184,0.20782871972318342,,,,,,,,,,,,,,,,
2024-02-24 00:00:00+00:00,,,,,,,,,,,,,,,,,,,,0.514191,,,0.8064,,,,,,,,,,,,,,,0.9676000000000001,,,,,,,,,,1.888419273034658,0.237871,,,,,,,,,,,,,,,,,,,,,,,,,,,,,,,,,,,,,,,,1.6089695137314184,0.21407885943417249,,,,,,,,,,,,,,,,
2024-02-25 00:00:00+00:00,,,,,,,,,,,,,,,,,,,,0.5239,,,0.833536,,,,,,,,,,,,,,,0.9639,,,,,,,,,,2.090013030839654,0.20967899999999998,,,,,,,,,,,,,,,,,,,,,,,,,,,,,,,,,,,,,,,,1.6089695137314184,0.21407885943417249,,,,,,,,,,,,,,,,
2024-02-26 00:00:00+00:00,,,,,,,,,,,,,,,,,,,,0.4973189999999999,,,0.8176709999999999,,,,,,,,,,,,,,,0.9878999999999999,,,,,,,,,,2.078568677567312,0.17553600000000014,,,,,,,,,,,,,,,,,,,,,,,,,,,,,,,,,,,,,,,,1.6103912207824416,0.21407885943417249,,,,,,,,,,,,,,,,
2024-02-27 00:00:00+00:00,,,,,,,,,,,,,,,,,,,,0.4973189999999999,,,0.835164,,,,,,,,,,,,,,,0.9710999999999999,,,,,,,,,,2.103387188208617,0.17735099999999995,,,,,,,,,,,,,,,,,,,,,,,,,,,,,,,,,,,,,,,,1.6626035502958576,0.21407885943417249,,,,,,,,,,,,,,,,
2024-02-28 00:00:00+00:00,,,,,,,,,,,,,,,,,,,,0.49873600000000007,,,0.901404,,,,,,,,,,,,,,,0.9038999999999999,,,,,,,,,,2.279443385127185,0.17553600000000014,,,,,,,,,,,,,,,,,,,,,,,,,,,,,,,,,,,,,,,,1.64404296875,0.21301775147928997,,,,,,,,,,,,,,,,
2024-02-29 00:00:00+00:00,,,,,,,,,,,,,,,,,,,,0.5113989999999999,,,0.912384,,,,,,,,,,,,,,,0.34390000000000004,,,,,,,,,,2.1485073368190246,0.17371899999999996,,,,,,,,,,,,,,,,,,,,,,,,,,,,,,,,,,,,,,,,1.64404296875,0.21301775147928997,,,,,,,,,,,,,,,,
2024-03-01 00:00:00+00:00,,,,,,,,,,,,,,,,,,,,0.512796,,,0.8660439999999999,,,,,,,,,,,,,,,0.2604,,,,,,,,,,1.3541194255479974,0.17371899999999996,,,,,,,,,,,,,,,,,,,,,,,,,,,,,,,,,,,,,,,,1.6175537109375,0.2206152433425161,,,,,,,,,,,,,,,,
2024-03-02 00:00:00+00:00,,,,,,,,,,,,,,,,,,,,0.5430240000000001,,,0.8775,,,,,,,,,,,,,,,0.2604,,,,,,,,,,1.2461936225222636,0.17553600000000014,,,,,,,,,,,,,1.0,,,,,,,,,,,,,,,,,,,,,,,,,,,1.6355988221861668,0.22145328719723187,,,,,,,,,,,,,,,,
2024-03-03 00:00:00+00:00,,,,,,,,,,,,,,,,,,,,0.5443749999999999,,,0.8630999999999999,,,,,,,,,,,,,,,0.2604,,,,,,,,,,1.227537722908093,0.17371899999999996,,,,,,,,,,,,,0.5774999999999999,,,,,,,,,,,,,,,,,,,,,,,,,,,1.5925725617450877,0.21508086536441928,,,,,,,,,,,,,,,,
2024-03-04 00:00:00+00:00,,,,,,,,,,,,,,,,,,,,0.5403160000000001,,,0.8739750000000001,,,,,,,,,,,,,,,0.2775,,,,,,,,,,1.151063621213606,0.14991600000000013,,,,,,,,,,,,,0.5904,,,,,,,,,,,,,,,,,,,,,,,,,,,1.5925725617450877,0.22224489795918373,,,,,,,,,,,,,,,,
2024-03-05 00:00:00+00:00,,,,,,,,,,,,,,,,,,,,0.5430240000000001,,,0.890439,,,,,,,,,,,,,,,0.2431,,,,,,,,,,1.1741999999999997,0.14991600000000013,,,,,,,,,,,,,0.5511,,,,,,,,,,,,,,,,,,,,,,,,,,,1.5828153814630146,0.22224489795918373,,,,,,,,,,,,,,,,
2024-03-06 00:00:00+00:00,,,,,,,,,,,,,,,,,,,,0.7296,,,0.9424,,,,,,,,,,,,,,,0.2431,,,,,,,,,,1.3576135969476237,0.14252400000000012,,,,,,,,,,,,,0.5511,,,,,,,,,,,,,,,,,,,,,,,,,,,1.583982800322494,0.22224489795918373,,,,,,,,,,,,,,,,
2024-03-07 00:00:00+00:00,,,,,,,,,,,,,,,,,,,,0.6875190000000001,,,0.898239,,,,,,,,,,,,,,,0.136959,,,,,,,,,,1.328881846989588,0.14437499999999992,,,,,,,,,,,,,0.5511,,,,,,,,,,,,,,,,,,,,,,,,,,,1.5299501400177584,0.22224489795918373,,,,,,,,,,,,,,,,
2024-03-08 00:00:00+00:00,,,,,,,,,,,,,,,,,,,,0.565719,,,0.9038999999999999,,,,,,,,,,,,,,,0.136959,,,,,,,,,,1.328881846989588,0.14437499999999992,,,,,,,,,,,,,0.5904,,,,,,,,,,,,,,,,,,,,,,,,,,,1.454293079516161,0.2304,,,,,,,,,,,,,,,,
2024-03-09 00:00:00+00:00,,,,,,,,,,0.5775000000000001,,,,,,,,0.27749999999999986,0.4224,0.32595900000000005,,,0.8151,,,,,,,,,,,,,,,0.688636,,,,,,,,,,1.5555555555555558,0.12015600000000011,,,,,,,,,,,,,0.9936,,,,,,,,,,,,,,,,,,,,,,,,,,,,,,,,,,,,,,,,,,,,
2024-03-10 00:00:00+00:00,,,,,,,,,,0.5239,,,,,,,,0.27749999999999986,0.4375,0.4524,,,0.801975,,,,,,,,,,,,,,,0.18459099999999995,,,,,,,,,,0.5197710718002081,0.11075099999999989,,,,,,,,,,,,,0.30110399999999987,,,,,,,,,,,,,,,,,,,,,,,,,,,,,,,,,,,,,,,,,,,,
2024-03-11 00:00:00+00:00,,,,,,,,,,0.5252789999999999,,,,,,,,0.27919900000000003,0.43899899999999986,0.4671,,,0.7975,,,,,,,,,,,,,,,0.22383899999999998,,,,,,,,,,0.34410587873191756,0.11451899999999988,,,,,,,,,,,,,0.244839,,,,,,,,,,,,,,,,,,,,,,,,,,,,,,,,,,,,,,,,,,,,
2024-03-12 00:00:00+00:00,,,,,,,,,,0.34389999999999993,,,,,,,,0.27749999999999986,0.3110999999999999,0.4671,,,0.8168160000000001,,,,,,,,,,,,,,,0.009974999999999788,,,,,,,,,,0.3980064079743679,0.1050840000000001,,,,,,,,,,,,,0.005990999999999784,,,,,,,,,,,,,,,,,,,,0.18619816100581724,0.7975,,,,,,,,,,,,,,,,,,,0.9936,,,,
2024-03-13 00:00:00+00:00,,,,,,,,,,0.3110999999999999,,,,,,,,0.28597500000000003,0.244839,0.5457240000000001,,,0.8917590000000001,,,,,,,,,,,,,,,,,,,,,,,,,0.5972222222222223,0.05521600000000005,,,,,,,,,,,,,,,,,,,,,,,,,,,,,,,,,0.1623969703720205,0.8844,,,,,,,,,,,,,,,,,,,,,,,
2024-03-14 00:00:00+00:00,,,,,,,,,,0.3094390000000001,,,,,,,,0.28766399999999986,0.244839,0.533511,,,0.892416,,,,,,,,,,,,,,,,,,,,,,,,,0.5972222222222223,0.04937499999999983,,,,,,,,,,,,,,,,,,,,,,,,,,,,,,,,,0.168799951925966,0.8976,,,,,,,,,,,,,,,,,,,,,,,
2024-03-15 00:00:00+00:00,,,,,,,,,,0.39937500000000015,,,,,,,,0.30277500000000007,0.24657599999999982,0.578799,,,0.96,,,,,,,,,,,,,,,,,,,,,,,,,0.5110204081632652,0.06297600000000006,,,,,,,,,,,,,,,,,,,,,,,,,,,,,,,,,0.168799951925966,0.9038999999999999,,,,,,,,,,,,,,,,,,,,,,,
2024-03-16 00:00:00+00:00,,,,,,,,,,0.40709999999999996,,,,,,,,0.30277500000000007,0.26039999999999985,0.6985990000000001,,,0.9919,,,,,,,,,,,,,,,,,,,,,,,,,0.6695501730103807,0.06491099999999984,,,,,,,,,,,,,,,,,,,,,,,,,,,,,,,,,0.169920167822388,0.9038999999999999,,,,,,,,,,,,,,,,,,,,,,,
2024-03-17 00:00:00+00:00,,,,,,,,,,0.4359990000000002,,,,,,,,0.30277500000000007,0.26039999999999985,0.8064,,,0.9879,,,,,,,,,,,,,,,,,,,,,,,,,1.0016,0.05910000000000005,,,,,,,,,,,,,,,,,,,,,,,,,,,,,,,,,0.19140625000000006,0.9158999999999999,,,,,,,,,,,,,,,,,,,,,,,
2024-03-18 00:00:00+00:00,,,,,,,,,,0.4801589999999999,,,,,,,,0.3094390000000001,0.5376000000000001,0.7791,,,0.9979750000000001,,,,,,,,,,,,,,,,,,,,,,,,,0.6301020408163266,0.035676000000000034,,,,,,,,,,,,,,,,,,,,,,,,,,,,,,,,,0.19140625000000006,0.9158999999999999,,,,,,,,,,,,,,,,,,,,,,,
2024-03-19 00:00:00+00:00,,,,,,,,,,0.431484,,,,,,,,0.3094390000000001,0.5376000000000001,0.7180390000000001,,,0.999991,,,,,,,,,,,,,,,,,,,,,,,,,0.6301020408163266,0.02977499999999981,,,,,,,,,,,,,,,,,,,0.9775,,,,,,,,,,,,,,0.1827399335703048,0.9158999999999999,,,,,,,,,,,,,,,,,,,,,,,
2024-03-20 00:00:00+00:00,,,,,,,,,,0.443484,,,,,,,,0.3094390000000001,0.5321440000000001,0.7083999999999999,,,0.997399,,,,,,,,,,,,,,,,,,,,,,,,,0.28571428571428575,0.02977499999999981,,,,,,,,,,,,,,,,,,,0.9996,,,,,,,,,,,,,,0.17144775390625,0.9158999999999999,,,,,,,,,,,,,,,,,,,,,,,
2024-03-21 00:00:00+00:00,,,,,,,,,,0.45535600000000004,,,,,,,,0.45387899999999987,0.41171100000000016,0.5644000000000001,,,0.898239,,,,,,,,,,,,,,,,,,,,,,,,,0.0,0.015936000000000013,,,,,,,,,,,,,,,,,,,0.9919,,,,,,,,,,,,,,0.17144775390625,0.9158999999999999,,,,,,,,,,,,,,,,,,,,,,,
2024-03-22 00:00:00+00:00,,,,,,,,,,0.443484,36.14824026546707,,,,,,,0.3774790000000001,0.5001509999999999,0.5443749999999999,,,0.900775,,,,,,,,,,,,,,,,,,,,,,,,,,,,,,,,,,,,,,,,,,,,,0.9804,,,,,,,,,,,,,,0.17899408284023668,0.9158999999999999,,,,,,,,,,,,,,,,,,,,,,,
2024-03-23 00:00:00+00:00,,,,,,,,,,0.42391900000000016,37.53525694904758,,,,,,,0.32923900000000006,0.3487510000000001,0.5551109999999999,,,0.876799,,,,,,,,,,,,,,,,,,,,,,,,,,,,,,,,,,,,,,,,,,,,,0.9424,,,,,,,,,,,,,,0.2168288561272653,0.8844,,,,,,,,,,,,,,,,,,,,,,,
2024-03-24 00:00:00+00:00,,,,,,,,,,0.425436,36.66330474125742,,,,,,,0.3193750000000001,0.3275999999999999,0.5551109999999999,,,0.876799,,,,,,,,,,,,,,,,,,,,,,,,,,,,,,,,,,,,,,,,,,,,,,,,,,,,,,,,,,,0.20856841713683424,0.9324,,,,,,,,,,,,,,,,,,,,,,,
2024-03-25 00:00:00+00:00,,,,,,,,,,0.434496,36.577038840356984,,,,,,,0.32102399999999987,0.3275999999999999,0.5591040000000002,,,0.8911,,,,,,,,,,,,,,,,,,,,,,,,,,,,,,,,,,,,,,,,,,,,,,,,,,,,,,,,,,,0.21189216427311663,0.9375,,,,,,,,,,,,,,,,,,,,,,,
2024-03-26 00:00:00+00:00,,,,,,,,,,0.4524,36.86583117458984,,,,,,,0.32102399999999987,0.3275999999999999,0.6495359999999999,,,0.892416,,,,,,,,,,,,,,,,,,,,,,,,,,,,,,,,,,,,,,,,,,,,,,,,,,,,,,,,,,,0.23099573342948138,0.9324,,,,,,,,,,,,,,,,,,,,,,,
2024-03-27 00:00:00+00:00,,,,,,,,,,0.4568309999999999,37.1099269933136,,,,,,,0.32102399999999987,0.3275999999999999,0.6471639999999999,,,0.9038999999999999,,,,,,,,,,,,,,,,,,,,,,,,,,,,,,,,,,,,,,,,,,,,,,,,,,,,,,,,,,,0.21633315305570577,0.9324,,,,,,,,,,,,,,,,,,,,,,,
2024-03-28 00:00:00+00:00,,,,,,,,,,0.449436,37.05388290654036,,,,,,,0.32102399999999987,0.3275999999999999,0.6447839999999999,,,0.9471,,,,,,,,,,,,,,,,,,,,,,,,,,,,,,,,,,,,,,,,,,,,,,,,,,,,,,,,,,,0.21633315305570577,0.9324,,,,,,,,,,,,,,,,,,,,,,,
2024-03-29 00:00:00+00:00,,,,,,,,,,0.449436,37.05388290654036,,,,,,,0.32102399999999987,0.3275999999999999,0.6339750000000001,,,0.954631,,,,,,,,,,,,,,,,,,,,,,,,,,,,,,,,,,,,,,,,,,,,,,,,,,,,,,,,,,,0.21633315305570577,0.9324,,,,,,,,,,,,,,,,,,,,,,,
2024-03-30 00:00:00+00:00,,,,,,,,,,0.45091899999999985,36.789149180864236,,,,,,,0.32102399999999987,0.3308759999999999,0.614359,,,0.967239,,,,,,,,,,,,,,,,,,,,,,,,,,,,,,,,,,,,,,,,,,,,,,,,,,,,,,,,,,,0.21926177878558825,0.9559,,,,,,,,,,,,,,,,,,,,,,,
2024-03-31 00:00:00+00:00,,,,,,,,,,0.45091899999999985,36.825905065868525,,,,,,,0.32102399999999987,0.3308759999999999,0.6254559999999999,,,0.974719,,,,,,,,,,,,,,,,,,,,,,,,,,,,,,,,,,,,,,,,,,,,,,,,,,,,,,,,,,,0.2377569838125811,0.96,,,,,,,,,,,,,,,,,,,,,,,
2024-04-01 00:00:00+00:00,,,,,,,,,,0.4375,36.840573645542506,,,,,,,0.3226710000000001,0.3275999999999999,0.6399999999999999,,,0.976284,,,,,,,,,,,,,,,,,,,,,,,,,,,,,,,,,,,,,,,,,,,,,,,,,,,,,,,,,,,0.23008791063520392,0.96,,,,,,,,,,,,,,,,,,,,,,,
2024-04-02 00:00:00+00:00,,,,,,,,,,0.4375,33.247809769682206,,,,,,,0.31607100000000005,0.3275999999999999,0.8400000000000001,,,0.9984,,,,,,,,,,,,,,,,,,,,,,,,,,,,,,,,,,,,,,,,,,,,,,,,,,,,,,,,,,,0.25,0.96,,,,,,,,,,,,,,,,,,,,,,,
2024-04-03 00:00:00+00:00,,,,,,,,,,0.6005760000000001,27.898676188586926,,,,,,,0.3177239999999999,0.3193750000000001,0.8976,,,0.999039,,,,,,,,,,,,,,,,,,,,,,,,,,,,,,,,,,,,,,,,,,,,,,,,,,,,,,,,,,,0.17765179974045492,0.9271,,,,,,,,,,,,,,,,,,,,,,,
2024-04-04 00:00:00+00:00,,,,,,,,,,0.5967749999999999,27.72883714511968,,,,,,,0.3406559999999999,0.3519750000000001,0.931879,,,0.9984,,,,,,,,,,,,,,,,,,,0.2986776859504133,0.17190000000000014,,,,,,,,,,,,,,,,,,,,,,,,,,,,,,,,,,,,,,,0.190946967022103,0.9271,,,,,,,,,,,,,,,,,,,,,,,
2024-04-05 00:00:00+00:00,,,,,,,,,,0.5403160000000001,26.374738668405573,,,,,,,0.3094390000000001,0.40555900000000017,0.807279,,,0.9775,,,,,,,,,,,,,,,,,,,0.08493239588967011,0.3615990000000001,,,,,,,,,,,,,,,,,,,,,,,,,,,,,,,,,,,,,,,0.14927685950413222,0.9271,,,,,,,,,,,,,,,,,,,,,,,
2024-04-06 00:00:00+00:00,,,,,,,,,,0.6750999999999999,24.40220579354982,,,,,,,0.502975,0.484476,0.9744,,,0.9774999999999999,,,,,,,,,,,,,,,,,,,0.2368713017751478,0.15175899999999992,,,,,,,,,,,,,,,,,,,,,,,,,,,,,,,,,,,,,,,,,,,,,,,,,,,1.2160911356354573,0.33518005540166207,,,,,,,,,,,1.0
2024-04-07 00:00:00+00:00,,,,,,,,,,0.6399999999999999,24.875636225714707,,,,,,,0.501564,0.4772709999999999,0.9744,,,0.9676000000000001,,,,,,,,,,,,,,,,,,,0.224768,0.15911099999999992,,,,,,,,,,,,,,,,,,,,,,,,,,,,,,,,,,,,,,,,,,,,,,,,,,,1.2613168724279833,0.36,,,,,,,,,,,0.75
2024-04-08 00:00:00+00:00,,,,,,,,,,0.6399999999999999,24.684678398740463,,,,,,,0.502975,0.4772709999999999,0.9243750000000001,,,0.974719,,,,,,,,,,,,,,,,,,,0.20733459357277884,0.16643099999999994,,,,,,,,,,,,,,,,,,,,,,,,,,,,,,,,,,,,,,,,,,,,,,,,,,,1.1956004756242564,0.36289737262302213,,,,,,,,,,,0.7296
2024-04-09 00:00:00+00:00,,,,,,,,,,0.6750999999999999,24.28443527252901,,,,,,,0.49305600000000005,0.5307749999999999,0.932919,,,0.974079,,,,,,,,,,,,,,,,,,,0.16115702479338845,0.17553600000000014,,,,,,,,,,,,,,,,,,,,,,,,,,,,,,,,,,,,,,,,,,,,,,,,,,,1.2485136741973837,0.36289737262302213,,,,,,,,,,,0.8151
2024-04-10 00:00:00+00:00,,,,,,,,,,0.7388790000000001,24.050932443025115,,,,,,,0.49305600000000005,0.502975,0.958384,,,0.974719,,,,,,,,,,,,,,,,,,,0.1861625708884688,0.17007899999999995,,,,,,,,,,,,,,,,,,,,,,,,,,,,,,,,,,,,,,,,,,,,,,,,,,,1.2485136741973837,0.36289737262302213,,,,,,,,,,,0.8064
2024-04-11 00:00:00+00:00,,,,,,,,,,0.96,16.90510269678259,,,,,,,0.5929560000000001,0.7874789999999999,0.9375,,,0.48160000000000003,,,,,,,,,,,,,,,,,,,0.5217197594118959,0.1257749999999999,,,,,,,,,,,,,,,,,,,,,,,,,,,,,,,,,,,,,,,,,,,,,,,,,,,1.2808686137530512,0.40057683063611593,,,,,,,,,,,
2024-04-12 00:00:00+00:00,,,,,,,,,,0.9711000000000001,15.694900603744568,,,,,,,0.7191,0.8319000000000001,0.9216,,,0.5511,,,,,,,,,,,,,,,,,,,0.6983471074380168,0.1088640000000001,,,,,,,,,,,,,,,,,,,,,,,,,,,,,,,,,,,,,,,,,,0.8400000000000001,,,,,,,,,1.2753719008264466,0.40057683063611593,,,,,,,,,,,
2024-04-13 00:00:00+00:00,,,,,,,,,,0.9711000000000001,15.159490235180405,,,,,,,0.7094790000000001,0.8630999999999999,0.9271,,,0.6156,,,,,,,,,,,,,,,,,,,0.67724609375,0.11075099999999989,,,,,,,,,,,,,,,,,,,,,,,,,,,,,,,,,,,,,,,,,,0.75,,,,,,,,,1.2753719008264466,0.48225308641975306,,,,,,,,,,,
2024-04-14 00:00:00+00:00,,,,,,,,,,0.980679,15.083445999124546,,,,,,,0.7191,0.866775,0.9276390000000001,,,0.624231,,,,,,,,,,,,,,,,,,,0.803044982698962,0.14437499999999992,,,,,,,,,,,,,,,,,,,,,,,,,,,,,,,,,,,,,,,,,,0.75,,,,,,,,,1.2753719008264466,0.48225308641975306,,,,,,,,,,,
2024-04-15 00:00:00+00:00,,,,,,,,,,0.9831,15.432806497570851,,,,,,,0.7191,0.865311,0.869679,,,0.570975,,,,,,,,,,,,,,,,,,,1.2884736775659638,0.1406709999999999,,,,,,,,,,,,,,,,,,,,,,,,,,,,,,,,,,,,,,,,,,0.7791,,,,,,,,,1.2140248356464576,0.4880840683054982,,,,,,,,,,,
2024-04-16 00:00:00+00:00,,,,,,,,,,0.982839,15.637833027203092,,,,,,,0.7191,0.860871,0.8704,,,0.569664,,,,,,,,,,,,,,,,,,,1.3179235537190082,0.13695899999999991,,,,,,,,,,,,,,,,,,,,,,,,,,,,,,,,,,,,,,,,,,0.7791,,,,,,,,,1.2140248356464576,0.4880840683054982,,,,,,,,,,,
2024-04-17 00:00:00+00:00,,,,,,,,,,0.9984,12.65507151349511,,,,,,,0.8556,0.866775,0.8463359999999999,,,0.46563899999999997,,,,,,,,,,,,,,,,,,,1.5046296296296293,0.10319099999999988,,,,,,,,,,,,,,,,,,,,,,,,,,,,,,,,,,,,,,,,,,0.7791,,,,,,,,,1.2140248356464576,0.5159690537591748,,,,,,,,,,,
2024-04-18 00:00:00+00:00,,,,,,,,,,0.9984,13.389259231518235,,,,,,,0.7599,0.9324,0.8269439999999999,,,0.5239,,,,,,,,,,,,,,,,,,,1.254930606281957,0.08415099999999986,,,,,,,,,,,,,,,,,,,,,,,,,,,,,,,,,,,,,,,,,,0.6636,,,,,,,,,1.2140248356464576,0.5017361111111112,,,,,,,,,,,
2024-04-19 00:00:00+00:00,,,,,,,,,,0.999919,13.678812581788208,,,,,,,0.8479000000000001,0.9216,0.7975,,,0.48160000000000003,,,,,,,,,,,,,,,,,,,1.563022222222222,0.08415099999999986,,,,,,,,,,,,,,,,,,,,,,,,,,,,,,,,,,,,,,,,,,0.6278999999999999,,,,,,,,,1.1795481569560042,0.5129656683710738,,,,,,,,,,,
2024-04-20 00:00:00+00:00,,,,,,,,,,0.9997109999999999,13.842095888471325,,,,,,,0.8732639999999999,0.9711000000000001,0.7884,,,0.48160000000000003,,,,,,,,,,,,,,,,,,,1.3711262282690855,0.08797499999999986,,,,,,,,,,,,,,,,,,,,,,,,,,,,,,,,,,,,,,,,,,0.7296,,,,,,,,,0.5178276733939954,0.28236550480558814,,,,0.9676,,,,,,,
2024-04-21 00:00:00+00:00,,,,,,,,,,0.9918999999999999,12.841466213151934,,,,,,,0.9375,0.9711000000000001,0.8704,,,0.51,,,,,,,,,,,,,,,,,,,1.415712799167534,0.08797499999999986,,,,,,,,,,,,,,,,,,,,,,,,,,,,,,,,,,,,,,,,,,0.7191,,,,,,,,,0.9601388888888885,0.4599022327916501,,,,0.9676,,,,,,,
2024-04-22 00:00:00+00:00,,,,,,,,,,0.9903959999999999,12.282649183196572,,,,,,,0.9324,0.9676,0.815959,,,0.490204,,,,,,,,,,,,,,,,,,,1.415712799167534,0.08988400000000007,,,,,,,,,,,,,,,,,,,,,,,,,,,,,,,,,,,,,,,,,,0.7191,,,,,,,,,0.9601388888888885,0.4599022327916501,,,,0.4224,,,,,,,
2024-04-23 00:00:00+00:00,,,,,,,,,,0.982839,11.715513944019929,,,,,,,0.8630999999999999,0.9516,0.7975,,,0.48877499999999996,,,,,,,,,,,,,,,,,,,1.7736732570239333,0.08031899999999986,,,,,,,,,,,,,,,,,,,,,,,,,,,,,,,,,,,,,,,,,,0.7191,,,,,,,,,0.9601388888888885,0.4599022327916501,,,,0.1351,,,,,,,
2024-04-24 00:00:00+00:00,,,,,,,,,,0.982839,11.753959665380913,,,,,,,0.8630999999999999,0.9424,0.7975,,,0.5043839999999999,,,,,,,,,,,,,,,,,,,2.1858710562414267,0.08223600000000007,,,,,,,,,,,,,,,,,,,,,,,,,,,,,,,,,,,,,,,,,,0.5644000000000001,,,,,,,,,0.9601388888888885,0.4599022327916501,,,,,,,,,,,
2024-04-25 00:00:00+00:00,,,,,,,,,,0.9559,6.823172156232285,,,,,,,0.8630999999999999,0.9775,0.8064,,,0.502975,,,,,,,,,,,,,,,,,,,1.9147107438016526,0.08031899999999986,,,,,,,,,,,,,,,,,,,,,,,,,,,,,,,,,,,,,,,,,,0.7399,,,,,,,,,0.9473299729709985,0.46560553633217994,,,,,,,,,,,
2024-04-26 00:00:00+00:00,,,,,,,,,,0.96,9.016467746672419,,,,,,,0.8830359999999999,0.9964,0.709479,0.6031,,0.361599,,,,,,,,,,,,,,,,,,,1.5040369088811996,0.07840000000000007,,,,,,,,,,,,,,,,,,,,,,,,,,,,,,,,,,,,,,,,,,0.8775,,,,,,,,,0.7978316326530611,0.46560553633217994,,,,,,,,,,,
2024-04-27 00:00:00+00:00,,,,,,,,,,0.9516,8.985417498543073,,,,,,,0.9038999999999999,0.9974999999999999,0.6762389999999999,0.5511,,0.36000000000000004,,,,,,,,,,,,,,,,,,,1.8487712665406424,0.07070400000000006,,,,,,,,,,,,,,,,,,,,,,,,,,,,,,,,,,,,,,,,,,0.8775,,,,,,,,,0.7681194708221732,0.46560553633217994,,,,,,,,,,,
2024-04-28 00:00:00+00:00,,,,,,,,,,0.9424,9.470360688312853,,,,,,,0.9216,0.9974999999999999,0.6519,0.5511,,0.358399,,,,,,,,,,,,,,,,,,,2.3367346938775513,0.057158999999999835,,,,,,,,,,,,,,,,,,,,,,,,,,,,,,,,,,,,,,,,,,0.8775,,,,,,,,,0.7681194708221732,0.46560553633217994,,,,,,,,,,,
2024-04-29 00:00:00+00:00,,,,,,,,,,0.9424,9.5724639539115,,,,,,,0.9216,0.9964,0.6975,0.5511,,0.34390000000000004,,,,,,,,,,,,,,,,,,,2.327186198691256,0.057158999999999835,,,,,,,,,,,,,,,,,,,,,,,,,,,,,,,,,,,,,,,,,,0.8775,,,,,,,,,0.7681194708221732,0.46560553633217994,,,,,,,,,,,
2024-04-30 00:00:00+00:00,,,,,,,,,,0.8911000000000001,9.747646488935896,,,,,,,0.9158999999999999,0.9856000000000001,0.6279,0.5511,,0.335775,,,,,,,,,,,,,,,,,,,2.923076923076924,0.05910000000000005,,,,,,,,,,,,,,,,,,,,,,,,,,,,,,,,,,,,,,,,,,0.8844,,,,,,,,,0.7769024970273484,0.46560553633217994,,,,,,,,,,,
2024-05-01 00:00:00+00:00,,,,,,,,,,0.8911000000000001,9.063175607708356,,,,,,,0.9271,0.9878999999999999,0.6156,0.5511,,0.30444400000000005,,,,,,,,,,,,,,,,,,,2.083044982698961,0.03960000000000004,,,,,,,,,,,,,,,,,,,,,,,,,,,,,,,,,,,,,,,,,,0.9744,,,,,,,,,0.8316166264884214,0.46560553633217994,,,,,,,,,,,
2024-05-02 00:00:00+00:00,,,,,,,,,,0.9038999999999999,8.61862430509761,,,,,,,0.9471,0.9918999999999999,0.589119,0.48160000000000003,,0.1536,,,,,,0.7063725275207229,0.20076400000000016,,,,,,,,,,,,,,,,,,,,,,,,,,,,,,,,,,,,,,,,,,,,,,,,,,,,,,,0.9775,,,,,,,,,0.9458370329895497,0.50765625,,,,,,,,,,,
2024-05-03 00:00:00+00:00,,,,,,,,,,0.9158999999999999,8.852124842889607,,,,,,,0.9375,0.9918999999999999,0.5511,0.4071,,0.215004,,,,,,1.1552000000000002,0.20255099999999998,,,,,,,,,,,,,,,,,,,,,,,,,,,,,,,,,,,,,,,,,,,,,,,,,,,,,,,0.9471,,,,,,,,,1.0521514971247272,0.5353955978584176,,,,,,,,,,,
2024-05-04 00:00:00+00:00,,,,,,,,,,0.9964,12.269353955978584,,,,,,,0.7696000000000001,0.9271,0.7347750000000001,0.3759,,0.256956,,,,,,0.5816411560896451,0.25350399999999984,,,,,,,,,,,,,,,,,,,,,,,,,,,,,,,,,,,,,,,,,,,,,,,,,,,,,,,0.9158999999999999,,,,,,,,,,,,,,,,,,,,,
2024-05-05 00:00:00+00:00,,,,,,,,,,0.9879,12.244517448135745,,,,,,,0.7696000000000001,0.9099999999999999,0.7800389999999999,0.31110000000000004,,0.2775,,,,,,0.44387096774193546,0.251775,,,,,,,,,,,,,,,,,,,,,,,,,,,,,,,,,,,,,,,,,,,,,,,,,,,,,,,0.9516,,,,,,,,,,,,,,,,,,,,,
2024-05-06 00:00:00+00:00,,,,,,,,,,0.9936,11.455386476641973,,,,,,,0.7837749999999999,0.9271,0.768639,0.2775,,0.22383899999999998,,,,,,0.46469306676919153,0.24135900000000002,,,,,,,,,,,,,,,,,,,,,,,,,,,,,,,,,,,,,,,,,,,,,,,,,,,,,,,0.9471,,,,,,,,,,,,,,,,,,,,,
2024-05-07 00:00:00+00:00,,,,,,,,,,0.9951,11.445237384185077,,,,,,,0.7884,0.9271,0.7347750000000001,0.2775,,0.24135900000000002,,,,,,0.4402666666666668,0.2396159999999998,,,,,,,,,,,,,,,,,,,,,,,,,,,,,,,,,,,,,,,,,,,,,,,,,,,,,,,0.9559,,,,,,,,,,,,,,,,,,,,,
2024-05-08 00:00:00+00:00,,,,,,,,,,0.992079,11.707430360965835,,,,,,,0.7791,0.9099999999999999,0.7062360000000001,0.2775,,0.234375,,,,,,0.46757396449704147,0.2326240000000002,,,,,,,,,,,,,,,,,,,,,,,,,,,,,,,,,,,,,,,,,,,,,,,,,,,,,,,0.9804,,,,,,,,,,,,,,,,,,,,,
2024-05-09 00:00:00+00:00,,,,,,,,,,0.992079,11.795023702571246,,,,,,,0.7599,0.9099999999999999,0.685279,0.2775,,0.2079,,,,,,0.32461538461538453,0.227359,,,,,,,,,,,,,,,,,,,,,,,,,,,,,,,,,,,,,,,,,,,,,,,,,,,,,,,0.9775,,,,,,,,,,,,,,,,,,,,,
2024-05-10 00:00:00+00:00,,,,,,,,,,0.9991,11.132881222474822,,,,,,,0.7781589999999999,0.9099999999999999,0.662439,0.2775,,0.209679,,,,,,0.23467455621301767,0.230871,,,,,,,,,,,,,,,,,,,,,,,,,,,,,,,,,,,,,,,,,,,,,,,,,,,,,,,0.9559,,,,,,,,,,,,,,,,,,,,,
2024-05-11 00:00:00+00:00,,,,,,,,,,0.9964,10.935305977865243,,,,,,,0.7781589999999999,0.9158999999999999,0.6400000000000001,0.31110000000000004,,0.204336,,,,,,0.23595807578607897,0.21500400000000017,,,,,,,,,,,,,,,,,,,,,,,,,,,,,,,,,,,,,,,,,,,,,,,,,,,,,,,0.9516,,,,,,,,,,,,,,,,,,,,,
2024-05-12 00:00:00+00:00,,,,,,,,,,0.9964,10.734240000000002,,,,,,,0.780976,0.9271,0.6400000000000001,0.31110000000000004,,0.206119,,,,,,0.24388888888888885,0.21500400000000017,,,,,,,,,,,,,,,,,,,,,,,,,,,,,,,,,,,,,,,,,,,,,,,,,,,,,,,0.9639,,,,,,,,,,,,,,,,,,,,,
2024-05-13 00:00:00+00:00,,,,,,,,,,0.9953760000000001,10.627697334224406,,,,,,,0.792975,0.9375,0.6400000000000001,0.31110000000000004,,0.19,,,,,,0.23213695551589658,0.21500400000000017,,,,,,,,,,,,,,,,,,,,,,,,,,,,,,,,,,,,,,,,,,,,,,,,,,,,,,,0.9676,,,,,,,,,,,,,,,,,,,,,
2024-05-14 00:00:00+00:00,,,,,,,,,,0.9710999999999999,10.627697334224406,,,,,,,0.801975,0.9471,0.6279,0.31110000000000004,,0.182784,,,,,,0.21801789495253057,0.19718400000000016,,,,,,,,,,,,,,,,,,,,,,,,,,,,,,,,,,,,,,,,,,,,,,,,,,,,,,,0.9711000000000001,,,,,,,,,,,,,,,,,,,,,
2024-05-15 00:00:00+00:00,,,,,,,,,,0.974079,10.110437710437715,,,,,,,0.831079,0.9516,0.6156,0.3759,,0.160944,,,,,,0.2799744897959183,0.2361239999999998,,,,,,,,,,,,,,,,,,,,,,,,,,,,,,,,,,,,,,,,,,,,,,,,,,,,,,,0.9879,,,,,,,,,,,,,,,,,,,,,
2024-05-16 00:00:00+00:00,,,,,,,,,,0.9929439999999999,11.901265362111928,,,,,,,0.7975,0.936999,0.7105560000000001,0.34390000000000004,,0.144375,,,,,,0.37795857988165693,0.16094400000000014,,,,,,,,,,,,,,,,,,,,,,,,,,,,,,,,,,,,,,,,,,,,,,,,,,,,,,,,,,,,,,,,,,,,,,,,,,,,
2024-05-17 00:00:00+00:00,,,,,,,,,,0.962751,12.22731970296417,,,,,,,0.7599,0.857871,0.698599,0.34390000000000004,,0.125775,,,,,,0.5527312060573281,0.13695899999999991,,,,,,,,,,,,,,,,,,,,,,,,,,,,,,,,,,,,,,,,,,,,,,,,,,,,,,,,,,,,,,,,,,,,,,,,,,,,
2024-05-18 00:00:00+00:00,,,,,,,,,,0.9375,12.105222439357247,,,,,,,0.7399,0.857871,0.680775,0.34390000000000004,,0.120156,,,,,,0.601406165494862,0.1351000000000001,,,,,,,,,,,,,,,,,,,,,,,,,,,,,,,,,,,,,,,,,,,,,,,,,,,,,,,,,,,,,,,,,,,,,,,,,,,,
2024-05-19 00:00:00+00:00,,,,,,,,,,0.9271,12.742700994948176,,,,,,,0.7296,0.865311,0.653079,0.34390000000000004,,0.114519,,,,,,0.5999038615606473,0.1332389999999999,,,,,,,,,,,,,,,,,,,,,,,,,,,,,,,,,,,,,,,,,,,,,,,,,,,,,,,,,,,,,,,,,,,,,,,,,,,,
2024-05-20 00:00:00+00:00,,,,,,,,,,0.9216,12.86313808403743,,,,,,,0.7296,0.8556,0.626679,0.34390000000000004,,0.114519,,,,,,0.573061224489796,0.12764400000000012,,,,,,,,,,,,,,,,,,,,,,,,,,,,,,,,,,,,,,,,,,,,,,,,,,,,,,,,,,,,,,,,,,,,,,,,,,,,
2024-05-21 00:00:00+00:00,,,,,,,,,,0.9399749999999999,12.93790850988271,,,,,,,0.7296,0.8844,0.6279,0.34390000000000004,,0.112636,,,,,,0.5095568157950011,0.12764400000000012,,,,,,,,,,,,,,,,,,,,,,,,,,,,,,,,,,,,,,,,,,,,,,,,,,,,,,,,,,,,,,,,,,,,,,,,,,,,
2024-05-22 00:00:00+00:00,,,,,,,,,,0.9375,12.518452526542873,,,,,,,0.7296,0.8844,0.5239,0.34390000000000004,,0.103191,,,,,,0.9844897959183673,0.1257749999999999,,,,,,,,,,,,,,,,,,,,,,,,,,,,,,,,,,,,,,,,,,,,,,,,,,,,,,,,,,,,,,,,,,,,,,,,,,,,
2024-05-23 00:00:00+00:00,,,,,,,,,,0.966511,12.732773662551436,,,,,,,0.744975,0.8844,0.45535600000000004,0.34390000000000004,,0.087975,,,,,,0.6567346938775508,0.1182789999999999,,,,,,,,,,,,,,,,,,,,,,,,,,,,,,,,,,,,,,,,,,,,,,,,,,,,,,,,,,,,,,,,,,,,,,,,,,,,
2024-05-24 00:00:00+00:00,,,,,,,,,,0.9974999999999999,12.075969416729935,,,,,,,0.7791,0.9711000000000001,0.30110400000000004,0.34390000000000004,,0.07070399999999999,,,,,,0.8107835726883345,0.1088640000000001,,,,,,,,,,,,,,,,,,,,,,,,,,,,,,,,,,,,,,,,,,,,,,,,,,,,,,,,,,,,,,,,,,,,,,,,,,,,
2024-05-25 00:00:00+00:00,,,,,,,,,,0.9936000000000001,11.204025007984036,,,,,,,0.819375,0.9711000000000001,0.345519,0.3759,,0.082236,,,,,,0.84423828125,0.10697499999999988,,,,,,,,,,,,,,,,,,,,,,,,,,,,,,,,,,,,,,,,,,,,,,,,,,,,,,,,,,,,,,,,,,,,,,,,,,,,
2024-05-26 00:00:00+00:00,,,,,,,,,,0.9856000000000001,11.297139860697879,,,,,,,0.7975,0.9711000000000001,0.345519,0.3759,,0.08988399999999999,,,,,,0.6557093425605535,0.1164000000000001,,,,,,,,,,,,,,,,,,,,,,,,,,,,,,,,,,,,,,,,,,,,,,,,,,,,,,,,,,,,,,,,,,,,,,,,,,,,
2024-05-27 00:00:00+00:00,,,,,,,,,,0.9714389999999999,11.599740660933236,,,,,,,0.8151,0.9714389999999999,0.355191,0.3759,,0.080319,,,,,,0.6866666666666669,0.1088640000000001,,,,,,,,,,,,,,,,,,,,,,,,,,,,,,,,,,,,,,,,,,,,,,,,,,,,,,,,,,,,,,,,,,,,,,,,,,,,
2024-05-28 00:00:00+00:00,,,,,,,,,,0.9774999999999999,11.294206420301496,,,,,,,0.8236000000000001,0.971776,0.353584,0.4224,,0.0784,,,,,,0.6716961498439126,0.10319099999999988,,,,,,,,,,,,,,,,,,,,,,,,,,,,,,,,,,,,,,,,,,,,,,,,,,,,,,,,,,,,,,,,,,,,,,,,,,,,
2024-05-29 00:00:00+00:00,,,,,,,,,,0.9271,10.603610719985321,,,,,,,0.8976,0.99,0.353584,0.48160000000000003,,0.080319,,,,,,0.5961199294532629,0.1088640000000001,,,,,,,,,,,,,,,,,,,,,,,,,,,,,,,,,,,,,,,,,,,,,,,,,,,,,,,,,,,,,,,,,,,,,,,,,,,,
2024-05-30 00:00:00+00:00,,,,,,,,,,0.9069750000000001,10.287784841826646,,,,,,,0.8976,0.9879,0.353584,0.49589999999999995,,0.0784,,,,,,0.6906508875739645,0.11075099999999989,,,,,,,,,,,,,,,,,,,,,,,,,,,,,,,,,,,,,,,,,,,,,,,,,,,,,,,,,,,,,,,,,,,,,,,,,,,,
2024-05-31 00:00:00+00:00,,,,,,,,,,0.9324,10.3133848619097,,,,,,,0.8911,0.975975,0.353584,0.5774999999999999,,0.08606399999999999,,,,,,0.569636678200692,0.1126360000000001,,,,,,,,,,,,,,,,,,,,,,,,,,,,,,,,,,,,,,,,,,,,,,,,,,,,,,,,,,,,,,,,,,,,,,,,,,,,
2024-06-01 00:00:00+00:00,,,,,,,,,,0.947559,10.132582624894624,,,,,,,0.9038999999999999,0.9447749999999999,0.335775,0.5239,,0.087975,,,,,,0.591288888888889,0.1351000000000001,,,,,,,,,,,,,,,,,,,,,,,,,,,,,,,,,,,,,,,,,,,,,,,,,,,,,,,,,,,,,,,,,,,,,,,,,,,,
2024-06-02 00:00:00+00:00,,,,,,,,,,0.9428789999999999,10.344447703266814,,,,,,,0.8479000000000001,0.949375,0.361599,0.5239,,0.08606399999999999,,,,,,0.6037493991347541,0.1182789999999999,,,,,,,,,,,,,,,,,,,,,,,,,,,,,,,,,,,,,,,,,,,,,,,,,,,,,,,,,,,,,,,,,,,,,,,,,,,,
2024-06-03 00:00:00+00:00,,,,,,,,,,0.9563190000000001,10.665758062806017,,,,,,,0.8236000000000001,0.949375,0.36479100000000003,0.5239,,0.087975,,,,,,0.7360289283366208,0.11075099999999989,,,,,,,,,,,,,,,,,,,,,,,,,,,,,,,,,,,,,,,,,,,,,,,,,,,,,,,,,,,,,,,,,,,,,,,,,,,,
2024-06-04 00:00:00+00:00,,,,,,,,,,0.9830999999999999,11.96348847409163,,,,,,,0.8151,0.9375,0.3759,0.5239,,0.087975,,,,,,0.5467128027681659,0.1164000000000001,,,,,,,,,,,,,,,,,,,,,,,,,,,,,,,,,,,,,,,,,,,,,,,,,,,,,,,,,,,,,,,,,,,,,,,,,,,,
2024-06-05 00:00:00+00:00,,,,,,,,,,0.9991,12.920904249249638,,,,,,,0.7837749999999999,0.8788959999999999,0.42997499999999994,0.4671,,0.093696,,,,,,0.4620408163265307,0.11075099999999989,,,,,,,,,,,,,,,,,,,,,,,,,,,,,,,,,,,,,,,,,,,,,,,,,,,,,,,,,,,,,,,,,,,,,,,,,,,,
2024-06-06 00:00:00+00:00,,,,,,,,,,0.9676,11.989199999999999,,,,,,,0.7705589999999999,0.8809750000000001,0.4224,0.4671,,0.120156,,,,,,0.4064552448864703,0.1332389999999999,,,,,,,,,,,,,,,,,,,,,,,,,,,,,,,,,,,,,,,,,,,,,,,,,,,,,,,,,,,,,,,,,,,,,,,,,,,,
2024-06-07 00:00:00+00:00,,,,,,,,,,0.9775,13.78672146724515,,,,,,,0.771516,0.8732639999999999,0.5644,0.4524,,0.138816,,,,,,0.05604338842975206,0.22383899999999998,,,,,,,,,,,,,,,,,,,,,,,,,,,,,,,,,,,,,,,,,,,,,,,,,,,,,,,,,,,,,,,,,,,,,,,,,,,,
2024-06-08 00:00:00+00:00,,,,,,,,,,0.9991,12.449873863436114,,,,,,,0.7275159999999999,0.8704,0.351975,0.4071,,0.110751,,,,,,0.045368620037807186,0.15911099999999992,,,,,,,,,,,,,,,,,,,,,,,,,,,,,,,,,,,,,,,,,,,,,,,,,,,,,,,,,,,,,,,,,,,,,,,,,,,,
2024-06-09 00:00:00+00:00,,,,,,,,,,0.9900000000000001,11.352282495171805,,,,,,,0.7489990000000001,0.8775,0.379056,0.3759,,0.127644,,,,,,0.051124260355029594,0.11451899999999988,,,,,,,,,,,,,,,,,,,,,,,,,,,,,,,,,,,,,,,,,,,,,,,,,,,,,,,,,,,,,,,,,,,,,,,,,,,,
2024-06-10 00:00:00+00:00,,,,,,,,,,0.9883360000000001,10.866720382074195,,,,,,,0.7791,0.9099999999999999,0.400924,0.3759,,0.112636,,,,,,0.03415274910865077,0.1351000000000001,,,,,,,,,,,,,,,,,,,,,,,,,,,,,,,,,,,,,,,,,,,,,,,,,,,,,,,,,,,,,,,,,,,,,,,,,,,,
2024-06-11 00:00:00+00:00,,,,,,,,,,0.980679,10.63809997667951,,,,,,,0.8400000000000001,0.9324,0.446464,0.3759,,0.095599,,,,,,0.09270031900919497,0.12390400000000011,,,,,,,,,,,,,,,,,,,,,,,,,,,,,,,,,,,,,,,,,,,,,,,,,,,,,,,,,,,,,,,,,,,,,,,,,,,,
2024-06-12 00:00:00+00:00,,,,,,,,,,0.9710999999999999,10.486339864665595,,,,,,,0.8400000000000001,0.9375,0.40247099999999997,0.3759,,0.099399,,,,,,0.4431660384844277,0.09559899999999988,,,,,,,,,,,,,,,,,,,,,,,,,,,,,,,,,,,,,,,,,,,,,,,,,,,,,,,,,,,,,,,,,,,,,,,,,,,,
2024-06-13 00:00:00+00:00,,,,,,,,,,0.9879,11.693005165985682,,,,,,,0.6974999999999999,0.7696000000000001,0.272391,0.3276,,0.0019990000000000003,,,,,,,,,,,,,,,,,,,,,,,,,,,,,,,,,,,,,,,,,,,,,,,,,,,,,,,,,,,,,,,,,,,,,,,,,,,,,,,,,,,
2024-06-14 00:00:00+00:00,,,,,,,,,,0.9559,12.669756071250136,,,,,,,0.6636,0.75,0.302775,0.31110000000000004,,,,,,,,,,,,,,,,,,,,,,,,,,,,,,,,,,,,,,,,,,,,,,,,,,,,,,,,,,,,,,,,,,,,,,,,,,,,,,,,,,,,,
2024-06-15 00:00:00+00:00,,,,,,,,,,0.9639,12.855577202918834,,,,,,,0.6589439999999999,0.713775,0.292719,0.31110000000000004,,,,,,,,,,,,,,,,,,,,,,,,,,,,,,,,,,,,,,,,,,,,,,,,,,,,,,,,,,,,,,,,,,,,,,,,,,,,,,,,,,,,,
2024-06-16 00:00:00+00:00,,,,,,,,,,0.967959,13.705672071972895,,,,,,,0.654256,0.6682239999999999,0.2775,0.31110000000000004,,,,,,,,,,,,,,,,,,,,,,,,,,,,,,,,,,,,,,,,,,,,,,,,,,,,,,,,,,,,,,,,,,,,,,,,,,,,,,,,,,,,,
2024-06-17 00:00:00+00:00,,,,,,,,,,0.971776,14.035636430153918,,,,,,,0.648351,0.6682239999999999,0.292719,0.2775,,,,,,,,,,,,,,,,,,,,,,,,,,,,,,,,,,,,,,,,,,,,,,,,,,,,,,,,,,,,,,,,,,,,,,,,,,,,,,,,,,,,,
2024-06-18 00:00:00+00:00,,,,,,,,,,0.970759,13.908642470887486,,,,,,,0.648351,0.6682239999999999,0.26897499999999996,0.2775,,,,,,,,,,,,,,,,,,,,,,,,,,,,,,,,,,,,,,,,,,,,,,,,,,,,,,,,,,,,,,,,,,,,,,,,,,,,,,,,,,,,,
2024-06-19 00:00:00+00:00,,,,,,,,,,0.977199,13.964371284865113,,,,,,,0.648351,0.6682239999999999,0.279199,0.2775,,,,,,,,,,,,,,,,,,,,,,,,,,,,,,,,,,,,,,,,,,,,,,,,,,,,,,,,,,,,,,,,,,,,,,,,,,,,,,,,,,,,,
2024-06-20 00:00:00+00:00,,,,,,,,,,0.9744,13.627351426682072,,,,,,,0.6031000000000001,0.7884,0.285975,0.2775,,,,,,,,,,,,,,,,,,,,,,,,,,,,,,,,,,,,,,,,,,,,,,,,,,,,,,,,,,,,,,,,,,,,,,,,,,,,,,,,,,,,,
2024-06-21 00:00:00+00:00,,,,,,,,,,0.9731040000000001,13.755725691716442,,,,,,,0.6031000000000001,0.7509989999999999,0.2775,0.2775,,,,,,,,,,,,,,,,,,,,,,,,,,,,,,,,,,,,,,,,,,,,,,,,,,,,,,,,,,,,,,,,,,,,,,,,,,,,,,,,,,,,,
2024-06-22 00:00:00+00:00,,,,,,,,,,0.9744,13.834852727983115,,,,,,,0.6399999999999999,0.75,0.291036,0.2775,,,,,,,,,,,,,,,,,,,,,,,,,,,,,,,,,,,,,,,,,,,,,,,,,,,,,,,,,,,,,,,,,,,,,,,,,,,,,,,,,,,,,
2024-06-23 00:00:00+00:00,,,,,,,,,,0.9711000000000001,13.815796759874814,,,,,,,0.6399999999999999,0.75,0.291036,0.2775,,,,,,,,,,,,,,,,,,,,,,,,,,,,,,,,,,,,,,,,,,,,,,,,,,,,,,,,,,,,,,,,,,,,,,,,,,,,,,,,,,,,,
2024-06-24 00:00:00+00:00,,,,,,,,,,0.9711000000000001,13.996060732547225,,,,,,,0.6399999999999999,0.75,0.291036,0.2775,,,,,,,,,,,,,,,,,,,,,,,,,,,,,,,,,,,,,,,,,,,,,,,,,,,,,,,,,,,,,,,,,,,,,,,,,,,,,,,,,,,,,
2024-06-25 00:00:00+00:00,,,,,,,,,,0.974079,14.016312276630224,,,,,,,0.6399999999999999,0.75,0.291036,0.2775,,,,,,,,,,,,,,,,,,,,,,,,,,,,,,,,,,,,,0.22559999999999997,,,,,,,,,,,,,,,,,,,,,,,,,,,,,,,,,,,,,,,,,,,,,,,,
2024-06-26 00:00:00+00:00,,,,,,,,,,0.970759,14.188430248243526,,,,,,,0.6278999999999999,0.75,0.291036,0.2775,,,,,,,,,,,,,,,,,,,,,,,,,,,,,,,,,,,,,0.36000000000000004,,,,,,,,,,,,,,,,,,,,,,,,,,,,,,,,,,,,,,,,,,,,,,,,
2024-06-27 00:00:00+00:00,,,,,,,,,,0.9731040000000001,14.188430248243526,,,,,,,0.6278999999999999,0.75,0.312759,0.2775,,,,,,,,,,,,,,,,,,,,,,,,,,,,,,,,,,,,,0.5644,,,,,,,,,,,,,,,,,,,,,,,,,,,,,,,,,,,,,,,,,,,,,,,,
2024-06-28 00:00:00+00:00,,,,,,,,,,0.975975,14.129899487113883,,,,,,,0.6278999999999999,0.75,0.335775,0.2775,,,,,,,,,,,,,,,,,,,,,,,,,,,,,,,,,,,,,0.48160000000000003,,,,,,,,,,,,,,,,,,,,,,,,,,,,,,,,,,,,,,,,,,,,,,,,
2024-06-29 00:00:00+00:00,,,,,,,,,,0.9775,14.631667110661196,,,,,,,0.6399999999999999,0.7599,0.317724,0.2775,,,,,,,,,,,,,,,,,,,,,,,,,,,,,,,,,,,,,0.4524,,,,,,,,,,,,,,,,,,,,,,,,,,,,,,,,,,,,,,,,,,,,,,,,
2024-06-30 00:00:00+00:00,,,,,,,,,,0.9775,14.60753438824493,,,,,,,0.6278999999999999,0.7599,0.285975,0.2775,,,,,,,,,,,,,,,,,,,,,,,,,,,,,,,,,,,,,0.4375,,,,,,,,,,,,,,,,,,,,,,,,,,,,,,,,,,,,,,,,,,,,,,,,
2024-07-01 00:00:00+00:00,,,,,,,,,,0.978684,14.661720692213688,,,,,,,0.616839,0.768639,0.280896,0.2431,,,,,,,,,,,,,,,,,,,,,,,,,,,,,,,,,,,,,0.2431,,,,,,,,,,,,,,,,,,,,,,,,,,,,,,,,,,,,,,,,,,,,,,,,
2024-07-02 00:00:00+00:00,,,,,,,,,,0.977199,14.997175645358663,,,,,,,0.616839,0.761856,0.296079,0.2431,,,,,,,,,,,,,,,,,,,,,,,,,,,,,,,,,,,,,0.2775,,,,,,,,,,,,,,,,,,,,,,,,,,,,,,,,,,,,,,,,,,,,,,,,
2024-07-03 00:00:00+00:00,,,,,,,,,,0.9951,15.897794327832088,,,,,,,0.6155999999999998,0.768639,0.262119,0.2431,,,,,,,,,,,,,,,,,,,,,,,,,,,,,,,,,,,,,0.2775,,,,,,,,,,,,,,,,,,,,,,,,,,,,,,,,,,,,,,,,,,,,,,,,
2024-07-04 00:00:00+00:00,,,,,,,,,,0.9516,15.588342938405507,,,,,,,0.6031000000000001,0.7399,0.280896,0.2431,,,,,,,,,,,,,,,,,,,,,,,,,,,,,,,,,,,,,0.2604,,,,,,,,,,,,,,,,,,,,,,,,,,,,,,,,,,,,,,,,,,,,,,,,
2024-07-05 00:00:00+00:00,,,,,,,,,,0.96,15.66448220948314,,,,,,,0.6031000000000001,0.7667109999999999,0.317724,0.2431,,,,,,,,,,,,,,,,,,,,,,,,,,,,,,,,,,,,,0.2775,,,,,,,,,,,,,,,,,,,,,,,,,,,,,,,,,,,,,,,,,,,,,,,,
2024-07-06 00:00:00+00:00,,,,,,,,,,0.9045190000000001,19.638910016054272,,,,,,,0.5511000000000001,0.6974999999999999,0.28428400000000004,0.2431,,,,,,,,,,,,,,,,,,,,,,,,,,,,,,,,,,,,,0.34390000000000004,,,,,,,,,,,,,,,,,,,,,,,,,,,,,,,,,,,,,,,,,,,,,,,,
2024-07-07 00:00:00+00:00,,,,,,,,,,0.8976,18.410244590347148,,,,,,,0.5239,0.6518999999999999,0.2775,0.2431,,,,,,,,,,,,,,,,,,,,,,,,,,,,,,,,,,,,,0.36000000000000004,,,,,,,,,,,,,,,,,,,,,,,,,,,,,,,,,,,,,,,,,,,,,,,,
2024-07-08 00:00:00+00:00,,,,,,,,,,0.894375,18.296181622734633,,,,,,,0.51,0.6518999999999999,0.26897499999999996,0.2431,,,,,,,,,,,,,,,,,,,,,,,,,,,,,,,,,,,,,0.009974999999999788,,,,,,,,,,,,,,,,,,,,,,,,,,,,,,,,,,,,,,,,,,,,,,,,
2024-07-09 00:00:00+00:00,,,,,,,,,,0.887104,18.420824641200134,,,,,,,0.4743749999999999,0.629119,0.25004400000000004,0.2431,,,,,,,,,,,,,,,,,,,,,,,,,,,,,,,,,,,,,,,,,,,,,,,,,,,,,,,,,,,,,,,,,,,,,,,,,,,,,,,,,,,,,
2024-07-10 00:00:00+00:00,,,,,,,,,,0.8816639999999999,18.127456432407666,,,,,,,0.48160000000000003,0.6193110000000001,0.246576,0.2079,,,,,,,,,,,,,,,,,,,,,,,,,,,,,,,,,,,,,,,,,,,,,,,,,,,,,,,,,,,,,,,,,,,,,,,,,,,,,,,,,,,,,
2024-07-11 00:00:00+00:00,,,,,,,,,,0.8630999999999999,18.1978799372915,,,,,,,0.4944789999999999,0.5955040000000001,0.272391,0.2079,,,,,,,,,,,,,,,,,,,,,,,,,,,,,,,,,,,,,,,,,,,,,,,,,,,,,,,,,,,,,,,,,,,,,,,,,,,,,,,,,,,,,
2024-07-12 00:00:00+00:00,,,,,,,,,,0.6031000000000001,25.516264708385798,,,,,,,0.18097499999999994,0.34389999999999993,0.317724,0.2079,,,,,,,,,,,,,,,,,,,,,,,,,,,,,,,,,,,,,,,,,,,,,,,,,,,,,,,,,,,,,,,,,,,,,,,,,,,,,,,,,,,,,
2024-07-13 00:00:00+00:00,,,,,,,,,,0.6459750000000001,24.469986603193814,,,,,,,0.27919900000000003,0.4224,0.2775,0.2079,,,,,,,,,,,,,,,,,,,,,,,,,,,,,,,,,,,,,,,,,,,,,,,,,,,,,,,,,,,,,,,,,,,,,,,,,,,,,,,,,,,,,
2024-07-14 00:00:00+00:00,,,,,,,,,,0.6705239999999999,26.387790824400128,,,,,,,0.39471599999999996,0.502975,0.26897499999999996,0.2079,,,,,,,,,,,,,,,,,,,,,,,,,,,,,,,,,,,,,,,,,,,,,,,,,,,,,,,,,,,,,,,,,,,,,,,,,,,,,,,,,,,,,
2024-07-15 00:00:00+00:00,,,,,,,,,,0.6863999999999999,24.306362679466954,,,,,,,0.42997500000000016,0.583975,0.248311,0.2079,,,,,,,,,,,,,,,,,,,,,,,,,,,,,,,,,,,,,,,,,,,,,,,,,,,,,,,,,,,,,,,,,,,,,,,,,,,,,,,,,,,,,
2024-07-16 00:00:00+00:00,,,,,,,,,,0.629119,26.295694828033447,,,,,,,0.40709999999999996,0.51,0.285975,0.2079,,,,,,,,,,,,,,,,,,,,,,,,,,,,,,,,,,,,,,,,,,,,,,,,,,,,,,,,,,,,,,,,,,,,,,,,,,,,,,,,,,,,,
2024-07-17 00:00:00+00:00,,,,,,,,,,0.428464,28.73211302813451,,,,,,,0.3275999999999999,0.3743190000000001,0.2431,0.1719,,,,,,,,,,,,,,,,,,,,,,,,,,,,,,,,,,,,,,,,,,,,,,,,,,,,,,,,,,,,,,,,,,,,,,,,,,,,,,,,,,,,,
2024-07-18 00:00:00+00:00,,,,,,,,,,0.553776,29.657157140679768,,,,,,,0.31607100000000005,0.38220399999999993,0.177351,0.1719,,,,,,,,,,,,,,,,,,,,,,,,,,,,,,,,,,,,,,,,,,,,,,,,,,,,,,,,,,,,,,,,,,,,,,,,,,,,,,,,,,,,,
2024-07-19 00:00:00+00:00,,,,,,,,,,0.516975,30.27987462390312,,,,,,,0.3094390000000001,0.38847599999999993,0.19,0.1719,,,,,,,,,,,,,,,,,,,,,,,,,,,,,,,,,,,,,,,,,,,,,,,,,,,,,,,,,,,,,,,,,,,,,,,,,,,,,,,,,,,,,
2024-07-20 00:00:00+00:00,,,,,,,,,,0.576199,26.22074990330109,,,,,,,0.3374039999999999,0.428464,0.19897499999999999,0.1719,,,,,,,,,,,,,,,,,,,,,,,,,,,,,,,,,,,,,,,,,,,,,,,,,,,,,,,,,,,,,,,,,,,,,,,,,,,,,,,,,,,,,
2024-07-21 00:00:00+00:00,,,,,,,,,,0.549759,26.18576716504573,,,,,,,0.3275999999999999,0.45091899999999985,0.179164,0.1719,,,,,,,,,,,,,,,,,,,,,,,,,,,,,,,,,,,,,,,,,,,,,,,,,,,,,,,,,,,,,,,,,,,,,,,,,,,,,,,,,,,,,
2024-07-22 00:00:00+00:00,,,,,,,,,,0.5484160000000001,25.698418778207277,,,,,,,0.3406559999999999,0.46124400000000004,0.206119,0.1719,,,,,,,,,,,,,,,,,,,,,,,,,,,,,,,,,,,,,,,,,,,,,,,,,,,,,,,,,,,,,,,,,,,,,,,,,,,,,,,,,,,,,
2024-07-23 00:00:00+00:00,,,,,,,,,,0.5696640000000001,25.605462510772767,,,,,,,0.3406559999999999,0.4597749999999999,0.19897499999999999,0.1719,,,,,,,,,,,,,,,,,,,,,,,,,,,,,,,,,,,,,,,,,,,,,,,,,,,,,,,,,,,,,,,,,,,,,,,,,,,,,,,,,,,,,
2024-07-24 00:00:00+00:00,,,,,,,,,,0.5591040000000002,25.9017070631848,,,,,,,0.3503639999999999,0.46124400000000004,0.184591,0.2079,,,,,,,,,,,,,,,,,,,,,,,,,,,,,,,,,,,,,,,,,,,,,,,,,,,,,,,,,,,,,,,,,,,,,,,,,,,,,,,,,,,,,
2024-07-25 00:00:00+00:00,,,,,,,,,,0.5484160000000001,28.60505870931952,,,,,,,0.3487510000000001,0.4627109999999999,0.297756,0.2079,,,,,,,,,,,,,,,,,,,,,,,,,,,,,,,,,,,,,,,,,,,,,,,,,,,,,,,,,,,,,,,,,,,,,,,,,,,,,,,,,,,,,
2024-07-26 00:00:00+00:00,,,,,,0.4375,0.019485627701370856,,,0.5321440000000001,32.17303625969144,,,,,,,0.3077759999999999,0.45535600000000004,0.23612400000000003,0.2079,,,,,,,,,,,,,,,,,,,,,,,,,,,,,,,,,,,,,,,,,,,,,,,,,,,,,,,,,,,,,,,,,,,,,,,,,,,,,,,,,,,,,
2024-07-27 00:00:00+00:00,,,,,,0.4671,0.01588321901015569,,,0.5403160000000001,30.91366108288576,,,,,,,0.31607100000000005,0.4597749999999999,0.19897499999999999,0.2431,,,,,,,,,,,,,,,,,,,,,,,,,,,,,,,,,,,,,,,,,,,,,,,,,,,,,,,,,,,,,,,,,,,,,,,,,,,,,,,,,,,,,
2024-07-28 00:00:00+00:00,,,,,,0.5239,0.03726771841077196,,,0.5280309999999999,31.023540234784313,,,,,,,0.3061110000000001,0.428464,0.206119,0.2431,,,,,,,,,,,,,,,,,,,,,,,,,,,,,,,,,,,,,,,,,,,,,,,,,,,,,,,,,,,,,,,,,,,,,,,,,,,,,,,,,,,,,
2024-07-29 00:00:00+00:00,,,,,,0.49589999999999995,0.03776392450836187,,,0.4568309999999999,31.945050044364258,,,,,,,0.29607900000000004,0.425436,0.19179900000000003,0.2431,,,,,,,,,,,,,,,,,,,,,,,,,,,,,,,,,,,,,,,,,,,,,,,,,,,,,,,,,,,,,,,,,,,,,,,,,,,,,,,,,,,,,
2024-07-30 00:00:00+00:00,,,,,,0.48160000000000003,0.0333002192100229,,,0.4685589999999999,30.668108719776864,,,,,,,0.24135900000000002,0.29103599999999985,0.2079,0.2431,,,,,,,,,,,,,,,,,,,,,,,,,,,,,,,,,,,,,,,,,,,,,,,,,,,,,,,,,,,,,,,,,,,,,,,,,,,,,,,,,,,,,
2024-07-31 00:00:00+00:00,,,,,,0.4671,0.042758269636538296,,,0.504384,32.90505086362275,,,,,,,0.20076400000000016,0.28428399999999987,0.168256,0.2431,,,,,,,,,,,,,,,,,,,,,,,,,,,,,,,,,,,,,,,,,,,,,,,,,,,,,,,,,,,,,,,,,,,,,,,,,,,,,,,,,,,,,
2024-08-01 00:00:00+00:00,,,,,,0.49589999999999995,0.02289774216088742,,,0.47147099999999986,31.594373932183345,,,,,,,0.19359600000000016,0.28089599999999987,0.003996,0.2431,,,,,,,,,,,,,,,,,,,,,,,,,,,,,,,,,,,,,,,,,,,,,,,,,,,,,,,,,,,,,,,,,,,,,,,,,,,,,,,,,,,,,
2024-08-02 00:00:00+00:00,,,,,,0.2604,0.0735685889705579,,,0.40247100000000013,42.63097030586397,,,,,,,0.18278400000000014,0.25867900000000005,,0.2431,,,,,,,,,,,,,,,,,,,,,,,,,,,,,,,,,,,,,,,,,,,,,,,,,,,,,,,,,,,,,,,,,,,,,,,,,,,,,,,,,,,,,
2024-08-03 00:00:00+00:00,1.5717062335138139,0.6751,,,,0.101296,0.6020488748089807,,,0.20255099999999998,81.04579997585171,,,,,,,0.1332389999999999,0.16094400000000014,,0.1719,,,,,,0.6975,,,,,,,,,,,,,,,,,,,,,,,,,,,,,,,,,,,,,0.04703149949194367,3.429687500000001,,,,,,,,,,,,,,,,,,,,,,,,,,,,,,,,,,,,,,,,,
2024-08-04 00:00:00+00:00,1.3324929314374954,0.6751,,,,0.15543900000000002,0.4409580008473978,,,0.237871,68.70734669931639,,,,,,,0.1388160000000001,0.16643099999999994,,0.2079,,,,,,0.6975,,,,,,,,,,,,,,,,,,,,,,,,,,,,,,,,,,,,,0.2879238548483045,3.7401795918367347,,,,,,,,,,,,,,,,,,,,,,,,,,,,,,,,,,,,,,,,,
2024-08-05 00:00:00+00:00,1.3974938224377333,0.6400000000000001,,,,0.177351,0.5945377720709734,,,0.216775,73.43749549814683,,,,,,,0.13695899999999991,0.18459099999999995,,0.19,,,,,,0.7399,,,,,,,,,,,,,,,,,,,,,,,,,,,,,,,,,,,,,0.20013850415512466,3.7564569481105297,,,,,,,,,,,,,,,,,,,,,,,,,,,,,,,,,,,,,,,,,
2024-08-06 00:00:00+00:00,1.315817485268052,0.5644,,,,0.186396,0.7506232497780208,,,0.18278400000000014,82.41923240503966,,,,,,,0.10697499999999988,0.17371899999999996,,0.2079,,,,,0.7191,0.7884,,,,,,,,0.34390000000000004,,0.36414982164090365,,,0.4375,,,,,,,,,,,,,,,,,,,,,,,,0.035792549306062814,3.405744016649324,,,,,,,,,,,,,,,,,,,,,,,,,,,,,,,,,,,,,,,,,
2024-08-07 00:00:00+00:00,1.1179501680962707,0.4524,,,,0.17371899999999998,0.5701361361193227,,,0.17916400000000016,74.4813444388871,,1.0801742192041845,0.5644,,,,0.10319099999999988,0.1295109999999999,,0.1719,,,,,0.5511,0.5239,,,,,,,,0.2079,,0.13082842915346313,,,0.4224,,,,,,,,,,,,,,,,,,,,,,,,0.05325443786982248,2.514661112001283,,,,,,,,,,,,,,,,,,,,,,,,,,,,,,,,,,,,,,,,,
2024-08-08 00:00:00+00:00,1.0756320060349367,0.51,,,,0.159111,0.6250624589086128,,,0.20255099999999998,71.36028534572812,,0.899869082561678,0.5511,,,,0.09179099999999987,0.13695899999999991,,0.1536,,,,,0.4671,0.5644,,,,,,,,0.1719,,0.21851475788662866,,,0.4224,,,,,,,,,,,,,,,,,,,,,,,,0.03884064148329692,2.681789055491478,,,,,,,,,,,,,,,,,,,,,,,,,,,,,,,,,,,,,,,,,
2024-08-09 00:00:00+00:00,1.0336803665061831,0.5376,,,,0.193596,0.48010089313949955,,,0.18819899999999995,68.4067275,,0.9119172720692705,0.5774999999999999,,,,0.09939899999999988,0.12764400000000012,,0.1719,,,,,0.5511,0.5511,,,,,,,,0.1719,,0.23932508669323535,,,0.4524,,,,,,,,,,,,,,,,,,,,,,,,0.010557488151360997,2.6483641975308654,,,,,,,,,,,,,,,,,,,,,,,,,,,,,,,,,,,,,,,,,
2024-08-10 00:00:00+00:00,0.8337746530314099,0.51,,,,0.19718399999999997,0.22338203462617523,,,0.17735099999999995,66.92385367889766,,0.5208717626989875,0.5774999999999999,,,,0.09559899999999988,0.11075099999999989,,0.1719,,,,,0.49589999999999995,0.51,,,,,,,,0.1719,,0.155188246097337,,,0.4524,,,,,,,,,,,,,,,,,,,,,,,,0.026500811249323963,2.693920285544318,,,,,,,,,,,,,,,,,,,,,,,,,,,,,,,,,,,,,,,,,
2024-08-11 00:00:00+00:00,0.8111769223794466,0.51,,,,0.204336,0.2617360325465371,,,0.15175899999999992,65.93911516933986,,0.5471621621150153,0.5774999999999999,,,,0.09750000000000009,0.1050840000000001,,0.1351,,,,,0.4671,0.51,,,,,,,,0.1719,,0.10932622268470346,,,0.4375,,,,,,,,,,,,,,,,,,,,,,,,0.038182058396089305,2.324921903525498,,,,,,,,,,,,,,,,,,,,,,,,,,,,,,,,,,,,,,,,,
2024-08-12 00:00:00+00:00,0.817494572174295,0.5511,,,,0.253504,0.20581076859366032,,,0.19897499999999996,63.132344333247616,,0.4678584079565815,0.5644,,,,0.08988400000000007,0.10697499999999988,,0.127644,,,,,0.4671,0.49589999999999995,,,,,,,,0.1719,,0.1748760330578512,,,0.3916,,,,,,,,,,,,,,,,,,,,,,,,0.04000000000000001,2.9640788594341725,,,,,,,,,,,,,,,,,,,,,,,,,,,,,,,,,,,,,,,,,
2024-08-13 00:00:00+00:00,0.8287430652916407,0.6400000000000001,,,,0.206119,0.23775253662252577,,,0.20433600000000018,59.115847395282955,,0.46460736755472737,0.5644,,,,0.07455600000000007,0.08988400000000007,,0.125775,,,,,0.4524,0.49589999999999995,,,,,,,,0.1719,,0.18062499999999998,,,0.3916,,,,,,,,,,,,,,,,,,,,,,,,0.09095490047871,3.254918981481483,,,,,,,,,,,,,,,,,,,,,,,,,,,,,,,,,,,,,,,,,
2024-08-14 00:00:00+00:00,0.7866845365170068,0.6156,,,,0.200764,0.23401891075677117,,,0.22911600000000018,59.02598562602226,,0.4438529020001746,0.5511,,,,0.1012960000000001,0.09939899999999988,,0.118279,,,,,0.4524,0.48160000000000003,,,,,,,,0.1719,,0.21725079000287276,,,0.36000000000000004,,,,,,,,,,,,,,,,,,,,,,,,0.04848076761215385,3.147439972614798,,,,,,,,,,,,,,,,,,,,,,,,,,,,,,,,,,,,,,,,,
2024-08-15 00:00:00+00:00,0.5364529719338192,0.6031,,,,0.19539099999999998,0.10577126194654975,,,0.19539099999999995,55.83300795316745,,0.4438529020001746,0.5376,,,,0.06877499999999985,0.08415099999999986,,0.118279,,,,,0.4375,0.49589999999999995,,,,,,,,0.093696,,0.24300733981352907,,,0.36000000000000004,,,,,,,,,,,,,,,,,,,,,,,0.8400000000000001,0.05085590049864829,3.0698811677832656,,,,,,,,,,,,,,,,,,,,,,,,,,,,,,,,,,,,,,,,,
2024-08-16 00:00:00+00:00,0.5295077293722736,0.6519,,,,0.24135900000000002,0.0366427681894617,,,0.234375,48.99386935953845,,0.5364270267820197,0.5644,,,,0.06491099999999984,0.06684400000000006,,0.12951100000000001,,,,,0.36000000000000004,0.48160000000000003,,,,,,,,0.093696,,0.13223140495867766,,,0.31110000000000004,,,,,,,,,,,,,,,,,,,0.8479000000000001,,,,0.8775,0.050061508308834254,3.0787983929875824,,,,,,,,,,,,,,,,,,,,,,,,,,,,,,,,,,,,,,,,,
2024-08-17 00:00:00+00:00,0.49096459637483736,0.6751,,,,0.222076,0.04771246733987712,,,0.22031099999999998,49.09705692600488,,0.5128391016092544,0.5644,,,,0.06297600000000006,0.05910000000000005,,0.131376,,,,,0.3759,0.48160000000000003,,,,,,,,0.0975,,0.1466727025803531,,,0.34390000000000004,,,,0.27749999999999986,,,0.7884,,,,,,,,,,,,,,,,0.8630999999999999,0.05234567574890464,2.9639952390398747,,,,,,,,,,,,,,,,,,,,,,,,,,,,,,,,,,,,,,,,,
2024-08-18 00:00:00+00:00,0.42046179044101495,0.6975,,,,0.213231,0.04405966485741647,,,0.237871,48.17338009707019,,0.5095639582755352,0.5644,,,,0.06877499999999985,0.08223600000000007,,0.131376,,,,,0.31110000000000004,0.4671,,,,,,,,0.0975,,0.13657844990548207,,,0.31110000000000004,,,,0.27749999999999986,,,0.5239,,,,,,,,,,,,,,,,0.8630999999999999,0.048185603807257574,3.028645833333334,,,,,,,,,,,,,,,,,,,,,,,,,,,,,,,,,,,,,,,,,
2024-08-19 00:00:00+00:00,0.41892132431470275,0.6751,,,,0.2431,0.048439668566532486,,,0.2500439999999998,46.4185888638369,,0.5030487804878048,0.5774999999999999,,,,0.09750000000000009,0.09939899999999988,,0.12951100000000001,,,,,0.31110000000000004,0.4671,,,,,,,,0.0975,,0.19753086419753088,,,0.31110000000000004,,,,0.14437499999999992,,,0.48160000000000003,,,,,,,,,,,,,,,,0.9158999999999999,0.05325443786982248,2.987015457788347,,,,,,,,,,,,,,,,,,,,,,,,,,,,,,,,,,,,,,,,,
2024-08-20 00:00:00+00:00,0.40342236371529583,0.6751,,,,0.227359,0.05071838060821078,,,0.216775,46.41373091563511,,0.5008620851733515,0.5774999999999999,,,,0.1050840000000001,0.1050840000000001,,0.131376,,,,,0.3276,0.4524,,,,,,,,0.0975,,0.17899408284023668,,,0.31110000000000004,,,,0.1257749999999999,,0.7296,0.5239,,,,,,,,,,,,,,,,0.9271,0.05325443786982248,2.997866666666667,,,,,,,,,,,,,,,,,,,,,,,,,,,,,,,,,,,,,,,,,
2024-08-21 00:00:00+00:00,0.428085501672576,0.6636,,,,0.227359,0.06190460642805298,,,0.2500439999999998,48.67946836784786,,0.4963811019724026,0.5774999999999999,,,,0.09369600000000008,0.16277499999999995,,0.14252399999999998,,,,,0.3276,0.4524,,,,,,,,0.101296,,0.12755102040816327,,,0.31110000000000004,,,,0.1182789999999999,,,0.4671,,,,,,,,,,,,,,,,0.9216,0.048185603807257574,2.997866666666667,,,,,,,,,,,,,,,,,,,,,,,,,,,,,,,,,,,,,,,,,
2024-08-22 00:00:00+00:00,0.4276800259619065,0.5904,,,,0.19179900000000003,0.11454662812279459,,,0.2361239999999998,59.215347708409524,,0.48664321521341125,0.5774999999999999,,,,0.16643099999999994,0.18278400000000014,,0.144375,,,,,0.34390000000000004,0.48160000000000003,,,,,,,,0.105084,,0.20841209829867677,,,0.31110000000000004,,,,0.12015600000000011,,,0.49589999999999995,,,,,,,,,0.99,,,,,,,0.9038999999999999,0.05062499999999999,2.9582913030130253,,,,,,,,,,,,,,,,,,,0.4224,,,,,,,,,,,,,,,,,,,,,,
2024-08-23 00:00:00+00:00,0.43808775089810825,0.4375,,,,0.21677500000000002,0.06814455967138831,,,0.20611899999999997,57.98521911243312,,0.5578566732412886,0.5644,,,,0.1220309999999999,0.17007899999999995,,0.14252399999999998,,,,,0.34390000000000004,0.49589999999999995,,,,,,,,0.112636,,0.17361111111111108,,,0.31110000000000004,,,,0.1050840000000001,,,0.5644,,,,,,,,,0.9676,,,,,,,0.9158999999999999,0.04735146250919111,2.8042784762619637,,,,,,,,,,,,,,,,,,,0.9471,,,,,,,,,,,,,,,,,,,,,,
2024-08-24 00:00:00+00:00,0.34712006831104814,0.2431,,,,0.127644,0.10948909933188392,,,0.1088640000000001,60.956448113000725,,0.6717033000265087,0.49589999999999995,,,,0.08606400000000007,0.08223600000000007,,0.14252399999999998,,,,,0.34390000000000004,0.4671,,,,,,,,0.11639999999999999,,0.20661157024793392,,,0.2775,,,,0.10319099999999988,,,,,,,,,,,,0.9919,,,,,,,0.9158999999999999,0.04116782188615836,2.784133333333333,,,,,,,,,,,,,,,,,,,,,,,,,,,,,,,,,,,,,,,,,
2024-08-25 00:00:00+00:00,0.42132234059421503,0.49589999999999995,,,,0.179164,0.09495663435771316,,,0.1257749999999999,62.80634750243703,,0.7803871052979255,0.4524,,,,0.07455600000000007,0.09559899999999988,,0.1536,,,,,0.34390000000000004,0.4071,,,,,,,,0.099399,,0.5289256198347108,,,0.2775,,,,0.1050840000000001,,,,,,,,,,,,0.9974999999999999,,,,,,,0.9158999999999999,0.04591836734693876,2.7845592540876525,,,,,,,,,,,,,,,,,,,,,,,,,,,,,,,,,,,,,,,,,
2024-08-26 00:00:00+00:00,0.4157261224453856,0.4375,,,,0.1536,0.10216899983133751,,,0.1220309999999999,63.213586833826184,,0.7962893823104288,0.4671,,,,0.06491099999999984,0.08415099999999986,,0.148071,,,,,0.34390000000000004,0.4071,,,,,,,,0.099399,,0.16000000000000003,,,0.31110000000000004,,,,0.1257749999999999,,,,,,,,,,,,0.9951,,,,,,,0.9158999999999999,0.04915005339978639,2.7389104402091418,,,,,,,,,,,,,,,,,,,,,,,,,,,,,,,,,,,,,,,,,
2024-08-27 00:00:00+00:00,0.4254380427776928,0.4071,,,,0.146224,0.10948909933188392,,,0.14807099999999992,65.24593037199655,,0.7792256169177234,0.4671,,,,0.07263099999999985,0.08988400000000007,,0.151759,,,,,0.3276,0.3759,,,,,,,,0.101296,,0.1357340720221607,,,0.2775,,,,0.15543899999999994,,,,,,,,,,,,0.9804,,,,,,,0.9158999999999999,0.06937579719387756,2.6283984374999996,,,,,,,,,,,,,,,,,,,,,,,,,,,,,,,,,,,,,,,,,
2024-08-28 00:00:00+00:00,0.43301206146005966,0.4224,,,,0.13323900000000002,0.12957884232855982,,,0.14622400000000013,64.88441820633639,,0.7758419053424619,0.4375,,,,0.07455600000000007,0.07840000000000007,,0.151759,,,,,0.31110000000000004,0.2775,,,,,,,,0.112636,,0.11111111111111113,,,0.2775,,,,0.14437499999999992,,,,,,,,,,,,0.9964,,,,,,,0.9038999999999999,0.07136350172414757,2.65921875,,,,,,,,,,,,,,,,,,,,,,,,,,,,,,,,,,,,,,,,,
2024-08-29 00:00:00+00:00,0.4978966206293286,0.4375,,,,0.122031,0.12957884232855982,,,0.1388160000000001,64.42579797739442,,0.8970943891921521,0.4071,,,,0.07070400000000006,0.07647899999999985,,0.151759,,,,,0.31110000000000004,0.31110000000000004,,,,,,,,0.125775,,0.11111111111111113,,,0.2775,,,,0.06877499999999985,,,,,,0.9831,,,,,,0.9639,,,,,,,0.9158999999999999,0.09315370453607866,2.779744199881022,,,,,,,,,,,,,,,,,,,,,,,,,,,,,,,,,,,,,,,,,
2024-08-30 00:00:00+00:00,0.47863058160215133,0.4375,,,,0.16460399999999997,0.11177601619160063,,,0.19179899999999997,64.56531939052849,,0.8797187675066549,0.4375,,,,0.07263099999999985,0.08606400000000007,,0.151759,,,,,0.31110000000000004,0.31110000000000004,,,,,,,,0.125775,,0.12755102040816332,,,0.2604,,,,0.08031899999999986,,,,,,0.015936000000000013,,,,,,0.9710999999999999,,,,,,,0.9879,0.09315370453607866,2.750573977191463,,,,,,,,,,,,,,,,,,,,,,,,,,,,,,,,,,,,,,,,,
2024-08-31 00:00:00+00:00,0.47863058160215133,0.4071,,,,0.140671,0.10581629042058105,,,0.14991600000000013,64.41916292540508,,0.8655361777777217,0.4375,,,,0.04155899999999982,0.05327099999999983,,0.151759,,,,,0.31110000000000004,0.34390000000000004,,,,,,,,0.122031,,0.25,,,0.2431,,,,0.07840000000000007,,,,,,,,,,,,0.9158999999999999,,,,,,,0.9879,0.08951547867277919,2.712585280882565,,,,,,,,,,,,,,,,,,,,,,,,,,,,,,,,,,,,,,,,,
2024-09-01 00:00:00+00:00,0.4849719863444526,0.4071,,,,0.193596,0.10285756713169968,,,0.16643099999999994,63.9264354472876,,0.8467340801091132,0.4375,,,,0.04155899999999982,0.04351600000000004,,0.1536,,,,,0.31110000000000004,0.34390000000000004,,,,,,,,0.125775,,0.0625,,,0.2775,,,,0.1088640000000001,,,,,,,,,,,,0.9324,,,,,,,0.9804,0.0917781339620065,2.7109971673419624,,,,,,,,,,,,,,,,,,,,,,,,,,,,,,,,,,,,,,,,,
2024-09-02 00:00:00+00:00,0.4913189622522409,0.4071,,,,0.168256,0.09226569790820756,,,0.14807099999999992,64.26373486315822,,0.857563114506549,0.4375,,,,0.04155899999999982,0.045470999999999824,,0.148071,,,,,0.31110000000000004,0.34390000000000004,,,,,,,,0.082236,,,,,0.2431,,,,0.07455600000000007,,,,,,,,,,,,0.9424,,,,,,,0.9775,0.11534353862584548,2.8751859012492558,,,,,,,,,,,,,,,,,,,,,,,,,,,,,,,,,,,,,,,,,
2024-09-03 00:00:00+00:00,0.4913189622522409,0.4071,,,,0.149916,0.0907318498196413,,,0.1406709999999999,64.40762571936814,,0.7944174211236081,0.4224,,,,0.035676000000000034,0.04742400000000004,,0.148071,,,,,0.31110000000000004,0.34390000000000004,,,,,,,,0.051323999999999995,,,,,0.19,,,,0.05910000000000005,,,,,,,,,,,,0.9424,,,,,,,0.9271,0.08704810858346569,2.7832051095950074,,,,,,,,,,,,,,,,,,,,,,,,,,,,,,,,,,,,,,,,,
2024-09-04 00:00:00+00:00,0.5407539417341154,0.3759,,,0.4224,0.122031,0.10872713296526934,,,0.12015600000000011,66.12858301693238,,0.7980657916926278,0.4224,,,,0.03371099999999981,0.04155899999999982,,0.149916,,,,,0.31110000000000004,0.34390000000000004,,,,,,,,0.061039,,,,,0.1719,,,,0.08606400000000007,,,,,,,,,,,,0.9516,,,,,,,0.9744,0.08983201123586688,2.8189714285714285,,,,,0.26039999999999985,,,,,,,,,,,,,,,,,,,,,,,,,,,,,,,,,,,,
2024-09-05 00:00:00+00:00,0.6343093548014773,0.3759,,,0.5904,0.095599,0.27888115568480465,,,0.10319099999999988,79.21074213778384,,0.8502454177307766,0.4071,,,,0.03371099999999981,0.045470999999999824,,0.151759,,,,,0.31110000000000004,0.34390000000000004,,,,,,,,0.0784,,,,,0.144375,,,,0.08606400000000007,,,,,,,,,,,,0.9804,,,,,,,0.9711000000000001,0.05325443786982248,2.556734693877551,,,,,0.4375,,,,,,,,,,,,,,,,,,,,,,,,,,0.9879,,,,,,,,,,
2024-09-06 00:00:00+00:00,0.6283254425610609,0.3759,,,0.7696000000000001,0.157276,0.22591145643638344,,,0.16094400000000014,72.83768711446025,,0.7473412108563678,0.4071,,,,0.03763899999999982,0.05327099999999983,,0.151759,,,,,0.31110000000000004,0.3276,,,,,,,,0.08988399999999999,,,,,0.149916,,,,0.08223600000000007,,,,,,,,,,,,0.9710999999999999,,,,,,,0.9855999999999999,0.030596128919822677,2.2544607232915186,,,,,0.4671,,,,,,,,,,,,,,,,,,,,,,,,,,0.9855999999999999,,,,,,,,,,
2024-09-07 00:00:00+00:00,0.8728637553033876,0.2944,,,0.5904,0.093696,0.12745814400836455,,,0.09179099999999987,79.28177649352172,,0.879403919678273,0.34390000000000004,,,,0.035676000000000034,0.045470999999999824,,0.1536,,,,,0.31110000000000004,0.31110000000000004,,,,,,,,0.062976,,,,,0.218544,,,,0.1050840000000001,,,,,,,,,,,,0.9424,,,,,,,0.9676,,,0.24065503737985047,1.0150462962962963,,,0.6278999999999999,,,,,,,,,,,,,,,,,,,,,,,,,,,,,,,,,,,,
2024-09-08 00:00:00+00:00,0.9591808000000002,0.2431,,,0.5904,0.06491100000000001,0.1445041297829331,,,0.07263099999999985,82.62883210278005,,1.0440744319791737,0.34390000000000004,,,,0.035676000000000034,0.04742400000000004,,0.151759,,,,,0.31110000000000004,0.31110000000000004,,,,,,,,0.031744,,,,,0.23612400000000003,,,,0.05521600000000005,,,,,,,,,,,,0.9710999999999999,,,,,,,0.96,,,0.12755102040816324,0.7131669302881835,,,0.5376000000000001,,,,,,,,,,,,,,,,,,,,,,,,,,,,,,,,,,,,
2024-09-09 00:00:00+00:00,0.996409514714591,0.2775,,,0.5774999999999999,0.095599,0.13741752941100302,,,0.09939899999999988,79.02814385235119,,1.0422464758993746,0.3759,,,,0.02977499999999981,0.04155899999999982,,0.151759,,,,,0.31110000000000004,0.31110000000000004,,,,,,,,0.047424,,,,,0.244839,,,,0.08606400000000007,,,,,,,,,,,,0.9774999999999999,,,,,,,0.9559,,,0.10633270321361059,0.6574898144851866,,,0.5376000000000001,,,,,,,,,,,,,,,,,,,,,,,,,,,,,,,,,,,,
2024-09-10 00:00:00+00:00,1.02779877383052,0.2431,,,0.6864,0.101296,0.1076510236585535,,,0.1050840000000001,77.66288864846723,,1.054029835949307,0.3759,,,,0.04155899999999982,0.05327099999999983,,0.159111,,,,,0.2604,0.31110000000000004,,,,,,,,0.043516,,,,,0.220311,,,,0.07070400000000006,,,,,,,,,,,,0.9856000000000001,,,,,,,0.9804,,,0.07562500000000001,0.6412561243779176,,,0.5376000000000001,,,,,,,,,,,,,,,,,,,,,,,,,,,,,,,,,,,,
2024-09-11 00:00:00+00:00,0.9482502633296852,0.2079,,,0.6975,0.114519,0.11690590421433612,,,0.1182789999999999,79.41999020660919,,1.0538370602517717,0.36000000000000004,,,,0.027804000000000023,0.06684400000000006,,0.1536,,,,,0.2775,0.31110000000000004,,,,,,,,0.043516,,,,,0.22559999999999997,,,,0.035676000000000034,,,,,,,,,,,,0.9804,,,,,,,0.9424,,,0.05975308641975308,0.6260156250000001,,,0.35999999999999993,,,,,,,,,,,,,,,,,,,,,,,,,,,,,,,,,,,,
2024-09-12 00:00:00+00:00,0.9036881331056696,0.2079,,,0.84,0.0784,0.012648389870939232,,,0.06684400000000006,72.53670488360437,,1.0708476554409088,0.36000000000000004,,,,0.017918999999999796,0.015936000000000013,,0.1536,,,,,0.2431,0.2775,,,,,,,,0.025831,,,,,0.209679,,,,,,,,,,,,,,,,,,,,,,,,,,0.05975308641975308,0.6260156250000001,,,,,,,,,,,,,,,,,,,,,,,,,,,,,,,,,,,,,,,
2024-09-13 00:00:00+00:00,0.8474084450978201,0.2079,,,0.6975,0.074556,0.14597265825594335,,,0.07263099999999985,77.82608666712149,,0.9806790123456789,0.3759,,,,0.017918999999999796,0.015936000000000013,,0.15543900000000002,,,,,0.2431,0.2775,,,,,,,,0.023856,,,,,0.206119,,,,,,,,,,,,,,,,,,,,0.8976,,,,,,0.05975308641975308,0.6260156250000001,,,,,,,,,,,,,,,,,,,,,,,,,,,,,,,,,,,,,,,
2024-09-14 00:00:00+00:00,0.8321759374436783,0.2431,,,0.6864,0.0591,0.2409052690901119,,,0.061038999999999836,87.21265526366422,,0.9896674386823525,0.3759,,,,0.0218789999999998,0.017918999999999796,,0.159111,,,,,0.1719,0.2944,,,,,,,,0.023856,,,,,0.193596,,,,,,,,,,,,,,,,,,,,0.9375,,,,,,0.05975308641975308,0.6557493770024918,,,,,,,,,,,,,,,,,,,,,,,,,,,,,,,,,,,,,,,
2024-09-15 00:00:00+00:00,0.8737300656813731,0.2079,,,0.6636,0.062976,0.24334356599711393,,,0.06877499999999985,86.42621126452956,,1.0146027804100541,0.3759,,,,0.01990000000000002,0.025830999999999802,,0.151759,,,,,0.2079,0.2775,,,,,,,,0.023856,,,,,0.170079,,,,,,,,,,,,,,,,,,,,0.9711000000000001,,,,,,0.0625,0.6384393526678415,,,,,,,,,,,,,,,,,,,,,,,,,,,,,,,,,,,,,,,
2024-09-16 00:00:00+00:00,0.9115549556320297,0.2604,,,0.6636,0.06491100000000001,0.38051902571484186,,,0.06684400000000006,86.1025623752424,,0.9758154514840625,0.3916,,,,0.0218789999999998,0.025830999999999802,,0.151759,,,,,0.22559999999999997,0.31110000000000004,,,,,,,,0.029775,,,,,0.16460399999999997,,,,,,,,,,,,,,,,,,,,0.9711000000000001,,,,,,0.0625,0.6271430860439032,,,,,,,,,,,,,,,,,,,,,,,,,,,,,,,,,,,,,,,
2024-09-17 00:00:00+00:00,0.9611136260751472,0.2431,,,0.7191,0.0591,0.7131642240414238,,,0.05910000000000005,98.33912668356275,,0.9914973549052604,0.36000000000000004,,,,0.02385600000000002,0.027804000000000023,,0.157276,,,,,0.2604,0.2944,,,,,,,,0.045471000000000004,,,,,0.16460399999999997,,,,,,,,,,,,,,,,,,,,0.9711000000000001,,,,,,0.0625,0.6430125390609551,,,,,0.5376,,,,,,,,,,,,,,,,,,,,,,,,,,0.9804,,,,,,,,
2024-09-18 00:00:00+00:00,0.8758159277244728,0.2775,,,0.6975,0.051323999999999995,0.5987494815360723,,,0.05327099999999983,94.3335910480468,,0.9514411480891293,0.3759,,,,0.027804000000000023,0.03371099999999981,,0.159111,,,,,0.2431,0.2775,,,,,,,,0.045471000000000004,,,,,0.162775,,,,,,,,,,,,,,,,,,,,0.9711000000000001,,,,,,0.0484,0.6374193548387097,,,,,0.4071,,,,,,,,,,,,,,,,,,,,,,,,,,0.9936,,,,,,,,
2024-09-19 00:00:00+00:00,0.3999930747922438,0.2604,,,0.7599,,,,,,68.40641950461233,0.009975000000000001,0.8810476633147786,0.4375,0.049375,,,,,,0.15543900000000002,,,,,0.22559999999999997,0.2431,,,,,,,,,,,,,0.14252399999999998,,,,,,,,,,,,,,,,,,,,0.9711000000000001,,,,,,0.029955621301775145,0.6553889529668075,,,,,0.19,,,,,,,,,,,,,,,,,,,,,,,,,0.7399,0.9516,,,,,,,,
2024-09-20 00:00:00+00:00,0.5075449861662444,0.2431,,,0.6636,,,,,,70.48374117197939,0.025831,0.7599248070397565,0.34390000000000004,0.025831,,,,,,0.144375,,,,,0.2079,0.2431,,,,,,,,,,,,,0.13323900000000002,,,,,,,,,,,,,,,,,,,,0.9271,,,,,,0.034293552812071325,0.6674356016916572,,,,,,,,,,,,,,,,,,,0.19,,,,,,,,,,,,0.99,,,,,,,,
2024-09-21 00:00:00+00:00,0.6777911958171701,0.22559999999999997,,,0.49589999999999995,,,,,,71.30486058870639,0.011964,0.6452802128172096,0.31110000000000004,0.015936,,,,,,0.131376,,,,,0.2079,0.2431,,,,,,,,,,,,,0.131376,,,,,,,,,,,,,,,,,,,,0.9158999999999999,,,,,,0.03305785123966942,0.6806222222222222,,,,,,,,,,,,,,,,,,,0.1719,,,,,,,,,,,,0.9855999999999999,,,,,,,,
2024-09-22 00:00:00+00:00,0.705268768288519,0.1719,,,0.5239,,,,,,71.4564179982355,0.009975000000000001,0.6346238130021914,0.31110000000000004,0.013951000000000002,,,,,,0.131376,,,,,0.22559999999999997,0.2431,,,,,,,,,,,,,0.127644,,,,,,,,,,,,,,,,,,,,0.9158999999999999,,,,,,0.02883588465646137,0.6808492460164896,,,,,,,,,,,,,,,,,,,0.1719,,,,,,,,,,,,0.9744,,,,,,,,
2024-09-23 00:00:00+00:00,0.8930770955888698,0.2079,,,0.34390000000000004,,,,,,72.1974734819725,0.009975000000000001,0.625202951143283,0.31110000000000004,0.013951000000000002,,,,,,0.131376,,,,,0.2431,0.2431,,,,,,,,,,,,,0.127644,,,,,,,,,,,,,,,,,,,,0.9216,,,,,,0.02883588465646137,0.6808492460164896,,,,,,,,,,,,,,,,,,,0.1351,,,,,,,,,,,,0.9775,,,,,,,,
2024-09-24 00:00:00+00:00,0.6862906702438684,0.2079,,,0.4375,,,,,,72.92590885966314,0.009975000000000001,0.766385989759454,0.31110000000000004,0.013951000000000002,,,,,,0.12951100000000001,,,,,0.2079,0.2431,,,,,,,,,,,,,0.103191,,,,,,,,,,,,,,,,,,,,0.9216,,,,,,0.027777777777777776,0.6592693302925311,,,,0.1719,,,,,,,,,,,,,,,0.101296,,,,,,,,,,,,0.9964,,,,,,,,
2024-09-25 00:00:00+00:00,0.8963749604361017,0.19,,,0.3916,,,,,,78.36912823724776,0.009975000000000001,0.7968810548695551,0.2775,0.013951000000000002,,,,,,0.127644,,,,,0.22559999999999997,0.2431,,,,,,,,,,,,,0.08415099999999999,,,,,,,,,,,,,,,,,,,,0.9216,,,,,,0.026776859504132222,0.6340072803824394,,,,,,0.6636,,,,,,,,,,,,,0.101296,,1.0,,,,,,,,,,0.9964,,,,,,,,
2024-09-26 00:00:00+00:00,0.9703869225734313,0.19,,,0.36000000000000004,,,,,,75.99417202032983,0.009975000000000001,0.8357048940832723,0.2431,0.013951000000000002,,,,,,0.127644,,,,,0.2079,0.2431,,,,,,,,,,,,,0.08415099999999999,,,,,,,,,,,,,,,,,,,,0.8775,,,,,,0.026776859504132222,0.6340072803824394,,,,,,,,,,,,,0.7791,0.34390000000000004,,,,,0.101296,,0.24309999999999982,,,,,,,,,,0.96,,,,,,,,
2024-09-27 00:00:00+00:00,0.7759608843815955,0.162775,,,0.3759,,,,,,72.9411312342506,0.009975000000000001,0.8317815869351571,0.2431,0.013951000000000002,,,,,,0.127644,,,,,0.1719,0.2431,0.8704,,,,,,,,,,,,0.08415099999999999,,,,,,,,,,,,,,,,,,,,0.8775,,,,,,0.02194787379972565,0.6599707815924035,,0.3759,,,,,,,,,,,0.8479000000000001,0.2079,,,,,0.101296,,0.24309999999999982,,,0.2604,,,,,,,0.8630999999999999,,,,,,,,
2024-09-28 00:00:00+00:00,0.7560629810642753,0.138816,,,0.36000000000000004,,,,,,73.21733524095656,0.009975000000000001,0.8058566438821455,0.2431,0.013951000000000002,,,,,,0.125775,,,,,0.19,0.2431,0.7599,,,,,,,,,,,,0.08415099999999999,,,,,,,,,,,,,,,,,,,,0.8775,,,,,,0.02278390886436454,0.6065910585141354,,0.49589999999999995,,,,,,,,,,,0.00199899999999978,0.2079,,,,,0.101296,,0.24309999999999982,,,0.2079,,,,,,,0.8064,,,,,,,,
2024-09-29 00:00:00+00:00,0.7891492986014195,0.125775,,,0.36000000000000004,,,,,,73.50002425682531,0.005991000000000001,0.8329139367866102,0.2431,0.015936,,,,,,0.12951100000000001,,,,,0.2079,0.2431,0.7399,,,,,,,,,,,,0.08415099999999999,,,,,,,,,,,,,,,,,,,,0.8775,,,,,,0.0256,0.5659937565036418,,0.4224,,,,,,,,,,,,,,,,,0.101296,,0.24309999999999982,,,,,,,,,,0.8319000000000001,,,,,,,,
2024-09-30 00:00:00+00:00,0.7302511505588429,0.125775,,,0.34390000000000004,,,,,,73.28198057870259,0.007984,0.8329139367866102,0.2431,0.015936,,,,,,0.12951100000000001,,,,,0.19,0.2431,0.6519,,,,,,,,,,,,0.072631,,,,,,,,,,,,,,,,,,,,0.8775,,,,,,0.0324,0.5909677419354837,,0.34390000000000004,,,,,,,,,,,,,,,,,0.095599,,0.20790000000000017,,,,,,,,,,0.8556,,,,,,,,
2024-10-01 00:00:00+00:00,0.3672896942848171,0.1351,,,0.34390000000000004,,,,,,69.02362567791549,0.005991000000000001,0.7502763904928957,0.22559999999999997,0.015936,,,,,,0.12951100000000001,,,,,0.19,0.2079,0.7191,,,,,,,,,,,,0.072631,,,,,,,,,,,,,,,,,,,,0.8775,,,,,,0.022301950035913246,0.5629954461123294,,,,,,,,,,,,,,,,,,,0.095599,,0.20790000000000017,,,,,,,,,,0.8556,,,,,,,,
2024-10-02 00:00:00+00:00,0.40678824923071943,0.144375,,,0.3916,,,,,,69.7181083562902,0.005991000000000001,0.7582835524767315,0.22559999999999997,0.021879,,,,,,0.127644,,,,,0.1719,0.22559999999999997,0.6975,,,,,,,,,,,,0.072631,,,,,,,,,,,,,,,,,,,,0.8911,,,,,,0.032518140284869664,0.44650508763997515,,,,,,,,,,,,,,,,,,,0.093696,,0.24309999999999982,,,,,,,,,,0.9639,,,0.6278999999999999,,,,,
2024-10-03 00:00:00+00:00,0.37848521576242344,0.182784,,,0.3916,,,,,,68.32492688608116,0.005991000000000001,0.7399018510390474,0.2079,0.023856,,,,,,0.127644,,,,,0.1719,0.2079,0.7084,,,,,,,,,,,,0.072631,,,,,,,,,,,,,,,,,,,,0.8319000000000001,,,,,,0.05325443786982248,0.4603331584695693,,,,,,,,,,,,,,,,,,,0.093696,,,,,,,,,,,,0.9559,,,0.1182789999999999,,,,,
2024-10-04 00:00:00+00:00,0.3153446476259061,0.16460399999999997,,,0.3916,,,,,,67.4826226537396,0.005991000000000001,0.5726260387811634,0.2079,0.023856,,,,,,0.127644,,,,,0.2079,0.2079,0.6751,,,,,,,,,,,,0.072631,,,,,,,,,,,,,,,,,,,,0.7599,,,,,,0.06485089309826009,0.7648089597103054,,,,,,,,,,,,,,,,,,,0.093696,,,,,,,,,,,,0.9375,,,,,,,,
2024-10-05 00:00:00+00:00,0.05647615857412936,0.31110000000000004,,,0.3759,,,,,,57.851749286349005,0.005991000000000001,0.12952756676325478,0.2431,0.017919,,,,,,0.136959,,,,,0.151759,0.2431,0.6636,,,,,,,,,,,,0.074556,,,,,,,,,,,,,,,,,,,,0.7975,,,,,,,,,,,,,,,,,,,,,,,,,,0.08988399999999999,,,,,,,,,,,,,,,,,,,,
2024-10-06 00:00:00+00:00,0.06271230550076703,0.2775,,,0.3759,,,,,,57.81686031877423,0.005991000000000001,0.2624240451388889,0.2431,0.015936,,,,,,0.136959,,,,,0.16460399999999997,0.2431,0.6279,,,,,,,,,,,,0.06491100000000001,,,,,,,,,,,,,,,,,,,,0.7975,,,,,,,,,,,,,,,,,,,,,,,,,,0.08988399999999999,,,,,,,,,,,,,,,,,,,,
2024-10-07 00:00:00+00:00,0.04527648462270751,0.282591,,,0.3916,,,,,,56.92331415582315,0.005991000000000001,0.144521261984974,0.2604,0.013951000000000002,,,,,,0.13323900000000002,,,,,0.160944,0.2431,0.6279,,,,,,,,,,,,0.068775,,,,,,,,,,,,,,,,,,,,0.7791,,,,,,,,,,,,,,,,,,,,,,,,,,0.08988399999999999,,,,,,,,,,,,,,,,,,,,
2024-10-08 00:00:00+00:00,0.047375789817082965,0.560431,,,0.5644,,,,,,52.453402656969104,0.009975000000000001,0.12903022140621329,0.34390000000000004,0.011964,,,,,,0.138816,,,,,0.177351,0.1719,0.6279,,,,,,,,,,,,0.07070399999999999,,,,,,,,,,,,,,,,,,,,0.6863999999999999,,,,,,,,,,,,,,,,1.0,,,,,,,,,,0.08606399999999999,,,,,,,,,,,,,,,,,,,0.5644000000000001,
2024-10-09 00:00:00+00:00,0.03585508535770641,0.450919,,,0.4224,,,,,,53.07480895793158,0.009975000000000001,0.15018050705423913,0.4071,0.009975000000000001,,,,,,0.122031,,,,,0.179164,0.1719,0.6279,,,0.9991,0.344923154446964,1.0114012287334593,,,,,,,0.068775,,,,,,,,,,,,,,,,,,,,0.6399999999999999,,,,,,,,,,,,,,,,0.7191,,,,,,,,,,0.087975,,,,,,,,,,,,,,,,,,,,
2024-10-10 00:00:00+00:00,0.03200173273565043,0.569664,,,0.4224,,,,,,51.371328834844405,0.009975000000000001,0.1501963053663124,0.4524,0.027804,,,,,,0.13323900000000002,,,,,0.182784,0.19,0.6519,,,0.9471,0.4624000000000001,1.1275148632580265,,,,,,,0.07070399999999999,,,,,,,,,,,,,,,,,,,,0.5239,,,,,,,,,,,,,,,,0.4375,,,,,,,,,,0.049375,,,,,,,,,,,,,,0.5644,,,,,,
2024-10-11 00:00:00+00:00,0.03039019667018763,0.529404,,,0.4375,,,,,,50.900225634759266,0.009975000000000001,0.07954895076744362,0.5511,0.0199,,,,,,0.138816,,,,,0.184591,0.2079,0.6400000000000001,,,0.9676000000000001,0.3472576530612245,1.2672571219868516,,,,,,,0.062976,,,,,,,,,,,,,,,,,,,,,0.9375,,,,,,,,,,,,,,,0.2775,,,,,,,,,,0.047424,,,,,,,,,,,,,,0.5904,,,,,,
2024-10-12 00:00:00+00:00,0.02834431882154251,0.416304,,,0.3759,,,,,,51.350599762112175,0.009975000000000001,0.10100445431543593,0.5376,0.013951000000000002,,,,,,0.1351,,,,,0.179164,0.2079,0.6400000000000001,,,0.9744,0.3176859504132231,1.3439239001189063,,,,,,,0.061039,,,,,,,,,,,,,,,,,,,,,0.6031000000000001,,,,,,,,,,,,,,,0.2431,,,,,,,,,,0.043516,,,,,,,,,,,,,,,,,,,,
2024-10-13 00:00:00+00:00,0.03655693277737198,0.419356,,,0.3916,,,,,,51.69060441166412,0.009975000000000001,0.09672696856087583,0.51,0.013951000000000002,,,,,,0.11639999999999999,,,,,0.186396,0.19,0.6031,,,0.9830999999999999,0.29578331794398266,1.3080315256145614,,,,,,,0.095599,,,,,,,,,,,,,,,,,,,,,0.6518999999999999,,,,,,,,,,,,,,,0.2431,,,,,,,,,,0.047424,,,,,,,,,,,,,,,,,,,,
2024-10-14 00:00:00+00:00,0.03581483256203537,0.39003899999999997,,,0.3916,,,,,,51.90849870198387,0.009975000000000001,0.0990756949089951,0.5239,0.013951000000000002,,,,,,0.11639999999999999,,,,,0.204336,0.2079,0.6031,,,0.9974999999999999,0.22522263717322605,1.3255770313379618,,,,,,,0.08415099999999999,,,,,,,,,,,,,,,,,,,,,0.6155999999999998,,,,,,,,,,,,,,,0.2431,,,,,,,,,,0.049375,,,,,,,,,,,,,,,,,,,,
2024-10-15 00:00:00+00:00,0.031121583182619452,0.5335110000000001,,,0.3916,,,,,,51.2736140181127,0.009975000000000001,0.10283672659453169,0.5511,0.013951000000000002,,,,,,0.114519,,,,,0.19179900000000003,0.1719,0.6031,,,0.9936000000000001,0.18903591682419663,1.2204617473970116,,,,,,,0.061039,,,,,,,,,,,,,,,,,,,,,0.6399999999999999,,,,,,,,,,,,,,,0.2431,,,,,,,,,,0.0591,0.75,,,,,,,,,,,,,,,,,,,
2024-10-16 00:00:00+00:00,0.012570352760066381,0.385344,,,0.3916,,,,,,51.969097538371486,0.009975000000000001,0.08698321229958708,0.5376,0.013951000000000002,,,,,,0.118279,,,,,0.2079,0.19,0.6031,,,0.96,0.10541406645302749,1.0525396398817524,,,,,,,0.08606399999999999,,,,,,,,,,,,,,,,,,,,,0.6399999999999999,,,,,,,,,,,,,,,0.2431,,,,,,,,,,0.066844,0.4671,,,,,,,,,,,,,,,,0.9951,,,
2024-10-17 00:00:00+00:00,0.013399499107319976,0.383775,,,0.36000000000000004,,,,,,51.955130724279314,0.009975000000000001,0.09609557667538712,0.5511,0.013951000000000002,,,,,,0.118279,,,,,0.200764,0.19,0.5644,,,0.8479000000000001,0.04557505365484157,0.7265644022400781,,,,,,,0.105084,,,,,,,,,,,,,,,,,,,,,0.6518999999999999,,,,,,,,,,,,,,,0.19,,,,,,,,,,0.066844,,,,,,,,,,,,,,,,,0.0019990000000000003,,,
2024-10-18 00:00:00+00:00,0.012005442552730963,0.4524,,,0.3759,,,,,,49.77106279798279,0.005991000000000001,0.07422979329573048,0.5774999999999999,0.011964,,,,,,0.125775,,,,,0.1719,0.1719,0.5376,,,0.9744,0.050498674409796766,0.7229488703923901,,,,,,,0.08606399999999999,,,,,,,,,,,,,,,,,,,,,0.7399,,,,,,,,,,,,,,,0.19,,,,,,,,,,0.066844,,,,,,,,,,,,,,,,,,,,
2024-10-19 00:00:00+00:00,0.009036657214225757,0.380631,,,0.3759,,,,,,50.61666752880277,0.005991000000000001,0.0773439649942757,0.6279,0.013951000000000002,,,,,,0.125775,,,,,0.16460399999999997,0.1719,0.5376,,,0.9676,0.047258979206049156,0.7444592372151306,,,,,,,0.049375,,,,,,,,,,,,,,,,,,,,,0.5239,,,,,,,,,,,,,,,0.103191,,,,,,,,,,0.062976,,,,,,0.9855999999999999,,,,,,,,,,,,,,
2024-10-20 00:00:00+00:00,0.009281233419681035,0.335775,,,0.3759,,,,,,50.60060894087431,0.009975000000000001,0.08086120529101976,0.6279,0.015936,,,,,,0.125775,,,,,0.1719,0.1719,0.5644,,,0.96,0.046248121170077476,0.7444592372151306,,,,,,,0.041559000000000006,,,,,,,,,,,,,,,,,,,,,0.6155999999999998,,,,,,,,,,,,,,,0.08415099999999999,,,,,,,,,,0.037639,,,,,,0.9158999999999999,,,,,,,,,,,,,,
2024-10-21 00:00:00+00:00,0.00972730343404016,0.345519,,,0.3759,,,,,,50.555006700807056,0.009975000000000001,0.0876922655772758,0.6400000000000001,0.015936,,,,,,0.123904,,,,,0.1719,0.1719,0.8151,,,0.9271,0.05284713964856652,0.8964030915576693,,,,,,,0.045471000000000004,,,,,,,,,,,,,,,,,,,,,0.8236000000000001,,,,,,,,,,,,,,,0.082236,,,,,,,,,,0.051323999999999995,,,,,,,,,,,,,,,,,,,,
2024-10-22 00:00:00+00:00,0.013256590141495262,0.396271,,,0.3759,,,,,,47.625953734091084,0.009975000000000001,0.07085334963752299,0.6751,0.013951000000000002,,,,,,0.123904,,,,,0.15543900000000002,0.1719,0.6751,,,0.9984,0.037460978147762745,0.8661126500461678,,,,,,,0.049375,,,,,,,,,,,,,,,,,,,,,0.6750999999999999,,,,,,,,,,,,,,,0.0591,,,,,,,,,,0.047424,,,,,,,,,,,,,,,,,,,,
2024-10-23 00:00:00+00:00,0.015486343117714116,0.425436,,,0.36000000000000004,,,,,,48.07003715861796,0.007984,0.07014836741670469,0.7084,0.013951000000000002,,,,,,0.136959,,,,,0.146224,0.1719,0.6636,,,0.96,0.038279773156899816,0.8544887039239,,,,,,,0.041559000000000006,,,,,,,,,,,,,,,,,,,,,0.7399,,,,,,,,,,,,,,,0.080319,,0.9996,,,,,,,,0.043516,,,,,,,,,,,,,,,,,,,,
2024-10-24 00:00:00+00:00,0.01516108101944608,0.46124400000000004,,,0.36000000000000004,,,,,,48.21664397940791,0.007984,0.07194242214900629,0.7191,0.013951000000000002,,,,,,0.136959,,,,,0.151759,0.19,0.6636,,,0.9878999999999999,0.2601,0.9903846153846154,,,,,,,0.049375,,,,,,,,,,,,,,,,,,,,,0.8151,,,,,,,,,,,,,,,0.076479,,0.9991,,,,,,,,0.0591,,,,,,,,,,,,,,,,,,,,
2024-10-25 00:00:00+00:00,0.012566942888385925,0.414775,,,0.36000000000000004,,,,,,49.0394631549626,0.007984,0.07469663615130608,0.7084,0.013951000000000002,,,,,,0.136959,,,,,0.149916,0.2079,0.6636,,,0.9744,0.10875961973743778,0.9016076087871393,,,,,,,0.053271,,,,,,,,,,,,,,,,,,,,,0.9038999999999999,,,,,,,,,,,,,,,0.0784,,0.9984,,,,,,,,0.061039,,,,,,,,,,,,,,,,,,,,
2024-10-26 00:00:00+00:00,0.015466575012888822,0.420879,,,0.36000000000000004,,,,,,50.07100116909341,0.009975000000000001,0.07062869593301868,0.6636,0.013951000000000002,,,,,,0.123904,,,,,0.140671,0.1719,0.6519,,,0.9900000000000001,0.1240960743801653,0.7948591201186359,,,,,,,0.053271,,,,,,,,,,,,,,,,,,,,,0.8236000000000001,,,,,,,,,,,,,,,0.076479,,0.9774999999999999,,,,,,,,0.061039,,,,,,,,,,,,,,,,,,,,
2024-10-27 00:00:00+00:00,0.012239175686070594,0.411711,,,0.36000000000000004,,,,,,50.67330316346002,0.011964,0.041597063459620054,0.6636,0.017919,,,,,,0.122031,,,,,0.140671,0.19,0.6519,,,0.9710999999999999,0.07787993510005409,0.8169642857142856,,,,,,,0.049375,,,,,,,,,,,,,,,,,,,,,0.7296,,,,,,,,,,,,,,,0.072631,,0.9996,,,,,,,,0.055216,,,,,,,,,,,,,,,,,,,,
2024-10-28 00:00:00+00:00,0.01307849645337928,0.4375,,,0.36000000000000004,,,,,,49.46103668639053,0.005991000000000001,0.04318468948137832,0.6636,0.015936,,,,,,0.122031,,,,,0.123904,0.2079,0.5644,,,0.9996,0.09413739669421488,1.4264298311917358,,,,,,,0.0591,,,,,,,,,,,,,,,,,,,,,0.7884,,,,,,,,,,,,,,,0.053271,,0.00199899999999978,,,,,,,,0.055216,,,,,,,,,,,,,,,,,,,,
2024-10-29 00:00:00+00:00,0.011514596613645964,0.405559,,,0.36000000000000004,,,,,,49.586259670297125,0.007984,0.04432709226569231,0.6864,0.023856,,,,,,0.122031,,,,,0.123904,0.2079,0.5644,,,0.9804,0.0877914951989026,0.7962962962962963,,,,,,,0.062976,,,,,,,,,,,,,,,,,,,,,0.75,,,,,,,,,,,,,,,0.021879,,,,,,,,,,0.053271,,,,,,,,,,,,,,,,,,,,
2024-10-30 00:00:00+00:00,0.014680212127799897,0.361599,,,0.36000000000000004,,,,,,50.77139244569793,0.005991000000000001,0.04841584227344559,0.7084,0.015936,,,,,,0.122031,,,,,0.11639999999999999,0.2079,0.5644,,,0.9964,0.0856632956573468,0.7930880000000002,,,,,,,0.05715900000000001,,,,,,,,,,,,,,,,,,,,,0.8479000000000001,,,,,,,,,,,,,,,0.031744,,,,,,,,,,0.045471000000000004,,,,,,,,,,,,,,,,,,,,
2024-10-31 00:00:00+00:00,0.017036431863114376,0.316071,,,0.36000000000000004,,,,,,50.499824218749986,0.009975000000000001,0.0782048378693773,0.6400000000000001,0.013951000000000002,,,,,,0.122031,,,,,0.099399,0.2079,0.5644,,,0.9996,0.11703601108033242,0.7217558299039782,,,,,,,,,,,,,,,,,,,,,,,,,,,,0.7191,,,,,,,,,,,,,,,0.025831,,,,,,,,,,0.013951000000000002,,,,,,,,,,,,,,,,,,,,
2024-11-01 00:00:00+00:00,0.016755423465202347,0.356796,,,0.36000000000000004,,,,,,51.28853747007445,0.011964,0.0680064699974193,0.7696000000000001,0.013951000000000002,,,,,,0.122031,,,,,0.114519,0.2079,0.5644,,,0.9936000000000001,0.09467455621301772,0.5953856749311297,,,,,,,,,,,,,,,,,,,,,,,,,,,,0.6031000000000001,,,,,,,,,,,,,,,0.011964,,,,,,,,,,0.011964,,,,,,,,,,,,,,,,,,,,
2024-11-02 00:00:00+00:00,0.009796818347196609,0.112636,,,0.3759,,,,,,55.093733715637015,0.013951000000000002,0.07751151144167537,0.6279,0.013951000000000002,,,,,,0.103191,,,,,0.118279,0.19,0.5644,,,,,,,,,,,,,,,,,,,,,,,,,,,,,,,,,0.7599,,,,,,,,,,,,,,,,,,,,,,,,,,,,,,,,,,,,,,,,,,,,,
2024-11-03 00:00:00+00:00,0.009904885027065706,0.08988399999999999,,,0.3759,,,,,,54.758846846051085,0.011964,0.06790064346960514,0.5774999999999999,0.013951000000000002,,,,,,0.099399,,,,,0.123904,0.19,0.5644,,,,,,,,,,,,,,,,,,,,,,,,,,,,,,,,,0.7884,,,,,,,,,,,,,,,,0.9991,,,,,,,,,,,,,,,,,,,,,,,,,,,,,
2024-11-04 00:00:00+00:00,0.00662359555902481,0.123904,,,0.34390000000000004,,,,,,54.31899849803043,0.009975000000000001,0.07464843750000001,0.5774999999999999,0.013951000000000002,,,,,,0.101296,,,,,0.125775,0.1719,0.5644,,,,,,,,,,,,,,,,,,,,,,,,,,,,,,,,,0.7696000000000001,,,,,,,,,,,,,,,,0.9324,,,,,,,,,,,,,,,,,,,,,,,,,,,,,
2024-11-05 00:00:00+00:00,0.005188222916560822,0.131376,,,0.3759,,,,,,54.0144935,0.007984,0.09116342979083727,0.5511,0.013951000000000002,,,,,,0.087975,,,,,0.13323900000000002,0.19,0.5644,,,,,,,,,,,,,,,,,,,,,,,,,,,,,,,,,0.7696000000000001,,,,,,,,,,,,,,,,0.6750999999999999,,,,,,,,,,,,,,,,,,,,,,,,,,,,,
2024-11-06 00:00:00+00:00,0.00643629191321499,0.1351,,,0.34390000000000004,,,,,,53.74047660553338,0.007984,0.10259870355847467,0.5904,0.013951000000000002,,,,,,0.087975,,,,,0.127644,0.1536,0.5774999999999999,,,,,,,,,,,,,,,,,,,,,,,,,,,,,,,,,0.7696000000000001,,,,,,,,,,,,,,,,,,,,,,,,,,,,,,,,,,,,,,,,,,,,,
2024-11-07 00:00:00+00:00,0.0032765391217470918,0.0975,,,0.34390000000000004,,,,,,51.47814947798381,0.005991000000000001,0.04043025623967836,0.8319000000000001,0.011964,,,,,,0.061039,,,,,0.122031,0.1351,0.5511,,,,,,,,,,,,,,,,,,,,,,,,,,,,,,,,,0.7696000000000001,,,,,,,,,,,,,,,,,,,,,,,,,,,,,,,,,,,,,,,,,,,,,
2024-11-08 00:00:00+00:00,,,1.6091167064546648,0.9324,0.4071,,,,,,52.19190354847565,,0.01759391780762235,0.7696000000000001,0.005991000000000001,,,,,,0.062976,,,,,0.106975,0.13323900000000002,0.5511,,,,,,,,,,,,,,,,,,,,,,,,,,,,,,,,,0.6031000000000001,,,,,,,,,,,,,,,,,,,,,,,,,,,,,,,,,,,,,,,,,,,,,
2024-11-09 00:00:00+00:00,,,0.09315065695964458,0.9710999999999999,0.34390000000000004,,,,,,36.71794411029432,,0.013760709221778824,0.8235999999999999,0.009975000000000001,,,,,,0.062976,,,,,0.074556,0.101296,0.5239,,,,,,,,,,,,,,,,,,,,,,,,,,,,,,,,,0.6278999999999999,,,,,,,,,,,,,,,,,,,,,,,,,,,,,,,,,,,,,,,,,,,,,
2024-11-10 00:00:00+00:00,,,0.08813970098468007,0.9918999999999999,0.2775,,,,,,36.85360714374196,,0.012847680966262447,0.8151,0.009975000000000001,,,,,,0.051323999999999995,,,,,0.103191,0.08606399999999999,0.5239,,,,,,,,,,,,,,,,,,,,,,,,,,,,,,,,,0.5239,,,,,,,,,,,,,,,,,,,,,,,,,,,,,,,,,,,,,,,,,,,,,
2024-11-11 00:00:00+00:00,,,0.09489584315204078,0.9991,0.34390000000000004,,,,,,37.01350898763513,,0.010819347993827158,0.8064,0.009975000000000001,,,,,,0.045471000000000004,,,,,0.105084,0.08988399999999999,0.5239,,,,,,,,,,,,,,,,,,,,,,,,,,,,,,,,,0.6031000000000001,,,,,,,,,,,,,,,,,,,,,,,,,,,,,,,,,,,,,,,,,,,,,
2024-11-12 00:00:00+00:00,,,0.10597322404571362,0.9996,0.3276,,,,,,37.119280130661316,,0.010409629445262662,0.7975,0.009975000000000001,,,,,,0.027804,,,,,0.08606399999999999,0.095599,0.5239,,,,,,,,,,,,,,,,,,,,,,,,,,,,,,,,,0.6974999999999999,,,,,,,,,,,,,,,,,,,,,,,,,,,,,,,,,,,,,,,,,,,,,
2024-11-13 00:00:00+00:00,,,0.12687723474090362,0.9991,0.31110000000000004,,,,,,35.35738053012474,,0.009318557195375355,0.8775000000000001,0.009975000000000001,,,,,,0.035676,,,,,0.106975,0.093696,0.5239,,,,,,,,,,,,,,,,,,,,,,,,,,,,,,,,,0.24309999999999982,,,,,,,,,,,,,0.18367346938775508,2.132231404958678,,,,,,,,,,,,,,,,,,,,,,,,,,,,,,,
2024-11-14 00:00:00+00:00,,,0.10811525017084476,0.9974999999999999,0.34390000000000004,,,,,,41.85108231389514,,0.007560811377528905,0.49589999999999995,0.005991000000000001,,,,,,0.053271,,,,,0.106975,0.093696,0.5239,,,,,,,,,,,,,,,,,,,,,,,,,,,,,,,,,,,,,,,,,,,,,,0.12132306526953669,1.3838941398865787,,,,,,,,,,,,,,,,,,,,,,,,,,,,,,,
2024-11-15 00:00:00+00:00,,,0.23043901384083046,0.9471,0.34390000000000004,,,,,,34.90243173410007,,0.008108881199538644,0.9038999999999999,0.005991000000000001,,,,,,0.055216,,,,,0.101296,0.105084,0.49589999999999995,,,,,,,,,,,,,5.418371194269015,,,,,,,,,,,,,,,,,,,,,,,,,,,,,,,,,0.13064305414428795,1.1853312878953906,,,,,,,,,,,,,,,,,,6.217301038062285,,,,,,,,,,,,,
2024-11-16 00:00:00+00:00,,,0.24120850018858986,0.9375,0.3276,,,,,,34.38742110611354,,0.011560193166604723,0.9158999999999999,0.009975000000000001,,,,,,0.072631,,,,,0.08415099999999999,0.108864,0.3276,,,,,,,,,,,124.25756098009283,,8.828325654347612,,,,,,,,,,,,,,,,,,,,,,,,,,,,,,,,,0.1281816796220088,0.8615500945179585,,,,,,,,,,,,,,,,,,5.201340830449828,,,,,,,,,,,,,
2024-11-17 00:00:00+00:00,,,0.24451984499318793,0.9424,0.34390000000000004,,,,,,34.65316716953866,,0.007519980986378452,0.9038999999999999,0.009975000000000001,,,,,,0.07070399999999999,,,,,0.08988399999999999,0.103191,0.3759,,,,,,,,,,,119.43209037394863,,10.00371207614515,,,,,,,,,,,,,,,,,,,,,,,,,,,,,,,,,0.1281816796220088,0.8576558460212579,,,,,,,,,,,,,,,,,,4.942124293236914,,,,,,,,,,,,,
2024-11-18 00:00:00+00:00,,,0.22607060758954475,0.9471,0.193596,,,,,,34.631293798378174,,0.011085947706488608,0.8911000000000001,0.009975000000000001,,,,,,0.07070399999999999,,,,,0.068775,0.103191,0.4071,,,,,,,,,,,118.30283802111971,,9.538679357525284,,,,,,,,,,,,,,,,,,,,,,,,,,,,,,,,,0.11640138408304496,0.9087499999999998,,,,,,,,,,,,,,,,,,4.893790849673205,,,,,,,,,,,,,
2024-11-19 00:00:00+00:00,,,0.22232356594789393,0.9559,0.11639999999999999,,,,,,34.66175913952152,,0.007765133219854312,0.9158999999999999,0.005991000000000001,,,,,,0.061039,,,,,0.07070399999999999,0.103191,0.4224,,,,,,,,,,,115.07997497252184,,9.435815116165081,,,,,,,,,,,,,,,,,,,,,,,,,,,,,,,,,0.10860020661157027,1.0715012921920275,,,,,,,,,,,,,,,,,,4.877168352171327,,,,,,,,,,,,,
2024-11-20 00:00:00+00:00,,,0.20016233072749792,0.9424,0.1719,,,,,,34.54316273540433,,0.007223392157188615,0.9099999999999999,0.009975000000000001,,,,,,0.062976,,,,,0.08415099999999999,0.105084,0.4375,,,,,,,,,,,104.08288143309849,,8.945910456806647,,,,,,,,,,,,,,,,,,,,,,,,,,,,,,,,,0.11371011357490539,1.0345557655954634,,,,,,,,,,,,,,,,,,4.829932133094543,,,,,,,,,,,,,
2024-11-21 00:00:00+00:00,,,0.20434333947847455,0.9375,0.19179900000000003,,,,,,33.62439974195422,,0.011099120213174104,0.9375,0.009975000000000001,,,,,,0.06491100000000001,,,,,0.068775,0.103191,0.4524,,,,,,,,,,,104.21574926077142,,9.179216406489132,,,,,,,,,,,,,,,,,,,,,,,,,,,,,,,,,0.18367346938775508,2.224601758212704,,,,,,,,,,,,,,,,,,4.871023320148511,,,,,,,,,,,,,
2024-11-22 00:00:00+00:00,,,0.1945620601577892,0.9271,0.22383899999999998,,,,,,33.71730076612165,,0.01889304079728418,0.9271,0.023856,,,,,,0.061039,,,,,0.061039,0.103191,0.48160000000000003,,,,,,,,,,,103.52880931784475,,8.379613610149944,,,,,,,,,,,,,,,,,,,,,,,,,,,,,,,,,0.3287111111111111,2.0919189453125,,,,,,,,,,,,,,,,,,4.885861207227991,,,,,,,,,,,,,
2024-11-23 00:00:00+00:00,,,0.2123610761176899,0.9324,0.234375,,,,,,33.02977215768135,,0.016618750000000005,0.9559,0.017919,,,,,,0.05715900000000001,,,,,0.087975,0.108864,0.48160000000000003,,,,,,,,,,,102.1467605176681,,8.659079327331408,,,,,,,,,,,,,,,,,,,,,,,,,,,,,,,,,0.37345679012345684,2.1021673525377222,,,,,,,,,,,,,,,,,,4.885861207227991,,,,,,,,,,,,,
2024-11-24 00:00:00+00:00,,,0.21011641519250782,0.9324,0.179164,,,,,,32.98834914804612,,0.011740350548007204,0.9639,0.009975000000000001,,,,,,0.066844,,,,,0.08988399999999999,0.106975,0.49589999999999995,,,,,,,,,,,103.25539257883162,,8.807971445568116,,,,,,,,,,,,,,,,,,,,,,,,,,,,,,,,,0.35307708464608273,2.154729109274564,,,,,,,,,,,,,,,,,,4.888023836985775,,,,,,,,,,,,,
2024-11-25 00:00:00+00:00,,,0.17173091160002588,0.9271,0.162775,,,,,,33.09570411741568,,0.010969210365217441,0.9559,0.013951000000000002,,,,,,0.06491100000000001,,,,,0.093696,0.106975,0.48160000000000003,,,,,,,,,,,103.01638363987573,,8.54193293885602,,,,,,,,,,,,,,,,,,,,,,,,,,,,,,,,,0.37051039697542537,2.1742234535670515,,,,,,,,,,,,,,,,,,4.888023836985775,,,,,,,,,,,,,
2024-11-26 00:00:00+00:00,,,0.17971386437738535,0.9158999999999999,0.159111,,,,,,33.33517083309054,,0.010059811071675903,0.9559,0.013951000000000002,,,,,,0.061039,,,,,0.0975,0.106975,0.49589999999999995,,,,,,,,,,,104.87961616465682,,8.600170049952172,,,,,,,,,,,,,,,,,,,,,,,,,,,,,,,,,0.37051039697542537,2.206314878892734,,,,,,,,,,,,,,,,,,4.6429296304546925,,,,,,,,,,,,,
2024-11-27 00:00:00+00:00,,,0.21937570379712618,0.9271,0.149916,,,,,,35.20210376542221,,0.005792631470211866,0.8704,0.013951000000000002,,,,,,0.061039,,,,,0.093696,0.095599,0.4671,,,,,,,,,,,105.19397352949069,,9.241258369646083,,,,,,,,,,,,,,,,,,,,,,,,,,,,,,,,,0.363538062283737,2.3265088757396457,,,,,,,,,,,,,,,,,,4.247186198691256,,,,,,,,,,,,,
2024-11-28 00:00:00+00:00,,,0.21597873769982262,0.9216,0.14252399999999998,,,,,,36.73830228830472,,0.005934229521121143,0.7975,0.013951000000000002,,,,,,0.047424,,,,,0.099399,0.093696,0.4671,,,,,,,,,,,105.67957045826734,,8.63195,,,,,,,,,,,,,,,,,,,,,,,,,,,,,,,,,0.38405078357468764,2.335041211851192,,,,,,,,,,,,,,,,,,5.077069510931944,,,,,,,,,,,,,
2024-11-29 00:00:00+00:00,,,0.2370852387899053,0.9216,0.136959,,,,,,36.19710159912549,,0.007778050489671489,0.8319000000000001,0.013951000000000002,,,,,,0.047424,,,,,0.095599,0.093696,0.4524,,,,,,,,,,,106.46051865235414,,10.103815937149271,,,,,,,,,,,,,,,,,,,,,,,,,,,,,,,,,0.4323512854194032,2.3702866188026457,,,,,,,,,,,,,,,,,,4.08137131198153,,,,,,,,,,,,,
2024-11-30 00:00:00+00:00,,,0.2172725928726086,0.9158999999999999,0.1351,,,,,,36.439206750000004,,0.00440608342706245,0.7975,0.013951000000000002,,,,,,0.049375,,,,,0.082236,0.093696,0.4671,,,,,,,,,,,108.02646635943142,,9.484006734006734,,,,,,,,,,,,,,,,,,,,,,,,,,,,,,,,,0.4444444444444444,2.342056932966024,,,,,,,,,,,,,,,,,,2.84727388670422,,,,,,,,,,,,,
2024-12-01 00:00:00+00:00,,,0.22455038844219471,0.9158999999999999,0.1351,,,,,,36.2884370000111,,0.006911353435108094,0.8319000000000001,0.013951000000000002,,,,,,0.037639,,,,,0.082236,0.0975,0.4671,,,,,,,,,,,107.9364528934259,,9.371671258034896,,,,,,,,,,,,,,,,,,,,,,,,,,,,,,,,,0.4444444444444444,2.277010470037871,,,,,,,,,,,,,,,,,,2.6322749999999995,,,,,,,,,,,,,
2024-12-02 00:00:00+00:00,,,0.18941757543156143,0.9271,0.138816,,,,,,36.46663628528578,,0.00592689043209877,0.8151,0.013951000000000002,,,,,,0.037639,,,,,0.076479,0.072631,0.4524,,,,,,,,,,,105.45818919880494,,9.23085,,,,,,,,,,,,,,,,,,,,,,,,,,,,,,,,,0.6074826989619377,2.1814744801512282,,,,,,,,,,,,,,,,,,3.5218665897731647,,,,,,,,,,,,,
2024-12-03 00:00:00+00:00,,,0.19248579944446176,0.9099999999999999,0.120156,,,,,,38.19945842594072,,0.005606758363512429,0.7599,0.013951000000000002,,,,,,0.033711000000000005,,,,,0.074556,0.082236,0.4524,,,,,,,,,,,108.48970446229885,,9.562091503267975,,,,,,,,,,,,,,,,,,,,,,,,,,,,,,,,,0.6663890045814245,2.0470990114383314,,,,,,,,,,,,,,,,,,4.117659308621407,,,,,,,,,,,,,
2024-12-04 00:00:00+00:00,,,0.1621986405203189,0.9038999999999999,0.125775,,,,,,36.796202799479175,,0.006462509755500941,0.7791,0.013951000000000002,,,,,,0.017919,,,,,0.068775,0.08606399999999999,0.4671,,,,,,,,,,,106.73387318962405,,9.29178145087236,,,,,,,,,,,,,,,,,,,,,,,,,,,,,,,,,0.729200858477465,1.7483841181902122,,,,,,,,,,,,,,,,,,3.837702037078289,,,,,,,,,,,,,
2024-12-05 00:00:00+00:00,,,0.20871466666666658,0.9216,0.123904,,,,,,36.922718649386205,,0.006227531575096238,0.7599,0.013951000000000002,,,,,,0.013951000000000002,,,,,0.0784,0.072631,0.4671,,,,,,,,,,,109.91778808172943,,9.951733867973564,,,,,,,,,,,,,,,,,,,,,,,,,,,,,,,,,0.5940570857223203,1.547647158036769,,,,,,,,,,,,,,,,,,3.8804872721978203,,,,,,,,,,,,,
2024-12-06 00:00:00+00:00,,,0.20162666137671098,0.9324,0.125775,,,,,,36.566521412078686,,0.005636610996434605,0.7599,0.013951000000000002,,,,,,0.031744,,,,,0.061039,0.080319,0.4671,,,,,,,,,,,110.55407722450141,,9.987769185008919,,,,,,,,,,,,,,,,,,,,,,,,,,,,,,,,,0.7216749929305306,1.9944199888399776,,,,,,,,,,,,,,,,,,4.799535131839659,,,,,,,,,,,,,
2024-12-07 00:00:00+00:00,,,0.1902924750146972,0.9559,0.101296,,,,,,41.97263175756392,,0.0021433430287108282,0.4375,0.013951000000000002,,,,,,0.025831,,,,,0.062976,0.07070399999999999,0.4671,,,,,,,,,,,111.53342075292407,,8.845102843989013,,,,,,,,,,,,,0.5774999999999999,,,,,,,,,,,,,,,,,,,,,,,,,,,,,,,,,,,,,,,,,,,,,,,,,,,,
2024-12-08 00:00:00+00:00,,,0.17415217348905407,0.9471,0.108864,,,,,,42.30400379651664,,0.002528273327677227,0.4224,0.013951000000000002,,,,,,0.035676,,,,,0.066844,0.061039,0.4224,,,,,,,,,,,111.70387888951883,,8.77186060190177,,,,,,,,,,,,,0.5774999999999999,,,,,,,,,,,,,,,,,,,,,,,,,,,,,,,,,,,,,,,,,,,,,,,,,,,,
2024-12-09 00:00:00+00:00,,,0.17415217348905407,0.9471,0.15543900000000002,,,,,,42.25505684666209,,0.0027059591836734714,0.4375,0.013951000000000002,,,,,,0.037639,,,,,0.068775,0.061039,0.4524,,,,,,,,,,,111.07470592403625,,9.210327186198693,,,,,,,,,,,,,0.5644,,,,,,,,,,,,,,,,,,,,,,,,,,,,,,,,,,,,,,,,,,,,,,,,,,,,
2024-12-10 00:00:00+00:00,,,0.2254220902903061,0.9271,0.140671,,,,,,42.293050834218064,,0.0027485795454545462,0.4375,0.009975000000000001,,,,,,0.021879,,,,,0.0591,0.062976,0.4524,,,,,,,,,,,111.75090599999999,,10.645089075313415,,,,,,,,,,,,,0.5511,,,,,,,,,,,,,,,,,,,,,,,,,,,,,,,,,,,,,,,,,,,,,,,,,,,,
2024-12-11 00:00:00+00:00,,,0.21770152911716134,0.8976,0.140671,,,,,,42.10458216824171,,0.0034728372755793314,0.4524,0.009975000000000001,,,,,,0.027804,,,,,0.051323999999999995,0.072631,0.4671,,,,,,,,,,,109.61115123622687,,10.918386476901688,,,,,,,,,,,,,0.5511,,,,,,,,,,,,,,,,,,,,,,,,,,,,,,,,,,,,,,,,,,,,,,,,,,,,
2024-12-12 00:00:00+00:00,,,0.22976372475268347,0.8319000000000001,0.138816,,,,,,45.77324010430216,,0.0005896219922947256,0.180975,0.005991000000000001,,,,,,0.013951000000000002,,,,,0.049375,0.062976,0.4375,,,,,,0.2256000000000002,,,,,107.09063405654177,,,,,,9.90437058680302,,,,,,1.0095109839239123,5.222046326667598,1.5745947215913543,0.5644,,,,,,,,,,,,,,,,,,,,,,,,,,,,,,,,,,,,,,,,,,,,,,,,,,,,
2024-12-13 00:00:00+00:00,,,0.16740850029756,0.8064,0.19897499999999999,,,,,,45.7228563825881,,0.0003257073180813029,0.186396,0.005991000000000001,,,,,,0.023856,,,11.786431496895233,0.5511000000000001,0.049375,0.06491100000000001,0.4671,,,,,,0.12390400000000011,,,,,105.90267455621301,,,,,,9.202343375167294,,,,,,1.123764983932598,5.482574999999999,1.9784205693296595,0.4671,,,,,,,,,,,,,,,,,,,,,,,,,,,,,,,,,,,,,,,,,,,,,,,,,,,,
2024-12-14 00:00:00+00:00,,,0.20173890457669552,0.7884,0.193596,,,,,,46.071218899378785,,0.0006199928132965185,0.12951100000000001,0.0019990000000000003,,,,,,0.011964,,,12.741511428193943,0.5511000000000001,0.043516,0.062976,0.4375,,,,,,0.12764400000000012,,,,,105.0145552295563,,,,,,11.532224716446125,,,,,,0.9732198969548815,5.191064190781411,1.9059021214030671,0.4375,,,,,,,,,,,,,,,,,,,,,,,,,,,,,,,,,,,,,,,,,,,,,,,,,,,,
2024-12-15 00:00:00+00:00,,,0.15255890538448458,0.8151,0.14252399999999998,,,,,,46.413045246461834,,0.0002564047436470152,0.114519,0.0019990000000000003,,,,,,0.021879,,,14.716480380499398,0.5511000000000001,0.043516,0.06491100000000001,0.4224,,,,,,0.13695899999999991,,,,,103.97161363488554,,,,,,13.025235457063708,,,,,,0.9261706406205118,5.0433789411064875,1.903265306122449,0.4071,,,,,,,,,,,,,,,,,,,,,,,,,,,,,,,,,,,,,,,,,,,,,,,,,,,,
2024-12-16 00:00:00+00:00,,,0.15864266189084741,0.7884,0.230871,,,,,,46.443093971125194,,0.0002550888374603504,0.106975,0.0019990000000000003,,,,,,0.0199,,,15.19572016460905,0.5511000000000001,0.043516,0.055216,0.4671,,,,,,0.09559899999999988,,,,,105.66357712031561,,,,,,15.165972635336116,,,,,,0.9650565419686479,5.111674634181854,1.8713548899027974,0.4375,,,,,,,,,,,,,,,,,,,,,,,,,,,,,,,,,,,,,,,,,,,,,,,,,,,,
2024-12-17 00:00:00+00:00,,,0.3027202498356344,0.6974999999999999,0.316071,,,,,,46.68003425146283,,9.185618785272778e-05,0.103191,0.0019990000000000003,,,,,,0.011964,,,15.734376972604466,0.5511000000000001,0.045471000000000004,0.06491100000000001,0.4671,,,,,,0.1012960000000001,,,,,105.84736411588358,,,,,,16.331947229028994,,,,,,1.1075637975778552,5.130673463385942,1.949700719279714,0.4071,,,,,,,,,,,,,,,,,,,,,,,,,,,,,,,,,,,,,,,,,,,,,,,,,,,,
2024-12-18 00:00:00+00:00,,,0.27635754630938336,0.6518999999999999,0.27579899999999996,,,,,,46.62417292103574,,6.2847974446753e-05,0.112636,0.0019990000000000003,,,,,,0.015936,,,15.423368233459565,0.5511000000000001,0.049375,0.061039,0.4375,,,,,,0.10319099999999988,,,,,107.1546245293827,,,,,,17.508242022299108,,,,,,1.0033968926283214,5.130673463385942,1.9280856123662309,0.4071,,,,,,,,,,,,,,,,,,,,,,,,,,,,,,,,,,,,,,,,,,,,,,,,,,,,
2024-12-19 00:00:00+00:00,,,0.44437139308934154,0.40709999999999996,0.9998790000000001,,,0.09274904428195777,0.9639,,,,,,,,,,,,,,,15.5519459484474,0.5644000000000001,0.05715900000000001,0.049375,0.4671,,,,,,,,,,,,,,,,,21.223672585464172,,,,,,0.8713573324501211,5.149946783495461,2.135857648844661,,,,,,,,,,,,,,,,,,,,,,,,,,,,,,,,,,,,,,,,,,,,,,,,,,,,,
2024-12-20 00:00:00+00:00,,,0.6697470436212701,0.40709999999999996,0.7409190000000001,,,0.06653231056049409,0.9324,,,,,,,,,,,,,,,15.885755053507726,0.5644000000000001,0.043516,0.0199,0.3916,,,,,,,,0.8202207191171236,,,,,,,,,21.921969541114642,,,,,,0.8647505677813452,4.66013135967062,2.235253772290809,,,,10.26113683602308,,,,,,,,,,,,,,,,,,,,,,,,,,,,,,,,,,,,,,,,,,,,,,,,,
2024-12-21 00:00:00+00:00,,,0.7208858612697157,0.4224,0.8319000000000001,,,0.07228582116238026,0.9559,,,,,,,,,,,,,,,15.270280661284115,0.5775000000000001,0.043516,0.021879,0.4071,,,,,,,,0.53670383340713,,,,,,,,,20.409047390684393,,,,,,0.6305601144636619,4.741517685505574,2.2341106538637403,,,,10.808934126040425,,,,,,,,,,,,,,,,,,,,,,,,,,,,,,,,,,,,,,,,,,,,,,,,,
2024-12-22 00:00:00+00:00,,,0.46727803902576204,0.40709999999999996,0.025830999999999802,,,0.06261021873374742,0.9639,,,,,,,,,,,,,,,15.742426622074817,0.5775000000000001,0.037639,0.021879,0.4224,,,,,,,,0.23305588585017845,,,,,,,,,21.631523873156695,,,,,,0.9025213257690823,4.757213230119634,2.305544055101811,,,,10.99289539719682,,,,,,,,,,,,,,,,,,,,,,,,,,,,,,,,,,,,,,,,,,,,,,,,,
2024-12-23 00:00:00+00:00,,,0.47507661799170725,0.4224,0.06491099999999984,,,0.04874480929201636,0.9639,,,,,,,,,,,,,,,16.96485905602843,0.5775000000000001,0.029775,0.021879,0.4071,,,,,,,,0.16987764791818846,,,,,,,,,15.877926858287724,,,,,,0.6687405801513114,4.801142177275432,2.34872359963269,,,,11.571550529141879,,,,,,,,,,,,,,,,,,,,,,,,,,,,,,,,,,,,,,,,,,,,,,,,,
2024-12-24 00:00:00+00:00,,,0.4341963516230965,0.40709999999999996,0.017918999999999796,,,0.052692550437429236,0.9471,,,,,,,,,,,,,,,26.072249657064468,0.7975,0.027804,0.023856,0.3916,,,,,,,,0.26045184304399527,,,,,,,,,17.223404847221165,,,,,,0.9556812273870277,4.732706722189176,2.597079502433748,,,,11.045379240131428,,,,,,,,,,,,,,,,,,,,,,,,,,,,,,,,,,,,,,,,,,,,,,,,,
2024-12-25 00:00:00+00:00,,,0.36486718407353014,0.37589999999999996,0.005990999999999784,,,0.0430506919660338,0.9471,,,,,,,,,,,,,,,25.302386037751326,0.8064,0.021879,0.025831,0.3916,,,,,,,,0.3472576530612245,,,,,,,,,17.82701791411427,,,,,,0.6687405801513114,4.801142177275432,2.3577483640690065,,,,11.427920997486787,,,,,,,,,,,,,,,,,,,,,,,,,,,,,,,,,,,,,,,,,,,,,,,,,
2024-12-26 00:00:00+00:00,,,0.2602394600591715,0.37589999999999996,,,,0.04329492499048224,0.9471,,,,,,,,,,,,,,,22.19883486026826,0.7791,0.025831,0.0199,0.3916,,,,,,,,0.46740941274468967,,,,,,,,,17.824174740863587,,,,,,0.8139700788866947,4.804430938143319,2.5873356401384076,,,,11.340410076478165,,,,,,,,,,,,,,,,,,,,,,,,,,,,,,,,,,,,,,,,,,,,,,,,,
2024-12-27 00:00:00+00:00,,,0.2432559915545471,0.37589999999999996,,,,0.04224321133412043,0.9471,,,,,,,,,,,,,,,20.426321364213695,0.75,0.023856,0.015936,0.3759,,,,,,,,0.48071111111111114,,,,,,,,,17.417760147013755,,,,,,1.0043760374226647,5.599271104195244,2.5482308129239195,,,,12.56951665175963,,,,,,,,,,,,,,,,,,,,,,,,,,,,,,,,,,,,,,,,,,,,,,,,,
2024-12-28 00:00:00+00:00,,,0.20295721594422889,0.37589999999999996,,,,0.023577824423424383,0.9639,,,,,,,,,,,,,,,20.68227430555556,0.7399,0.017919,0.011964,0.4071,,,,,,,,0.26075147125396103,,,,,,,,,18.352460405196414,,,,,,0.9897959183673468,4.8649851279000575,2.6904163265306122,,,,11.912120238500794,,,,,,,,,,,,,,,,,,,,,,,,,,,,,,,,,,,,,,,,,,,,,,,,,
2024-12-29 00:00:00+00:00,,,0.1987712665406427,0.37589999999999996,,,,0.018548516003368265,0.9639,,,,,,,,,,,,,,,21.414072792495357,0.7399,0.0199,0.009975000000000001,0.3759,,,,,,,,0.3694732795078815,,,,,,,,,18.238989957453093,,,,,,0.6061516745213215,5.357036438473778,2.6215353723690353,,,,11.92953309799273,,,,,,,,,,,,,,,,,,,,,,,,,,,,,,,,,,,,,,,,,,,,,,,,,
2024-12-30 00:00:00+00:00,,,0.29136811841602833,0.34389999999999993,,,,0.018548516003368265,0.9639,,,,,,,99.05384122463508,0.5511,,,,,0.7599,,25.67201560425511,0.7191,0.015936,0.007984,0.4071,,,,,,,,0.2867429760665973,,,,,,,,,18.193777437547844,,,,,,0.6166774345248299,5.801267644756447,2.80921052631579,,,,11.842450403667494,,,,,,,,,,,,,,,,,,,,,,,,,,,,,,,,,,,,,,,,,,,,,,,,,
2024-12-31 00:00:00+00:00,,,0.2347770760674898,0.34389999999999993,,,,0.017198360227416838,0.9639,,,,,,,49.55865266928888,0.5239,,,,,0.48160000000000003,,24.29712154097716,0.7191,0.021879,0.007984,0.3916,,,,,,,,0.4422577592273532,,,,,,,,,18.286941618708358,,,,,,0.5149452651716441,5.7397959183673475,2.8174342105263146,,,,11.928644128939164,,,,,,,,,,,,,,,,,,,,,,,,,,,,,,,,,,,,,,,,,,,,,,,,,
