timestamp,fed_increases_interest_rates_by_25_bps_after_november_2024_meeting_,fed_increases_interest_rates_by_25_bps_after_november_2024_meeting_,fed_increases_interest_rates_by_25_bps_after_january_2025_meeting_,fed_increases_interest_rates_by_25_bps_after_january_2025_meeting_,us_government_shutdown_before_2025_,us_government_shutdown_before_2025_,fed_decreases_interest_rates_by_75_bps_after_january_2025_meeting_,fed_decreases_interest_rates_by_75_bps_after_january_2025_meeting_,fed_decreases_interest_rates_by_50_bps_after_january_2025_meeting_,fed_decreases_interest_rates_by_50_bps_after_january_2025_meeting_,no_change_in_fed_interest_rates_after_2024_september_meeting_,no_change_in_fed_interest_rates_after_2024_september_meeting_,fed_decreases_interest_rates_by_50_bps_after_march_2025_meeting_,fed_decreases_interest_rates_by_50_bps_after_march_2025_meeting_,fed_increases_interest_rates_by_25_bps_after_march_2025_meeting_,fed_increases_interest_rates_by_25_bps_after_march_2025_meeting_,fed_decreases_interest_rates_by_25_bps_after_january_2025_meeting_,fed_decreases_interest_rates_by_25_bps_after_january_2025_meeting_,no_change_in_fed_interest_rates_after_january_2025_meeting_,no_change_in_fed_interest_rates_after_january_2025_meeting_,fed_rate_cut_by_september_18_,fed_rate_cut_by_september_18_,will_fed_cut_interest_rates_6_times_by_dec_meeting_,will_fed_cut_interest_rates_6_times_by_dec_meeting_,will_the_fed_change_rates_to_another_level_after_nov_meeting_,will_the_fed_change_rates_to_another_level_after_nov_meeting_,fed_increases_interest_rates_by_25_bps_after_september_2024_meeting_,fed_increases_interest_rates_by_25_bps_after_september_2024_meeting_,fed_decreases_interest_rates_by_25_bps_after_march_2025_meeting_,fed_decreases_interest_rates_by_25_bps_after_march_2025_meeting_,no_change_in_fed_interest_rates_after_march_2025_meeting_,no_change_in_fed_interest_rates_after_march_2025_meeting_,fed_decreases_interest_rates_by_75_bps_after_november_2024_meeting_,fed_decreases_interest_rates_by_75_bps_after_november_2024_meeting_,fed_decreases_interest_rates_by_75_bps_after_december_2024_meeting_,fed_decreases_interest_rates_by_75_bps_after_december_2024_meeting_,will_the_fed_change_rates_to_another_level_after_december_meeting_,will_the_fed_change_rates_to_another_level_after_december_meeting_,fed_decreases_interest_rates_by_50_bps_after_september_2024_meeting_,fed_decreases_interest_rates_by_50_bps_after_september_2024_meeting_,fed_increases_interest_rates_by_25_bps_after_december_2024_meeting_,fed_increases_interest_rates_by_25_bps_after_december_2024_meeting_,fed_decreases_interest_rates_by_50_bps_after_december_2024_meeting_,fed_decreases_interest_rates_by_50_bps_after_december_2024_meeting_,fed_decreases_interest_rates_by_50_bps_after_november_2024_meeting_,fed_decreases_interest_rates_by_50_bps_after_november_2024_meeting_,will_fed_cut_interest_rates_3_times_by_dec_meeting_,will_fed_cut_interest_rates_3_times_by_dec_meeting_,no_change_in_fed_interest_rates_after_2024_november_meeting_,no_change_in_fed_interest_rates_after_2024_november_meeting_,fed_decreases_interest_rates_by_25_bps_after_december_2024_meeting_,fed_decreases_interest_rates_by_25_bps_after_december_2024_meeting_,no_change_in_fed_interest_rates_after_december_2024_meeting_,no_change_in_fed_interest_rates_after_december_2024_meeting_,will_fed_cut_interest_rates_4_times_by_dec_meeting_,will_fed_cut_interest_rates_4_times_by_dec_meeting_,will_fed_cut_interest_rates_5_times_by_dec_meeting_,will_fed_cut_interest_rates_5_times_by_dec_meeting_,fed_decreases_interest_rates_by_25_bps_after_september_2024_meeting_,fed_decreases_interest_rates_by_25_bps_after_september_2024_meeting_,fed_decreases_interest_rates_by_25_bps_after_november_2024_meeting_,fed_decreases_interest_rates_by_25_bps_after_november_2024_meeting_,will_fed_cut_interest_rates_2_times_by_dec_meeting_,will_fed_cut_interest_rates_2_times_by_dec_meeting_,will_2_fed_rate_cuts_happen_in_2025_,will_2_fed_rate_cuts_happen_in_2025_,will_7_fed_rate_cuts_happen_in_2025_,will_7_fed_rate_cuts_happen_in_2025_,will_no_fed_rate_cuts_happen_in_2025_,will_no_fed_rate_cuts_happen_in_2025_,will_3_fed_rate_cuts_happen_in_2025_,will_3_fed_rate_cuts_happen_in_2025_,will_4_fed_rate_cuts_happen_in_2025_,will_4_fed_rate_cuts_happen_in_2025_,will_1_fed_rate_cut_happen_in_2025_,will_1_fed_rate_cut_happen_in_2025_,trump_to_announce_strategic_bitcoin_reserve_in_july_,trump_to_announce_strategic_bitcoin_reserve_in_july_,will_6_fed_rate_cuts_happen_in_2025_,will_6_fed_rate_cuts_happen_in_2025_,will_8plus_fed_rate_cuts_happen_in_2025_,will_8plus_fed_rate_cuts_happen_in_2025_,fed_rate_cut_by_december_18_,fed_rate_cut_by_december_18_,will_5_fed_rate_cuts_happen_in_2025_,will_5_fed_rate_cuts_happen_in_2025_,will_fed_cut_interest_rates_0_times_by_dec_meeting_,will_fed_cut_interest_rates_0_times_by_dec_meeting_,fed_rate_cut_by_november_7_,fed_rate_cut_by_november_7_,fed_rate_cut_by_july_31_,fed_rate_cut_by_july_31_,fed_rate_hike_in_2024_,fed_rate_hike_in_2024_,will_fed_cut_interest_rates_1_time_by_dec_meeting_,will_fed_cut_interest_rates_1_time_by_dec_meeting_,fed_emergency_rate_cut_in_2025_,fed_emergency_rate_cut_in_2025_,fed_rate_cut_by_june_12_,fed_rate_cut_by_june_12_,will_microstrategy_hold_400k_btc_before_2025_,will_microstrategy_hold_400k_btc_before_2025_,will_trump_announce_arthur_laffer_as_next_fed_chair_,will_trump_announce_arthur_laffer_as_next_fed_chair_,will_microstrategy_hold_500k_btc_before_2025_,will_microstrategy_hold_500k_btc_before_2025_,will_trump_announce_larry_kudlow_as_next_fed_chair_,will_trump_announce_larry_kudlow_as_next_fed_chair_,will_trump_announce_kevin_hassett_as_next_fed_chair_,will_trump_announce_kevin_hassett_as_next_fed_chair_,will_microstrategy_purchase_more_bitcoin_in_2024_dec_16_,will_microstrategy_purchase_more_bitcoin_in_2024_dec_16_,fed_rate_hike_in_2025_,fed_rate_hike_in_2025_,will_trump_announce_judy_shelton_as_next_fed_chair_,will_trump_announce_judy_shelton_as_next_fed_chair_,us_recession_in_2024_1_,us_recession_in_2024_1_,us_recession_announced_by_nber_before_june_2025_,us_recession_announced_by_nber_before_june_2025_,will_microstrategy_announce_bankruptcy_by_may_31_,will_microstrategy_announce_bankruptcy_by_may_31_,fed_emergency_rate_cut_in_2024_,fed_emergency_rate_cut_in_2024_,will_federal_spending_decrease_by_more_than_2t_between_q4_2024_and_q2_2025_,will_federal_spending_decrease_by_more_than_2t_between_q4_2024_and_q2_2025_,will_the_number_of_federal_employees_decrease_by_50000_100000_between_december_and_june_,will_the_number_of_federal_employees_decrease_by_50000_100000_between_december_and_june_,will_federal_spending_decrease_by_less_than_250b_between_q4_2024_and_q2_2025_,will_federal_spending_decrease_by_less_than_250b_between_q4_2024_and_q2_2025_,will_microstrategy_purchase_more_bitcoin_in_2024_dec_23_,will_microstrategy_purchase_more_bitcoin_in_2024_dec_23_,will_microstrategy_purchase_more_bitcoin_in_2024_,will_microstrategy_purchase_more_bitcoin_in_2024_,will_federal_spending_decrease_by_750b_1t_between_q4_2024_and_q2_2025_,will_federal_spending_decrease_by_750b_1t_between_q4_2024_and_q2_2025_,fed_decreases_interest_rates_by_25_bps_after_june_2024_meeting_,fed_decreases_interest_rates_by_25_bps_after_june_2024_meeting_,fed_increases_interest_rates_by_25_bps_after_june_2024_meeting_,fed_increases_interest_rates_by_25_bps_after_june_2024_meeting_,fed_decreases_interest_rates_by_50_bps_after_june_2024_meeting_,fed_decreases_interest_rates_by_50_bps_after_june_2024_meeting_,no_change_in_fed_interest_rates_after_2024_june_meeting_,no_change_in_fed_interest_rates_after_2024_june_meeting_,unemployment_rate_over_4pt1_in_october_,unemployment_rate_over_4pt1_in_october_,will_jerome_powell_say_good_afternoon_during_december_fomc_press_conference_,will_jerome_powell_say_good_afternoon_during_december_fomc_press_conference_,will_the_fed_cut_rates_by_75_basis_points_in_september_,will_the_fed_cut_rates_by_75_basis_points_in_september_,will_federal_spending_decrease_by_1_2t_between_q4_2024_and_q2_2025_,will_federal_spending_decrease_by_1_2t_between_q4_2024_and_q2_2025_,will_the_number_of_federal_employees_decrease_by_200000_or_more_between_december_and_june_,will_the_number_of_federal_employees_decrease_by_200000_or_more_between_december_and_june_,fed_emergency_rate_cut_in_august_,fed_emergency_rate_cut_in_august_,no_trump_announcement_of_next_fed_chair_by_june_30_,no_trump_announcement_of_next_fed_chair_by_june_30_,increase_in_ecb_interest_rates_after_2024_december_meeting_,increase_in_ecb_interest_rates_after_2024_december_meeting_,will_there_be_a_us_government_shutdown_by_mar_9_,will_there_be_a_us_government_shutdown_by_mar_9_,will_jerome_powell_say_inflation_50_or_more_times_during_december_fomc_press_conference_,will_jerome_powell_say_inflation_50_or_more_times_during_december_fomc_press_conference_,trump_deportation_executive_order_on_day_1_,trump_deportation_executive_order_on_day_1_,will_the_number_of_federal_employees_decrease_by_100000_200000_between_december_and_june_,will_the_number_of_federal_employees_decrease_by_100000_200000_between_december_and_june_,will_microstrategy_purchase_more_bitcoin_in_2024_dec_11_,will_microstrategy_purchase_more_bitcoin_in_2024_dec_11_,us_gdp_declines_in_q3_2024_,us_gdp_declines_in_q3_2024_,will_inflation_increase_by_2pt8_or_more_in_november_,will_inflation_increase_by_2pt8_or_more_in_november_,will_the_fed_raise_interest_rates_by_25_bps_after_its_2024_aprilmay_meeting_,will_the_fed_raise_interest_rates_by_25_bps_after_its_2024_aprilmay_meeting_,will_microstrategy_market_cap_dip_to_50b_in_2024_,will_microstrategy_market_cap_dip_to_50b_in_2024_,will_microstrategy_purchase_more_bitcoin_in_2024_1_,will_microstrategy_purchase_more_bitcoin_in_2024_1_,50_bps_decrease_in_ecb_interest_rates_after_2024_december_meeting_,50_bps_decrease_in_ecb_interest_rates_after_2024_december_meeting_,will_the_fed_decrease_interest_rates_by_25_bps_after_its_2024_aprilmay_meeting_,will_the_fed_decrease_interest_rates_by_25_bps_after_its_2024_aprilmay_meeting_,will_trump_announce_kevin_warsh_as_next_fed_chair_,will_trump_announce_kevin_warsh_as_next_fed_chair_,trump_deportation_executive_order_in_first_100_days_,trump_deportation_executive_order_in_first_100_days_,annual_inflation_under_3_in_august_,annual_inflation_under_3_in_august_,will_the_fed_decrease_interest_rates_by_50_bps_after_its_aprilmay_2024_meeting_,will_the_fed_decrease_interest_rates_by_50_bps_after_its_aprilmay_2024_meeting_,will_the_pittsburgh_pirates_win_the_world_series_,will_the_pittsburgh_pirates_win_the_world_series_,will_us_annual_inflation_be_2pt6_or_less_in_december_,will_us_annual_inflation_be_2pt6_or_less_in_december_,will_biden_say_inflation_at_dnc_speech_,will_biden_say_inflation_at_dnc_speech_,no_change_in_ecb_interest_rates_after_2024_december_meeting_,no_change_in_ecb_interest_rates_after_2024_december_meeting_,will_a_candidate_from_another_party_win_connecticut_presidential_election_,will_a_candidate_from_another_party_win_connecticut_presidential_election_,will_kamala_harris_say_inflation_3_or_more_times_during_dnc_speech_,will_kamala_harris_say_inflation_3_or_more_times_during_dnc_speech_,will_federal_spending_decrease_by_250_500b_between_q4_2024_and_q2_2025_,will_federal_spending_decrease_by_250_500b_between_q4_2024_and_q2_2025_,will_the_fed_raise_interest_rates_by_25_bps_after_its_2024_march_meeting_,will_the_fed_raise_interest_rates_by_25_bps_after_its_2024_march_meeting_,will_a_democrat_win_connecticut_in_the_2024_us_presidential_election_,will_a_democrat_win_connecticut_in_the_2024_us_presidential_election_,26_50_bps_decrease_in_ecb_interest_rates_after_2024_december_meeting_,26_50_bps_decrease_in_ecb_interest_rates_after_2024_december_meeting_,will_kamala_harris_say_inflation_during_cnn_interview_,will_kamala_harris_say_inflation_during_cnn_interview_,no_change_in_fed_raise_interest_rates_after_its_2024_aprilmay_meeting_,no_change_in_fed_raise_interest_rates_after_its_2024_aprilmay_meeting_,will_federal_spending_decrease_by_500_750b_between_q4_2024_and_q2_2025_,will_federal_spending_decrease_by_500_750b_between_q4_2024_and_q2_2025_,will_jerome_powell_say_tariff_5_or_more_times_during_december_fomc_press_conference_,will_jerome_powell_say_tariff_5_or_more_times_during_december_fomc_press_conference_,will_jerome_powell_say_tariff_during_december_fomc_press_conference_,will_jerome_powell_say_tariff_during_december_fomc_press_conference_,will_the_number_of_federal_employees_decrease_by_less_than_25000_between_december_and_june_,will_the_number_of_federal_employees_decrease_by_less_than_25000_between_december_and_june_,will_a_republican_win_connecticut_in_the_2024_us_presidential_election_,will_a_republican_win_connecticut_in_the_2024_us_presidential_election_,boj_emergency_rate_cut_in_august_,boj_emergency_rate_cut_in_august_,will_us_add_more_than_300k_jobs_in_december_2024_,will_us_add_more_than_300k_jobs_in_december_2024_,will_jerome_powell_say_inflation_40_or_more_times_during_december_fomc_press_conference_,will_jerome_powell_say_inflation_40_or_more_times_during_december_fomc_press_conference_,will_us_annual_inflation_be_2pt9_or_greater_in_december_,will_us_annual_inflation_be_2pt9_or_greater_in_december_,will_jerome_powell_say_trump_during_december_fomc_press_conference_,will_jerome_powell_say_trump_during_december_fomc_press_conference_,01_25_bps_decrease_in_ecb_interest_rates_after_2024_december_meeting_,01_25_bps_decrease_in_ecb_interest_rates_after_2024_december_meeting_,will_jerome_powell_say_crypto_or_bitcoin_during_december_fomc_press_conference_,will_jerome_powell_say_crypto_or_bitcoin_during_december_fomc_press_conference_,will_the_number_of_federal_employees_decrease_by_25000_50000_between_december_and_june_,will_the_number_of_federal_employees_decrease_by_25000_50000_between_december_and_june_,will_there_be_a_us_government_shutdown_by_jan_20_,will_there_be_a_us_government_shutdown_by_jan_20_,will_microstrategy_vote_to_increase_common_stock_supply_pass_,will_microstrategy_vote_to_increase_common_stock_supply_pass_,feds_raid_jay_z_before_april_,feds_raid_jay_z_before_april_,european_central_bank_cuts_rates_in_oct_meeting_,european_central_bank_cuts_rates_in_oct_meeting_,annual_inflation_above_2pt5_in_august_,annual_inflation_above_2pt5_in_august_,will_powell_say_inflation_40_or_more_times_during_january_press_conference_,will_powell_say_inflation_40_or_more_times_during_january_press_conference_,will_nfp_win_the_most_seats_in_the_french_election_,will_nfp_win_the_most_seats_in_the_french_election_,will_cdv_win_the_most_seats_in_the_belgian_federal_elections_,will_cdv_win_the_most_seats_in_the_belgian_federal_elections_,will_kamala_harris_say_inflation_3_or_more_times_during_friday_speech_,will_kamala_harris_say_inflation_3_or_more_times_during_friday_speech_,will_jerome_powell_say_cut_7_or_more_times_during_december_fomc_press_conference_,will_jerome_powell_say_cut_7_or_more_times_during_december_fomc_press_conference_,will_us_annual_inflation_be_2pt7_in_december_,will_us_annual_inflation_be_2pt7_in_december_,will_powell_say_inflation_50_or_more_times_during_january_press_conference_,will_powell_say_inflation_50_or_more_times_during_january_press_conference_,annual_inflation_above_2pt2_in_september_,annual_inflation_above_2pt2_in_september_,will_another_party_win_the_most_seats_in_the_belgian_federal_elections_,will_another_party_win_the_most_seats_in_the_belgian_federal_elections_,annual_inflation_above_2pt4_in_october_,annual_inflation_above_2pt4_in_october_,will_jerome_powell_say_growth_10_or_more_times_during_december_fomc_press_conference_,will_jerome_powell_say_growth_10_or_more_times_during_december_fomc_press_conference_,will_a_democrat_win_connecticut_us_senate_election_,will_a_democrat_win_connecticut_us_senate_election_,will_there_be_a_us_government_shutdown_by_mar_23_,will_there_be_a_us_government_shutdown_by_mar_23_,us_inflation_0pt1_from_july_to_august_2024_,us_inflation_0pt1_from_july_to_august_2024_,will_powell_say_inflation_60_or_more_times_during_january_press_conference_,will_powell_say_inflation_60_or_more_times_during_january_press_conference_,us_adds_less_than_100k_jobs_in_august_,us_adds_less_than_100k_jobs_in_august_,will_inflation_increase_by_2pt5_or_less_in_november_,will_inflation_increase_by_2pt5_or_less_in_november_,us_adds_ore_than_250k_jobs_in_september_,us_adds_ore_than_250k_jobs_in_september_,will_a_republican_win_connecticut_us_senate_election_,will_a_republican_win_connecticut_us_senate_election_,no_change_in_fed_raise_interest_rates_after_its_2024_march_meeting_,no_change_in_fed_raise_interest_rates_after_its_2024_march_meeting_,magny_vs_prates_,magny_vs_prates_,us_gov_shutdownlapse_on_mar_23_,us_gov_shutdownlapse_on_mar_23_,will_kamala_say_inflation_3_times_during_her_nevada_speech_,will_kamala_say_inflation_3_times_during_her_nevada_speech_,will_ecolo_win_the_most_seats_in_the_belgian_federal_elections_,will_ecolo_win_the_most_seats_in_the_belgian_federal_elections_,will_the_us_add_more_than_250000_jobs_in_october_,will_the_us_add_more_than_250000_jobs_in_october_,will_kamala_say_inflation_at_debate_,will_kamala_say_inflation_at_debate_,us_adds_less_than_100k_jobs_in_september_,us_adds_less_than_100k_jobs_in_september_,will_donald_trump_say_fbi_or_federal_bureau_of_investigation_during_his_uniondale_rally_,will_donald_trump_say_fbi_or_federal_bureau_of_investigation_during_his_uniondale_rally_,will_donald_trump_say_black_jobs_during_his_georgia_speech_,will_donald_trump_say_black_jobs_during_his_georgia_speech_,will_jerome_powell_say_unemployment_5_or_more_times_during_december_fomc_press_conference_,will_jerome_powell_say_unemployment_5_or_more_times_during_december_fomc_press_conference_,will_us_annual_inflation_be_2pt8_in_december_,will_us_annual_inflation_be_2pt8_in_december_,will_donald_trump_say_black_jobs_during_his_uniondale_rally_,will_donald_trump_say_black_jobs_during_his_uniondale_rally_,will_a_candidate_from_another_party_win_connecticut_us_senate_election_,will_a_candidate_from_another_party_win_connecticut_us_senate_election_,us_adds_between_100k_and_150k_jobs_in_august_,us_adds_between_100k_and_150k_jobs_in_august_,will_jerome_powell_say_price_10_or_more_times_during_december_fomc_press_conference_,will_jerome_powell_say_price_10_or_more_times_during_december_fomc_press_conference_,us_adds_between_100k_and_150k_jobs_in_september_,us_adds_between_100k_and_150k_jobs_in_september_,will_donald_trump_say_inflation_10_or_more_times_during_his_north_carolina_speech_,will_donald_trump_say_inflation_10_or_more_times_during_his_north_carolina_speech_,us_adds_between_150k_and_200k_jobs_in_august_,us_adds_between_150k_and_200k_jobs_in_august_,will_the_n_va_win_the_most_seats_in_the_belgian_federal_elections_,will_the_n_va_win_the_most_seats_in_the_belgian_federal_elections_,will_the_us_gain_less_than_100000_jobs_in_november_,will_the_us_gain_less_than_100000_jobs_in_november_,us_adds_between_150k_and_200k_jobs_in_september_,us_adds_between_150k_and_200k_jobs_in_september_,30_year_mortgage_rate_below_6_before_election_,30_year_mortgage_rate_below_6_before_election_,will_trump_say_fake_jobs_during_michigan_rally_on_nov_4_,will_trump_say_fake_jobs_during_michigan_rally_on_nov_4_,will_gemini_generate_images_of_people_again_in_february_,will_gemini_generate_images_of_people_again_in_february_,will_trump_say_inflation_10_or_more_times_during_new_york_rally_on_october_27_,will_trump_say_inflation_10_or_more_times_during_new_york_rally_on_october_27_,will_ps_win_the_most_seats_in_the_belgian_federal_elections_,will_ps_win_the_most_seats_in_the_belgian_federal_elections_,will_us_add_less_than_100k_jobs_in_december_2024_,will_us_add_less_than_100k_jobs_in_december_2024_,will_ptb_win_the_most_seats_in_the_belgian_federal_elections_,will_ptb_win_the_most_seats_in_the_belgian_federal_elections_,will_donald_trump_say_inflation_10_or_more_times_during_his_michigan_town_hall_,will_donald_trump_say_inflation_10_or_more_times_during_his_michigan_town_hall_,will_us_gain_less_than_200k_jobs_in_march_,will_us_gain_less_than_200k_jobs_in_march_,will_kamala_harris_say_inflation_during_dnc_speech_,will_kamala_harris_say_inflation_during_dnc_speech_,us_inflation_0pt3_from_march_to_april_2024_,us_inflation_0pt3_from_march_to_april_2024_,us_adds_between_200k_and_250k_jobs_in_september_,us_adds_between_200k_and_250k_jobs_in_september_,30_year_mortgage_drops_below_5_before_election_,30_year_mortgage_drops_below_5_before_election_,will_trump_say_inflation_5_or_more_times_during_georgia_speech_on_oct_15_,will_trump_say_inflation_5_or_more_times_during_georgia_speech_on_oct_15_,will_jd_vance_say_inflation_during_the_debate_,will_jd_vance_say_inflation_during_the_debate_,will_kamala_harris_say_prosecutor_during_cnn_interview_,will_kamala_harris_say_prosecutor_during_cnn_interview_,will_the_us_add_100_150k_jobs_in_october_,will_the_us_add_100_150k_jobs_in_october_,will_us_gain_more_than_353k_jobs_in_february_,will_us_gain_more_than_353k_jobs_in_february_,will_the_us_add_less_than_100000_jobs_in_october_,will_the_us_add_less_than_100000_jobs_in_october_,us_adds_more_than_300k_jobs_in_august_,us_adds_more_than_300k_jobs_in_august_,will_trump_say_black_jobs_during_his_wisconsin_speech_,will_trump_say_black_jobs_during_his_wisconsin_speech_,will_trump_say_inflation_5_or_more_times_during_pennsylvania_town_hall_on_october_20_,will_trump_say_inflation_5_or_more_times_during_pennsylvania_town_hall_on_october_20_,will_kamala_harris_win_connecticut_by_the_largest_margin_,will_kamala_harris_win_connecticut_by_the_largest_margin_,will_the_us_gain_between_100_150k_jobs_in_november_,will_the_us_gain_between_100_150k_jobs_in_november_,will_powell_say_cut_7_or_more_times_during_january_press_conference_,will_powell_say_cut_7_or_more_times_during_january_press_conference_,will_us_gain_more_than_275k_jobs_in_march_,will_us_gain_more_than_275k_jobs_in_march_,will_the_november_unemployment_rate_be_4pt1_,will_the_november_unemployment_rate_be_4pt1_,will_inflation_increase_by_2pt7_in_november_,will_inflation_increase_by_2pt7_in_november_,will_the_november_unemployment_rate_be_4pt3_or_more_,will_the_november_unemployment_rate_be_4pt3_or_more_,will_powell_say_unemployment_8_or_more_times_during_january_press_conference_,will_powell_say_unemployment_8_or_more_times_during_january_press_conference_,will_inflation_increase_by_2pt6_in_november_,will_inflation_increase_by_2pt6_in_november_,will_us_unemployment_be_4pt1_or_lower_in_december_2024_,will_us_unemployment_be_4pt1_or_lower_in_december_2024_,will_donald_trump_say_black_jobs_during_his_michigan_town_hall_,will_donald_trump_say_black_jobs_during_his_michigan_town_hall_,will_the_us_gain_more_than_303k_jobs_in_april_,will_the_us_gain_more_than_303k_jobs_in_april_,feds_raid_jennifer_lopez_by_april_15_,feds_raid_jennifer_lopez_by_april_15_,unemployment_rate_over_4pt2_for_august_,unemployment_rate_over_4pt2_for_august_,will_us_gain_less_than_200k_jobs_in_february_,will_us_gain_less_than_200k_jobs_in_february_,us_adds_between_200k_and_250k_jobs_in_august_,us_adds_between_200k_and_250k_jobs_in_august_,bank_of_england_rate_cut_in_september_meeting_,bank_of_england_rate_cut_in_september_meeting_,will_the_connecticut_sun_win_the_2024_wnba_finals_,will_the_connecticut_sun_win_the_2024_wnba_finals_,us_inflation_0pt2_from_february_to_march_2024_,us_inflation_0pt2_from_february_to_march_2024_,will_the_november_unemployment_rate_be_4pt0_or_less_,will_the_november_unemployment_rate_be_4pt0_or_less_,unemployment_rate_over_4pt2_in_september_,unemployment_rate_over_4pt2_in_september_,will_us_add_between_150k_and_200k_jobs_in_december_2024_,will_us_add_between_150k_and_200k_jobs_in_december_2024_,will_us_unemployment_be_4pt3_in_december_2024_,will_us_unemployment_be_4pt3_in_december_2024_,will_us_gain_300k_353k_jobs_in_february_,will_us_gain_300k_353k_jobs_in_february_,will_the_us_gain_more_than_250000_jobs_in_november_,will_the_us_gain_more_than_250000_jobs_in_november_,will_us_gain_200k_250k_jobs_in_february_,will_us_gain_200k_250k_jobs_in_february_,court_blocks_biden_executive_order_on_immigration_,court_blocks_biden_executive_order_on_immigration_,will_the_us_gain_less_than_150k_jobs_in_april_,will_the_us_gain_less_than_150k_jobs_in_april_,will_the_us_gain_between_200_250k_jobs_in_november_,will_the_us_gain_between_200_250k_jobs_in_november_,will_the_fed_decrease_interest_rates_by_50_bps_after_its_march_2024_meeting_,will_the_fed_decrease_interest_rates_by_50_bps_after_its_march_2024_meeting_,will_us_unemployment_be_4pt4_or_higher_in_december_2024_,will_us_unemployment_be_4pt4_or_higher_in_december_2024_,will_us_add_between_250k_and_300k_jobs_in_december_2024_,will_us_add_between_250k_and_300k_jobs_in_december_2024_,will_us_gain_between_200k_and_275k_jobs_in_march_,will_us_gain_between_200k_and_275k_jobs_in_march_,will_fantano_rate_new_tswift_album_above_5_,will_fantano_rate_new_tswift_album_above_5_,will_us_add_between_100k_and_150k_jobs_in_december_2024_,will_us_add_between_100k_and_150k_jobs_in_december_2024_,us_adds_between_250k_and_300k_jobs_in_august_,us_adds_between_250k_and_300k_jobs_in_august_,will_kamala_say_inflation_3_or_more_times_during_univision_town_hall_on_october_10_,will_kamala_say_inflation_3_or_more_times_during_univision_town_hall_on_october_10_,will_the_november_unemployment_rate_be_4pt2_,will_the_november_unemployment_rate_be_4pt2_,will_the_us_gain_between_200_250k_jobs_in_april_,will_the_us_gain_between_200_250k_jobs_in_april_,will_the_us_gain_between_250_303k_jobs_in_april_,will_the_us_gain_between_250_303k_jobs_in_april_,will_us_add_between_200k_and_250k_jobs_in_december_2024_,will_us_add_between_200k_and_250k_jobs_in_december_2024_,will_us_gain_250k_300k_jobs_in_february_,will_us_gain_250k_300k_jobs_in_february_
2024-01-12 00:00:00+00:00,,,,,,,,,,,,,,,,,,,,,,,,,,,,,,,,,,,,,,,,,,,,,,,,,,,,,,,,,,,,,,,,,,,,,,,,,,,,,,,,,,,,,,,,,,,,,,,,,,,,,,,,,,,,,,,,,,,,,,,,,,,,,,,,,,,,,,,,,,,,,,,,,,,,,,,,,,,,,,,,,,,,,,,,,,,,,,,,,,,,,,,,,,,,,,,,,,,,,,,,,,,,,,,,,,,,,,,,,,,,,,,,,,,,,,,,,,,,,,,,,,,0.555,0.445,,,,,,,,,,,,,,,,,,,,,,,,,,,,,,,,,,,,,,,,,,,,,,,,,,,,,,,,,,,,,,,,,,,,,,,,,,,,,,,,,,,,,,,,,,,,,,,,,,,,,,,,,,,,,,,,,,,,,,,,,,,,,,,,,,,,,,,,,,,,,,,,,,,,,,,,,,,,,,,,,,,,,,,,,,,,,,,,,,,,,,,,,,,,,,,,,,,,,,,,,,,,,,,,,,,,,,,,,,
2024-01-13 00:00:00+00:00,,,,,,,,,,,,,,,,,,,,,,,,,,,,,,,,,,,,,,,,,,,,,,,,,,,,,,,,,,,,,,,,,,,,,,,,,,,,,,,,,,,,,,,,,,,,,,,,,,,,,,,,,,,,,,,,,,,,,,,,,,,,,,,,,,,,,,,,,,,,,,,,,,,,,,,,,,,,,,,,,,,,,,,,,,,,,,,,,,,,,,,,,,,,,,,,,,,,,,,,,,,,,,,,,,,,,,,,,,,,,,,,,,,,,,,,,,,,,,,,,,,0.195,0.805,,,,,,,,,,,,,,,,,,,,,,,,,,,,,,,,,,,,,,,,,,,,,,,,,,,,,,,,,,,,,,,,,,,,,,,,,,,,,,,,,,,,,,,,,,,,,,,,,,,,,,,,,,,,,,,,,,,,,,,,,,,,,,,,,,,,,,,,,,,,,,,,,,,,,,,,,,,,,,,,,,,,,,,,,,,,,,,,,,,,,,,,,,,,,,,,,,,,,,,,,,,,,,,,,,,,,,,,,,
2024-01-14 00:00:00+00:00,,,,,,,,,,,,,,,,,,,,,,,,,,,,,,,,,,,,,,,,,,,,,,,,,,,,,,,,,,,,,,,,,,,,,,,,,,,,,,,,,,,,,,,,,,,,,,,,,,,,,,,,,,,,,,,,,,,,,,,,,,,,,,,,,,,,,,,,,,,,,,,,,,,,,,,,,,,,,,,,,,,,,,,,,,,,,,,,,,,,,,,,,,,,,,,,,,,,,,,,,,,,,,,,,,,,,,,,,,,,,,,,,,,,,,,,,,,,,,,,,,,0.105,0.895,,,,,,,,,,,,,,,,,,,,,,,,,,,,,,,,,,,,,,,,,,,,,,,,,,,,,,,,,,,,,,,,,,,,,,,,,,,,,,,,,,,,,,,,,,,,,,,,,,,,,,,,,,,,,,,,,,,,,,,,,,,,,,,,,,,,,,,,,,,,,,,,,,,,,,,,,,,,,,,,,,,,,,,,,,,,,,,,,,,,,,,,,,,,,,,,,,,,,,,,,,,,,,,,,,,,,,,,,,
2024-01-15 00:00:00+00:00,,,,,,,,,,,,,,,,,,,,,,,,,,,,,,,,,,,,,,,,,,,,,,,,,,,,,,,,,,,,,,,,,,,,,,,,,,,,,,,,,,,,,,,,,,,,,,,,,,,,,,,,,,,,,,,,,,,,,,,,,,,,,,,,,,,,,,,,,,,,,,,,,,,,,,,,,,,,,,,,,,,,,,,,,,,,,,,,,,,,,,,,,,,,,,,,,,,,,,,,,,,,,,,,,,,,,,,,,,,,,,,,,,,,,,,,,,,,,,,,,,,0.055,0.945,,,,,,,,,,,,,,,,,,,,,,,,,,,,,,,,,,,,,,,,,,,,,,,,,,,,,,,,,,,,,,,,,,,,,,,,,,,,,,,,,,,,,,,,,,,,,,,,,,,,,,,,,,,,,,,,,,,,,,,,,,,,,,,,,,,,,,,,,,,,,,,,,,,,,,,,,,,,,,,,,,,,,,,,,,,,,,,,,,,,,,,,,,,,,,,,,,,,,,,,,,,,,,,,,,,,,,,,,,
2024-01-16 00:00:00+00:00,,,,,,,,,,,,,,,,,,,,,,,,,,,,,,,,,,,,,,,,,,,,,,,,,,,,,,,,,,,,,,,,,,,,,,,,,,,,,,,,,,,,,,,,,,,,,,,,,,,,,,,,,,,,,,,,,,,,,,,,,,,,,,,,,,,,,,,,,,,,,,,,,,,,,,,,,,,,,,,,,,,,,,,,,,,,,,,,,,,,,,,,,,,,,,,,,,,,,,,,,,,,,,,,,,,,,,,,,,,,,,,,,,,,,,,,,,,,,,,,,,,0.0295,0.9705,,,,,,,,,,,,,,,,,,,,,,,,,,,,,,,,,,,,,,,,,,,,,,,,,,,,,,,,,,,,,,,,,,,,,,,,,,,,,,,,,,,,,,,,,,,,,,,,,,,,,,,,,,,,,,,,,,,,,,,,,,,,,,,,,,,,,,,,,,,,,,,,,,,,,,,,,,,,,,,,,,,,,,,,,,,,,,,,,,,,,,,,,,,,,,,,,,,,,,,,,,,,,,,,,,,,,,,,,,
2024-01-17 00:00:00+00:00,,,,,,,,,,,,,,,,,,,,,,,,,,,,,,,,,,,,,,,,,,,,,,,,,,,,,,,,,,,,,,,,,,,,,,,,,,,,,,,,,,,,,,,,,,,,,,,,,,,,,,,,,,,,,,,,,,,,,,,,,,,,,,,,,,,,,,,,,,,,,,,,,,,,,,,,,,,,,,,,,,,,,,,,,,,,,,,,,,,,,,,,,,,,,,,,,,,,,,,,,,,,,,,,,,,,,,,,,,,,,,,,,,,,,,,,,,,,,,,,,,,0.0495,0.9505,,,,,,,,,,,,,,,,,,,,,,,,,,,,,,,,,,,,,,,,,,,,,,,,,,,,,,,,,,,,,,,,,,,,,,,,,,,,,,,,,,,,,,,,,,,,,,,,,,,,,,,,,,,,,,,,,,,,,,,,,,,,,,,,,,,,,,,,,,,,,,,,,,,,,,,,,,,,,,,,,,,,,,,,,,,,,,,,,,,,,,,,,,,,,,,,,,,,,,,,,,,,,,,,,,,,,,,,,,
2024-01-18 00:00:00+00:00,,,,,,,,,,,,,,,,,,,,,,,,,,,,,,,,,,,,,,,,,,,,,,,,,,,,,,,,,,,,,,,,,,,,,,,,,,,,,,,,,,,,,,,,,,,,,,,,,,,,,,,,,,,,,,,,,,,,,,,,,,,,,,,,,,,,,,,,,,,,,,,,,,,,,,,,,,,,,,,,,,,,,,,,,,,,,,,,,,,,,,,,,,,,,,,,,,,,,,,,,,,,,,,,,,,,,,,,,,,,,,,,,,,,,,,,,,,,,,,,,,,0.0185,0.9815,,,,,,,,,,,,,,,,,,,,,,,,,,,,,,,,,,,,,,,,,,,,,,,,,,,,,,,,,,,,,,,,,,,,,,,,,,,,,,,,,,,,,,,,,,,,,,,,,,,,,,,,,,,,,,,,,,,,,,,,,,,,,,,,,,,,,,,,,,,,,,,,,,,,,,,,,,,,,,,,,,,,,,,,,,,,,,,,,,,,,,,,,,,,,,,,,,,,,,,,,,,,,,,,,,,,,,,,,,
2024-01-19 00:00:00+00:00,,,,,,,,,,,,,,,,,,,,,,,,,,,,,,,,,,,,,,,,,,,,,,,,,,,,,,,,,,,,,,,,,,,,,,,,,,,,,,,,,,,,,,,,,,,,,,,,,,,,,,,,,,,,,,,,,,,,,,,,,,,,,,,,,,,,,,,,,,,,,,,,,,,,,,,,,,,,,,,,,,,,,,,,,,,,,,,,,,,,,,,,,,,,,,,,,,,,,,,,,,,,,,,,,,,,,,,,,,,,,,,,,,,,,,,,,,,,,,,,,,,0.005,0.995,,,,,,,,,,,,,,,,,,,,,,,,,,,,,,,,,,,,,,,,,,,,,,,,,,,,,,,,,,,,,,,,,,,,,,,,,,,,,,,,,,,,,,,,,,,,,,,,,,,,,,,,,,,,,,,,,,,,,,,,,,,,,,,,,,,,,,,,,,,,,,,,,,,,,,,,,,,,,,,,,,,,,,,,,,,,,,,,,,,,,,,,,,,,,,,,,,,,,,,,,,,,,,,,,,,,,,,,,,
2024-01-20 00:00:00+00:00,,,,,,,,,,,,,,,,,,,,,,,,,,,,,,,,,,,,,,,,,,,,,,,,,,,,,,,,,,,,,,,,,,,,,,,,,,,,,,,,,,,,,,,,,,,,,,,,,,,,,,,,,,,,,,,,,,,,,,,,,,,,,,,,,,,,,,,,,,,,,,,,,,,,,,,,,,,,,,,,,,,,,,,,,,,,,,,,,,,,,,,,,,,,,,,,,,,,,,,,,,,,,,,,,,,,,,,,,,,,,,,,,,,,,,,,,,,,,,,,,,,0.0005,0.9995,,,,,,,,,,,,,,,,,,,,,,,,,,,,,,,,,,,,,,,,,,,,,,,,,,,,,,,,,,,,,,,,,,,,,,,,,,,,,,,,,,,,,,,,,,,,,,,,,,,,,,,,,,,,,,,,,,,,,,,,,,,,,,,,,,,,,,,,,,,,,,,,,,,,,,,,,,,,,,,,,,,,,,,,,,,,,,,,,,,,,,,,,,,,,,,,,,,,,,,,,,,,,,,,,,,,,,,,,,
2024-01-21 00:00:00+00:00,,,,,,,,,,,,,,,,,,,,,,,,,,,,,,,,,,,,,,,,,,,,,,,,,,,,,,,,,,,,,,,,,,,,,,,,,,,,,,,,,,,,,,,,,,,,,,,,,,,,,,,,,,,,,,,,,,,,,,,,,,,,,,,,,,,,,,,,,,,,,,,,,,,,,,,,,,,,,,,,,,,,,,,,,,,,,,,,,,,,,,,,,,,,,,,,,,,,,,,,,,,,,,,,,,,,,,,,,,,,,,,,,,,,,,,,,,,,,,,,,,,,,,,,,,,,,,,,,,,,,,,,,,,,,,,,,,,,,,,,,,,,,,,,,,,,,,,,,,,,,,,,,,,,,,,,,,,,,,,,,,,,,,,,,,,,,,,,,,,,,,,,,,,,,,,,,,,,,,,,,,,,,,,,,,,,,,,,,,,,,,,,,,,,,,,,,,,,,,,,,,,,,,,,,,,,,,,,,,,,,,,,,,,,,,,,,,,,,,,,,,,,,,,,,,,,,,,,,,,,,,
2024-01-22 00:00:00+00:00,,,,,,,,,,,,,,,,,,,,,,,,,,,,,,,,,,,,,,,,,,,,,,,,,,,,,,,,,,,,,,,,,,,,,,,,,,,,,,,,,,,,,,,,,,,,,,,,,,,,,,,,,,,,,,,,,,,,,,,,,,,,,,,,,,,,,,,,,,,,,,,,,,,,,,,,,,,,,,,,,,,,,,,,,,,,,,,,,,,,,,,,,,,,,,,,,,,,,,,,,,,,,,,,,,,,,,,,,,,,,,,,,,,,,,,,,,,,,,,,,,,,,,,,,,,,,,,,,,,,,,,,,,,,,,,,,,,,,,,,,,,,,,,,,,,,,,,,,,,,,,,,,,,,,,,,,,,,,,,,,,,,,,,,,,,,,,,,,,,,,,,,,,,,,,,,,,,,,,,,,,,,,,,,,,,,,,,,,,,,,,,,,,,,,,,,,,,,,,,,,,,,,,,,,,,,,,,,,,,,,,,,,,,,,,,,,,,,,,,,,,,,,,,,,,,,,,,,,,,,,,
2024-01-23 00:00:00+00:00,,,,,,,,,,,,,,,,,,,,,,,,,,,,,,,,,,,,,,,,,,,,,,,,,,,,,,,,,,,,,,,,,,,,,,,,,,,,,,,,,,,,,,,,,,,,,,,,,,,,,,,,,,,,,,,,,,,,,,,,,,,,,,,,,,,,,,,,,,,,,,,,,,,,,,,,,,,,,,,,,,,,,,,,,,,,,,,,,,,,,,,,,,,,,,,,,,,,,,,,,,,,,,,,,,,,,,,,,,,,,,,,,,,,,,,,,,,,,,,,,,,,,,,,,,,,,,,,,,,,,,,,,,,,,,,,,,,,,,,,,,,,,,,,,,,,,,,,,,,,,,,,,,,,,,,,,,,,,,,,,,,,,,,,,,,,,,,,,,,,,,,,,,,,,,,,,,,,,,,,,,,,,,,,,,,,,,,,,,,,,,,,,,,,,,,,,,,,,,,,,,,,,,,,,,,,,,,,,,,,,,,,,,,,,,,,,,,,,,,,,,,,,,,,,,,,,,,,,,,,,,
2024-01-24 00:00:00+00:00,,,,,,,,,,,,,,,,,,,,,,,,,,,,,,,,,,,,,,,,,,,,,,,,,,,,,,,,,,,,,,,,,,,,,,,,,,,,,,,,,,,,,,,,,,,,,,,,,,,,,,,,,,,,,,,,,,,,,,,,,,,,,,,,,,,,,,,,,,,,,,,,,,,,,,,,,,,,,,,,,,,,,,,,,,,,,,,,,,,,,,,,,,,,,,,,,,,,,,,,,,,,,,,,,,,,,,,,,,,,,,,,,,,,,,,,,,,,,,,,,,,,,,,,,,,,,,,,,,,,,,,,,,,,,,,,,,,,,,,,,,,,,,,,,,,,,,,,,,,,,,,,,,,,,,,,,,,,,,,,,,,,,,,,,,,,,,,,,,,,,,,,,,,,,,,,,,,,,,,,,,,,,,,,,,,,,,,,,,,,,,,,,,,,,,,,,,,,,,,,,,,,,,,,,,,,,,,,,,,,,,,,,,,,,,,,,,,,,,,,,,,,,,,,,,,,,,,,,,,,,,
2024-01-25 00:00:00+00:00,,,,,,,,,,,,,,,,,,,,,,,,,,,,,,,,,,,,,,,,,,,,,,,,,,,,,,,,,,,,,,,,,,,,,,,,,,,,,,,,,,,,,,,,,,,,,,,,,,,,,,,,,,,,,,,,,,,,,,,,,,,,,,,,,,,,,,,,,,,,,,,,,,,,,,,,,,,,,,,,,,,,,,,,,,,,,,,,,,,,,,,,,,,,,,,,,,,,,,,,,,,,,,,,,,,,,,,,,,,,,,,,,,,,,,,,,,,,,,,,,,,,,,,,,,,,,,,,,,,,,,,,,,,,,,,,,,,,,,,,,,,,,,,,,,,,,,,,,,,,,,,,,,,,,,,,,,,,,,,,,,,,,,,,,,,,,,,,,,,,,,,,,,,,,,,,,,,,,,,,,,,,,,,,,,,,,,,,,,,,,,,,,,,,,,,,,,,,,,,,,,,,,,,,,,,,,,,,,,,,,,,,,,,,,,,,,,,,,,,,,,,,,,,,,,,,,,,,,,,,,,
2024-01-26 00:00:00+00:00,,,,,,,,,,,,,,,,,,,,,,,,,,,,,,,,,,,,,,,,,,,,,,,,,,,,,,,,,,,,,,,,,,,,,,,,,,,,,,,,,,,,,,,,,,,,,,,,,,,,,,,,,,,,,,,,,,,,,,,,,,,,,,,,,,,,,,,,,,,,,,,,,,,,,,,,,,,,,,,,,,,,,,,,,,,,,,,,,,,,,,,,,,,,,,,,,,,,,,,,,,,,,,,,,,,,,,,,,,,,,,,,,,,,,,,,,,,,,,,,,,,,,,,,,,,,,,,,,,,,,,,,,,,,,,,,,,,,,,,,,,,,,,,,,,,,,,,,,,,,,,,,,,,,,,,,,,,,,,,,,,,,,,,,,,,,,,,,,,,,,,,,,,,,,,,,,,,,,,,,,,,,,,,,,,,,,,,,,,,,,,,,,,,,,,,,,,,,,,,,,,,,,,,,,,,,,,,,,,,,,,,,,,,,,,,,,,,,,,,,,,,,,,,,,,,,,,,,,,,,,,
2024-01-27 00:00:00+00:00,,,,,,,,,,,,,,,,,,,,,,,,,,,,,,,,,,,,,,,,,,,,,,,,,,,,,,,,,,,,,,,,,,,,,,,,,,,,,,,,,,,,,,,,,,,,,,,,,,,,,,,,,,,,,,,,,,,,,,,,,,,,,,,,,,,,,,,,,,,,,,,,,,,,,,,,,,,,,,,,,0.155,0.845,,,,,,,,,,,,,,,,,,,,,,,,,,,,,,,,,,,,,,,,,,,,,,,,,,,,,,,,,,,,,,,,,,,,,,,,,,,,,,,,,,,,,,,,,,,,,,,,,,,,,,,,,,,,,,,,,,,,,,,,,,,,,,,,,,,,,,,,,,,,,,,,,,,,,,,,,,,,,,,,,,,,,,,,,,,,,,,,,,,,,,,,,,,,,,,,,,,,,,,,,,,,,,,,,,,,,,,,,,,,,,,,,,,,,,,,,,,,,,,,,,,,,,,,,,,,,,,,,,,,,,,,,,,,,,,,,,,,,,,,,,,,,,,,,,,,,,,,,,,,
2024-01-28 00:00:00+00:00,,,,,,,,,,,,,,,,,,,,,,,,,,,,,,,,,,,,,,,,,,,,,,,,,,,,,,,,,,,,,,,,,,,,,,,,,,,,,,,,,,,,,,,,,,,,,,,,,,,,,,,,,,,,,,,,,,,,,,,,,,,,,,,,,,,,,,,,,,,,,,,,,,,,,,,,,,,,,,,,,0.17,0.83,,,,,,,,,,,,,,,,,,,,,,,,,,,,,,,,,,,,,,,,,,,,,,,,,,,,,,,,,,,,,,,,,,,,,,,,,,,,,,,,,,,,,,,,,,,,,,,,,,,,,,,,,,,,,,,,,,,,,,,,,,,,,,,,,,,,,,,,,,,,,,,,,,,,,,,,,,,,,,,,,,,,,,,,,,,,,,,,,,,,,,,,,,,,,,,,,,,,,,,,,,,,,,,,,,,,,,,,,,,,,,,,,,,,,,,,,,,,,,,,,,,,,,,,,,,,,,,,,,,,,,,,,,,,,,,,,,,,,,,,,,,,,,,,,,,,,,,,,,,,
2024-01-29 00:00:00+00:00,,,,,,,,,,,,,,,,,,,,,,,,,,,,,,,,,,,,,,,,,,,,,,,,,,,,,,,,,,,,,,,,,,,,,,,,,,,,,,,,,,,,,,,,,,,,,,,,,,,,,,,,,,,,,,,,,,,,,,,,,,,,,,,,,,,,,,,,,,,,,,,,,,,,,,,,,,,,,,,,,0.175,0.825,,,,,,,,,,,,,,,,,,,,,,,,,,,,,,,,,,,,,,,,,,,,,,,,,,,,,,,,,,,,,,,,,,,,,,,,,,,,,,,,,,,,,,,,,,,,,,,,,,,,,,,,,,,,,,,,,,,,,,,,,,,,,,,,,,,,,,,,,,,,,,,,,,,,,,,,,,,,,,,,,,,,,,,,,,,,,,,,,,,,,,,,,,,,,,,,,,,,,,,,,,,,,,,,,,,,,,,,,,,,,,,,,,,,,,,,,,,,,,,,,,,,,,,,,,,,,,,,,,,,,,,,,,,,,,,,,,,,,,,,,,,,,,,,,,,,,,,,,,,,
2024-01-30 00:00:00+00:00,,,,,,,,,,,,,,,,,,,,,,,,,,,,,,,,,,,,,,,,,,,,,,,,,,,,,,,,,,,,,,,,,,,,,,,,,,,,,,,,,,,,,,,,,,,,,,,,,,,,,,,,,,,,,,,,,,,,,,,,,,,,,,,,,,,,,,,,,,,,,,,,,,,,,,,,,,,,,,,,,0.175,0.825,,,,,,,,,,,,,,,,,,,,,,,,,,,,,,,,,,,,,,,,,,,,,,,,,,,,,,,,,,,,,,,,,,,,,,,,,,,,,,,,,,,,,,,,,,,,,,,,,,,,,,,,,,,,,,,,,,,,,,,,,,,,,,,,,,,,,,,,,,,,,,,,,,,,,,,,,,,,,,,,,,,,,,,,,,,,,,,,,,,,,,,,,,,,,,,,,,,,,,,,,,,,,,,,,,,,,,,,,,,,,,,,,,,,,,,,,,,,,,,,,,,,,,,,,,,,,,,,,,,,,,,,,,,,,,,,,,,,,,,,,,,,,,,,,,,,,,,,,,,,
2024-01-31 00:00:00+00:00,,,,,,,,,,,,,,,,,,,,,,,,,,,,,,,,,,,,,,,,,,,,,,,,,,,,,,,,,,,,,,,,,,,,,,,,,,,,,,,,,,,,,,,,,,,,,,,,,,,,,,,,,,,,,,,,,,,,,,,,,,,,,,,,,,,,,,,,,,,,,,,,,,,,,,,,,,,,,,,,,0.175,0.825,,,,,,,,,,,,,,,,,,,,,,,,,,,,,,,,,,,,,,,,,,,,,,,,,,,,,,,,,,,,,,,,,,,,,,,,,,,,,,,,,,,,,,,,,,,,,,,,,,,,,,,,,,,,,,,,,,,,,,,,,,,,,,,,,,,,,,,,,,,,,,,,,,,,,,,,,,,,,,,,,,,,,,,,,,,,,,,,,,,,,,,,,,,,,,,,,,,,,,,,,,,,,,,,,,,,,,,,,,,,,,,,,,,,,,,,,,,,,,,,,,,,,,,,,,,,,,,,,,,,,,,,,,,,,,,,,,,,,,,,,,,,,,,,,,,,,,,,,,,,
2024-02-01 00:00:00+00:00,,,,,,,,,,,,,,,,,,,,,,,,,,,,,,,,,,,,,,,,,,,,,,,,,,,,,,,,,,,,,,,,,,,,,,,,,,,,,,,,,,,,,,,,,,,,,,,,,,,0.5,0.5,,,,,,,,,,,,,,,,,,,,,,,,,,,,,,,,,,,,,,,,,,,,,,,,,,,,,,,,,,,,,0.175,0.825,,,,,,,,,,,,,,,,,,,,,,,,,,,,,,,,,,,,,,,,,,,,,0.3,0.7,,,,,,,,,,,,,,,,,,,,,,,,,,,,,,,,,,,,,,,,,,,,,,,,,,,,,,,,,,,,,,,,,,,,,,,,,,,,,,,,,,,0.75,0.25,,,,,,,,,,,,,,,,,,,,,,,,,,,,,,,,,,,,,,,,,,,,,,,,,,,,,,,,,,,,,,,,,,,,,,,,,,,,,,,,,,,,,,,,,,,,,,,,,,,,,,,,,,,,,,,,,,,,,,,,,,,,,,,,,,,,,,,,,,,,,,,,,0.485,0.515,,,,,,,,,,,,,,,,,,,,,,,,
2024-02-02 00:00:00+00:00,,,,,,,,,,,,,,,,,,,,,,,,,,,,,,,,,,,,,,,,,,,,,,,,,,,,,,,,,,,,,,,,,,,,,,,,,,,,,,,,,,,,,,,,,,,,,,,,,,,0.9695,0.0305,,,,,,,,,,,,,,,,,,,,,,,,,,,,,,,,,,,,,,,,,,,,,,,,,,,,,,,,,,,,,0.175,0.825,,,,,,,,,,,,,,,,,,,,,,,,,,,,,,,,,,,,,,,,,,,,,0.025,0.975,,,,,,,,,,,,,,,,,,,,,,,,,,,,,,,,,,,,,,,,,,,,,,,,,,,,,,,,,,,,,,,,,,,,,,,,,,,,,,,,,,,0.75,0.25,,,,,,,,,,,,,,,,,,,,,,,,,,,,,,,,,,,,,,,,,,,,,,,,,,,,,,,,,,,,,,,,,,,,,,,,,,,,,,,,,,,,,,,,,,,,,,,,,,,,,,,,,,,,,,,,,,,,,,,,,,,,,,,,,,,,,,,,,,,,,,,,,0.025,0.975,,,,,,,,,,,,,,,,,,,,,,,,
2024-02-03 00:00:00+00:00,,,,,,,,,,,,,,,,,,,,,,,,,,,,,,,,,,,,,,,,,,,,,,,,,,,,,,,,,,,,,,,,,,,,,,,,,,,,,,,,,,,,,,,,,,,,,,,,,,,0.895,0.105,,,,,,,,,,,,,,,,,,,,,,,,,,,,,,,,,,,,,,,,,,,,,,,,,,,,,,,,,,,,,0.155,0.845,,,,,,,,,,,,,,,,,,,,,,,,,,,,,,,,,,,,,,,,,,,,,0.025,0.975,,,,,,,,,,,,,,,,,,,,,,,,,,,,,,,,,,,,,,,,,,,,,,,,,,,,,,,,,,,,,,,,,,,,,,,,,,,,,,,,,,,0.75,0.25,,,,,,,,,,,,,,,,,,,,,,,,,,,,,,,,,,,,,,,,,,,,,,,,,,,,,,,,,,,,,,,,,,,,,,,,,,,,,0.5,0.5,,,,,,,,,,,,,,,,,,,,,,,,,,,,,,,,,,,,,0.5,0.5,,,,,,,,,,,,,,,,,0.5,0.5,,,0.5,0.5,,,,,,,0.025,0.975,,,,,,,,,,,,,,,,,,,,,,,0.5,0.5
2024-02-04 00:00:00+00:00,,,,,,,,,,,,,,,,,,,,,,,,,,,,,,,,,,,,,,,,,,,,,,,,,,,,,,,,,,,,,,,,,,,,,,,,,,,,,,,,,,,,,,,,,,,,,,,,,,,0.8905,0.1095,,,,,,,,,,,,,,,,,,,,,,,,,,,,,,,,,,,,,,,,,,,,,,,,,,,,,,,,,,,,,0.15,0.85,,,,,,,,,,,,,,,,,,,,,,,,,,,,,,,,,,,,,,,,,,,,,0.025,0.975,,,,,,,,,,,,,,,,,,,,,,,,,,,,,,,,,,,,,,,,,,,,,,,,,,,,,,,,,,,,,,,,,,,,,,,,,,,,,,,,,,,0.75,0.25,,,,,,,,,,,,,,,,,,,,,,,,,,,,,,,,,,,,,,,,,,,,,,,,,,,,,,,,,,,,,,,,,,,,,,,,,,,,,0.505,0.495,,,,,,,,,,,,,,,,,,,,,,,,,,,,,,,,,,,,,0.225,0.775,,,,,,,,,,,,,,,,,0.505,0.495,,,0.5,0.5,,,,,,,0.025,0.975,,,,,,,,,,,,,,,,,,,,,,,0.505,0.495
2024-02-05 00:00:00+00:00,,,,,,,,,,,,,,,,,,,,,,,,,,,,,,,,,,,,,,,,,,,,,,,,,,,,,,,,,,,,,,,,,,,,,,,,,,,,,,,,,,,,,,,,,,,,,,,,,,,0.887,0.113,,,,,,,,,,,,,,,,,,,,,,,,,,,,,,,,,,,,,,,,,,,,,,,,,,,,,,,,,,,,,0.15,0.85,,,,,,,,,,,,,,,,,,,,,,,,,,,,,,,,,,,,,,,,,,,,,0.025,0.975,,,,,,,,,,,,,,,,,,,,,,,,,,,,,,,,,,,,,,,,,,,,,,,,,,,,,,,,,,,,,,,,,,,,,,,,,,,,,,,,,,,0.75,0.25,,,,,,,,,,,,,,,,,,,,,,,,,,,,,,,,,,,,,,,,,,,,,,,,,,,,,,,,,,,,,,,,,,,,,,,,,,,,,0.33,0.67,,,,,,,,,,,,,,,,,,,,,,,,,,,,,,,,,,,,,0.5,0.5,,,,,,,,,,,,,,,,,0.505,0.495,,,0.5,0.5,,,,,,,0.025,0.975,,,,,,,,,,,,,,,,,,,,,,,0.505,0.495
2024-02-06 00:00:00+00:00,,,,,,,,,,,,,,,,,,,,,,,,,,,,,,,,,,,,,,,,,,,,,,,,,,,,,,,,,,,,,,,,,,,,,,,,,,,,,,,,,,,,,,,,,,,,,,,,,,,0.871,0.129,,,,,,,,,,,,,,,,,,,,,,,,,,,,,,,,,,,,,,,,,,,,,,,,,,,,,,,,,,,,,0.165,0.835,,,,,,,,,,,,,,,,,,,,,,,,,,,,,,,,,,,,,,,,,,,,,0.025,0.975,,,,,,,,,,,,,,,,,,,,,,,,,,,,,,,,,,,,,,,,,,,,,,,,,,,,,,,,,,,,,,,,,,,,,,,,,,,,,,,,,,,0.75,0.25,,,,,,,,,,,,,,,,,,,,,,,,,,,,,,,,,,,,,,,,,,,,,,,,,,,,,,,,,,,,,,,,,,,,,,,,,,,,,0.33,0.67,,,,,,,,,,,,,,,,,,,,,,,,,,,,,,,,,,,,,0.5,0.5,,,,,,,,,,,,,,,,,0.505,0.495,,,0.5,0.5,,,,,,,0.025,0.975,,,,,,,,,,,,,,,,,,,,,,,0.5,0.5
2024-02-07 00:00:00+00:00,,,,,,,,,,,,,,,,,,,,,,,,,,,,,,,,,,,,,,,,,,,,,,,,,,,,,,,,,,,,,,,,,,,,,,,,,,,,,,,,,,,,,,,,,,,,,,,,,,,0.867,0.133,,,,,,,,,,,,,,,,,,,,,,,,,,,,,,,,,,,,,,,,,,,,,,,,,,,,,,,,,,,,,0.165,0.835,,,,,,,,,,,,,,,,,,,,,,,,,,,,,,,,,,,,,,,,,,,,,0.025,0.975,,,,,,,,,,,,,,,,,,,,,,,,,,,,,,,,,,,,,,,,,,,,,,,,,,,,,,,,,,,,,,,,,,,,,,,,,,,,,,,,,,,0.515,0.485,,,,,,,,,,,,,,,,,,,,,,,,,,,,,,,,,,,,,,,,,,,,,,,,,,,,,,,,,,,,,,,,,,,,,,,,,,,,,0.33,0.67,,,,,,,,,,,,,,,,,,,,,,,,,,,,,,,,,,,,,0.5,0.5,,,,,,,,,,,,,,,,,0.505,0.495,,,0.5,0.5,,,,,,,0.025,0.975,,,,,,,,,,,,,,,,,,,,,,,0.505,0.495
2024-02-08 00:00:00+00:00,,,,,,,,,,,,,,,,,,,,,,,,,,,,,,,,,,,,,,,,,,,,,,,,,,,,,,,,,,,,,,,,,,,,,,,,,,,,,,,,,,,,,,,,,,,,,,,,,,,0.8595,0.1405,,,,,,,,,,,,,,,,,,,,,,,,,,,,,,,,,,,,,,,,,,,,,,,,,,,,,,,,,,,,,0.165,0.835,,,,,,,,,,,,,,,,,,,,,,,,,,,,,,,,,,,,,,,,,,,,,0.025,0.975,,,,,,,,,,,,,,,,,,,,,,,,,,,,,,,,,,,,,,,,,,,,,,,,,,,,,,,,,,,,,,,,,,,,,,,,,,,,,,,,,,,0.5225,0.4775,,,,,,,,,,,,,,,,,,,,,,,,,,,,,,,,,,,,,,,,,,,,,,,,,,,,,,,,,,,,,,,,,,,,,,,,,,,,,0.33,0.67,,,,,,,,,,,,,,,,,,,,,,,,,,,,,,,,,,,,,0.48,0.52,,,,,,,,,,,,,,,,,0.47,0.53,,,0.485,0.515,,,,,,,0.025,0.975,,,,,,,,,,,,,,,,,,,,,,,0.485,0.515
2024-02-09 00:00:00+00:00,,,,,,,,,,,,,,,,,,,,,,,,,,,,,,,,,,,,,,,,,,,,,,,,,,,,,,,,,,,,,,,,,,,,,,,,,,,,,,,,,,,,,,,,,,,,,,,,,,,0.8635,0.1365,,,,,,,,,,,,,,,,,,,,,,,,,,,,,,,,,,,,,,,,,,,,,,,,,,,,,,,,,,,,,0.165,0.835,,,,,,,,,,,,,,,,,,,,,,,,,,,,,,,,,,,,,,,,,,,,,0.025,0.975,,,,,,,,,,,,,,,,,,,,,,,,,,,,,,,,,,,,,,,,,,,,,,,,,,,,,,,,,,,,,,,,,,,,,,,,,,,,,,,,,,,0.5225,0.4775,,,,,,,,,,,,,,,,,,,,,,,,,,,,,,,,,,,,,,,,,,,,,,,,,,,,,,,,,,,,,,,,,,,,,,,,,,,,,0.465,0.535,,,,,,,,,,,,,,,,,,,,,,,,,,,,,,,,,,,,,0.48,0.52,,,,,,,,,,,,,,,,,0.47,0.53,,,0.485,0.515,,,,,,,0.025,0.975,,,,,,,,,,,,,,,,,,,,,,,0.485,0.515
2024-02-10 00:00:00+00:00,,,,,,,,,,,,,,,,,,,,,,,,,,,,,,,,,,,,,,,,,,,,,,,,,,,,,,,,,,,,,,,,,,,,,,,,,,,,,,,,,,,,,,,,,,,,,,,,,,,0.8635,0.1365,,,,,,,,,,,,,,,,,,,,,,,,,,,,,,,,,,,,,,,,,,,,,,,,,,,,,,,,,,,,,0.165,0.835,,,,,,,,,,,,,,,,,,,,,,,,,,,,,,,,,,,,,,,,,,,,,0.1,0.9,,,,,,,,,,,,,,,,,,,,,,,,,,,,,,,,,,,,,,,,,,,,,,,,,,,,,,,,,,,,,,,,,,,,,,,,,,,,,,,,,,,0.5225,0.4775,,,,,,,,,,,,,,,,,,,,,,,,,,,,,,,,,,,,,,,,,,,,,,,,,,,,,,,,,,,,,,,,,,,,,,,,,,,,,0.465,0.535,,,,,,,,,,,,,,,,,,,,,,,,,,,,,,,,,,,,,0.48,0.52,,,,,,,,,,,,,,,,,0.47,0.53,,,0.485,0.515,,,,,,,0.025,0.975,,,,,,,,,,,,,,,,,,,,,,,0.485,0.515
2024-02-11 00:00:00+00:00,,,,,,,,,,,,,,,,,,,,,,,,,,,,,,,,,,,,,,,,,,,,,,,,,,,,,,,,,,,,,,,,,,,,,,,,,,,,,,,,,,,,,,,,,,,,,,,,,,,0.862,0.138,,,,,,,,,,,,,,,,,,,,,,,,,,,,,,,,,,,,,,,,,,,,,,,,,,,,,,,,,,,,,0.165,0.835,,,,,,,,,,,,,,,,,,,,,,,,,,,,,,,,,,,,,,,,,,,,,0.025,0.975,,,,,,,,,,,,,,,,,,,,,,,,,,,,,,,,,,,,,,,,,,,,,,,,,,,,,,,,,,,,,,,,,,,,,,,,,,,,,,,,,,,0.5225,0.4775,,,,,,,,,,,,,,,,,,,,,,,,,,,,,,,,,,,,,,,,,,,,,,,,,,,,,,,,,,,,,,,,,,,,,,,,,,,,,0.105,0.895,,,,,,,,,,,,,,,,,,,,,,,,,,,,,,,,,,,,,0.425,0.575,,,,,,,,,,,,,,,,,0.09,0.91,,,0.18,0.82,,,,,,,0.025,0.975,,,,,,,,,,,,,,,,,,,,,,,0.15,0.85
2024-02-12 00:00:00+00:00,,,,,,,,,,,,,,,,,,,,,,,,,,,,,,,,,,,,,,,,,,,,,,,,,,,,,,,,,,,,,,,,,,,,,,,,,,,,,,,,,,,,,,,,,,,,,,,,,,,0.862,0.138,,,,,,,,,,,,,,,,,,,,,,,,,,,,,,,,,,,,,,,,,,,,,,,,,,,,,,,,,,,,,0.165,0.835,,,,,,,,,,,,,,,,,,,,,,,,,,,,,,,,,,,,,,,,,,,,,0.025,0.975,,,,,,,,,,,,,,,,,,,,,,,,,,,,,,,,,,,,,,,,,,,,,,,,,,,,,,,,,,,,,,,,,,,,,,,,,,,,,,,,,,,0.5225,0.4775,,,,,,,,,,,,,,,,,,,,,,,,,,,,,,,,,,,,,,,,,,,,,,,,,,,,,,,,,,,,,,,,,,,,,,,,,,,,,0.105,0.895,,,,,,,,,,,,,,,,,,,,,,,,,,,,,,,,,,,,,0.435,0.565,,,,,,,,,,,,,,,,,0.09,0.91,,,0.185,0.815,,,,,,,0.025,0.975,,,,,,,,,,,,,,,,,,,,,,,0.155,0.845
2024-02-13 00:00:00+00:00,,,,,,,,,,,,,,,,,,,,,,,,,,,,,,,,,,,,,,,,,,,,,,,,,,,,,,,,,,,,,,,,,,,,,,,,,,,,,,,,,,,,,,,,,,,,,,,,,,,0.862,0.138,,,,,,,,,,,,,,,,,,,,,,,,,,,,,,,,,,,,,,,,,,,,,,,,,,,,,,,,,,,,,0.165,0.835,,,,,,,,,,,,,,,,,,,,,,,,,,,,,,,,,,,,,,,,,,,,,0.025,0.975,,,,,,,,,,,,,,,,,,,,,,,,,,,,,,,,,,,,,,,,,,,,,,,,,,,,,,,,,,,,,,,,,,,,,,,,,,,,,,,,,,,0.5225,0.4775,,,,,,,,,,,,,,,,,,,,,,,,,,,,,,,,,,,,,,,,,,,,,,,,,,,,,,,,,,,,,,,,,,,,,,,,,,,,,0.105,0.895,,,,,,,,,,,,,,,,,,,,,,,,,,,,,,,,,,,,,0.435,0.565,,,,,,,,,,,,,,,,,0.085,0.915,,,0.185,0.815,,,,,,,0.025,0.975,,,,,,,,,,,,,,,,,,,,,,,0.155,0.845
2024-02-14 00:00:00+00:00,,,,,,,,,,,,,,,,,,,,,,,,,,,,,,,,,,,,,,,,,,,,,,,,,,,,,,,,,,,,,,,,,,,,,,,,,,,,,,,,,,,,,,,,,,,0.5,0.5,,,,,,,0.68,0.32,,,,,,,,,,,,,,,,,,,,,,,,,,,,,,,,,,,,,,,,,,,,,,,,,,,,,,,,,,,,,0.45,0.55,,,,,,,,,,,,,,,,,,,,,,,,,,,,,,,,,,,,,,,,,,,,,0.025,0.975,,,,,,,,,,,,,,,,,,,,,,,,,,,,,,,,,,,,,,,,,,,,,,,,,,,,,,,,,,,,,,,,,,,,,,,,,,,,,,,,,,,0.5225,0.4775,,,,,,,,,,,,,,,,,,,,,,,,,,,,,,,,,,,,,,,,,,,,,,,,,,,,,,,,,,,,,,,,,,,,,,,,,,,,,0.105,0.895,,,,,,,,,,,,,,,,,,,,,,,,,,,,,,,,,,,,,0.435,0.565,,,,,,,,,,,,,,,,,0.085,0.915,,,0.185,0.815,,,,,,,0.025,0.975,,,,,,,,,,,,,,,,,,,,,,,0.155,0.845
2024-02-15 00:00:00+00:00,,,,,,,,,,,,,,,,,,,,,,,,,,,,,,,,,,,,,,,,,,,,,,,,,,,,,,,,,,,,,,,,,,,,,,,,,,,,,,,,,,,,,,,,,,,0.8715,0.1285,,,,,,,0.68,0.32,,,,,,,,,,,,,,,,,,,,,,,,,,,,,,,,,,,,,,,,,,,,,,,,,,,,,,,,,,,,,0.29,0.71,,,,,,,,,,,,,,,,,,,,,,,,,,,,,,,,,,,,,,,,,,,,,0.025,0.975,,,,,,,,,,,,,,,,,,,,,,,,,,,,,,,,,,,,,,,,,,,,,,,,,,,,,,,,,,,,,,,,,,,,,,,,,,,,,,,,,,,0.5225,0.4775,,,,,,,,,,,,,,,,,,,,,,,,,,,,,,,,,,,,,,,,,,,,,,,,,,,,,,,,,,,,,,,,,,,,,,,,,,,,,0.105,0.895,,,,,,,,,,,,,,,,,,,,,,,,,,,,,,,,,,,,,0.425,0.575,,,,,,,,,,,,,,,,,0.085,0.915,,,0.185,0.815,,,,,,,0.025,0.975,,,,,,,,,,,,,,,,,,,,,,,0.155,0.845
2024-02-16 00:00:00+00:00,,,,,,,,,,,,,,,,,,,,,,,,,,,,,,,,,,,,,,,,,,,,,,,,,,,,,,,,,,,,,,,,,,,,,,,,,,,,,,,,,,,,,,,,,,,0.8375,0.1625,,,,,,,0.675,0.325,,,,,,,,,,,,,,,,,,,,,,,,,,,,,,,,,,,,,,,,,,,,,,,,,,,,,,,,,,,,,0.21,0.79,,,,,,,,,,,,,,,,,,,,,,,,,,,,,,,,,,,,,,,,,,,,,0.025,0.975,,,,,,,,,,,,,,,,,,,,,,,,,,,,,,,,,,,,,,,,,,,,,,,,,,,,,,,,,,,,,,,,,,,,,,,,,,,,,,,,,,,0.5225,0.4775,,,,,,,,,,,,,,,,,,,,,,,,,,,,,,,,,,,,,,,,,,,,,,,,,,,,,,,,,,,,,,,,,,,,,,,,,,,,,0.11,0.89,,,,,,,,,,,,,,,,,,,,,,,,,,,,,,,,,,,,,0.435,0.565,,,,,,,,,,,,,,,,,0.085,0.915,,,0.185,0.815,,,,,,,0.025,0.975,,,,,,,,,,,,,,,,,,,,,,,0.155,0.845
2024-02-17 00:00:00+00:00,,,,,,,,,,,,,,,,,,,,,,,,,,,,,,,,,,,,,,,,,,,,,,,,,,,,,,,,,,,,,,,,,,,,,,,,,,,,,,,,,,,,,,,,,,,0.845,0.155,,,,,,,0.64,0.36,,,,,,,,,,,,,,,,,,,,,,,,,,,,,,,,,,,,,,,,,,,,,,,,,,,,,,,,,,,,,0.22,0.78,,,,,,,,,,,,,,,,,,,,,,,,,,,,,,,,,,,,,,,,,,,,,0.025,0.975,,,,,,,,,,,,,,,,,,,,,,,,,,,,,,,,,,,,,,,,,,,,,,,,,,,,,,,,,,,,,,,,,,,,,,,,,,,,,,,,,,,0.96,0.04,,,,,,,,,,,,,,,,,,,,,,,,,,,,,,,,,,,,,,,,,,,,,,,,,,,,,,,,,,,,,,,,,,,,,,,,,,,,,0.115,0.885,,,,,,,,,,,,,,,,,,,,,,,,,,,,,,,,,,,,,0.425,0.575,,,,,,,,,,,,,,,,,0.085,0.915,,,0.175,0.825,,,,,,,0.025,0.975,,,,,,,,,,,,,,,,,,,,,,,0.145,0.855
2024-02-18 00:00:00+00:00,,,,,,,,,,,,,,,,,,,,,,,,,,,,,,,,,,,,,,,,,,,,,,,,,,,,,,,,,,,,,,,,,,,,,,,,,,,,,,,,,,,,,,,,,,,0.825,0.175,,,,,,,0.6575,0.3425,,,,,,,,,,,,,,,,,,,,,,,,,,,,,,,,,,,,,,,,,,,,,,,,,,,,,,,,,,,,,0.21,0.79,,,,,,,,,,,,,,,,,,,,,,,,,,,,,,,,,,,,,,,,,,,,,0.0105,0.9895,,,,,,,,,,,,,,,,,,,,,,,,,,,,,,,,,,,,,,,,,,,,,,,,,,,,,,,,,,,,,,,,,,,,,,,,,,,,,,,,,,,0.965,0.035,,,,,,,,,,,,,,,,,,,,,,,,,,,,,,,,,,,,,,,,,,,,,,,,,,,,,,,,,,,,,,,,,,,,,,,,,,,,,0.115,0.885,,,,,,,,,,,,,,,,,,,,,,,,,,,,,,,,,,,,,0.43,0.57,,,,,,,,,,,,,,,,,0.085,0.915,,,0.18,0.82,,,,,,,0.01,0.99,,,,,,,,,,,,,,,,,,,,,,,0.15,0.85
2024-02-19 00:00:00+00:00,,,,,,,,,,,,,,,,,,,,,,,,,,,,,,,,,,,,,,,,,,,,,,,,,,,,,,,,,,,,,,,,,,,,,,,,,,,,,,,,,,,,,,,,,,,0.8225,0.1775,,,,,,,0.6565,0.3435,,,,,,,,,,,,,,,,,,,,,,,,,,,,,,,,,,,,,,,,,,,,,,,,,,,,,,,,,,,,,0.205,0.795,,,,,,,,,,,,,,,,,,,,,,,,,,,,,,,,,,,,,,,,,,,,,0.016,0.984,,,,,,,,,,,,,,,,,,,,,,,,,,,,,,,,,,,,,,,,,,,,,,,,,,,,,,,,,,,,,,,,,,,,,,,,,,,,,,,,,,,0.962,0.038,,,,,,,,,,,,,,,,,,,,,,,,,,,,,,,,,,,,,,,,,,,,,,,,,,,,,,,,,,,,,,,,,,,,,,,,,,,,,0.105,0.895,,,,,,,,,,,,,,,,,,,,,,,,,,,,,,,,,,,,,0.43,0.57,,,,,,,,,,,,,,,,,0.085,0.915,,,0.185,0.815,,,,,,,0.01,0.99,,,,,,,,,,,,,,,,,,,,,,,0.15,0.85
2024-02-20 00:00:00+00:00,,,,,,,,,,,,,,,,,,,,,,,,,,,,,,,,,,,,,,,,,,,,,,,,,,,,,,,,,,,,,,,,,,,,,,,,,,,,,,,,,,,,,,,,,,,0.8225,0.1775,,,,,,,0.656,0.344,,,,,,,,,,,,,,,,,,,,,,,,,,,,,,,,,,,,,,,,,,,,,,,,,,,,,,,,,,,,,0.245,0.755,,,,,,,,,,,,,,,,,,,,,,,,,,,,,,,,,,,,,,,,,,,,,0.016,0.984,,,,,,,,,,,,,,,,,,,,,,,,,,,,,,,,,,,,,,,,,,,,,,,,,,,,,,,,,,,,,,,,,,,,,,,,,,,,,,,,,,,0.9615,0.0385,,,,,,,,,,,,,,,,,,,,,,,,,,,,,,,,,,,,,,,,,,,,,,,,,,,,,,,,,,,,,,,,,,,,,,,,,,,,,0.105,0.895,,,,,,,,,,,,,,,,,,,,,,,,,,,,,,,,,,,,,0.43,0.57,,,,,,,,,,,,,,,,,0.095,0.905,,,0.185,0.815,,,,,,,0.01,0.99,,,,,,,,,,,,,,,,,,,,,,,0.155,0.845
2024-02-21 00:00:00+00:00,,,,,,,,,,,,,,,,,,,,,,,,,,,,,,,,,,,,,,,,,,,,,,,,,,,,,,,,,,,,,,,,,,,,,,,,,,,,,,,,,,,,,,,,,,,0.8225,0.1775,,,,,,,0.6565,0.3435,,,,,,,,,,,,,,,,,,,,,,,,,,,,,,,,,,,,,,,,,,,,,,,,,,,,,,,,,,,,,0.25,0.75,,,,,,,,,,,,,,,,,,,,,,,,,,,,,,,,,,,,,,,,,,,,,0.026,0.974,,,,,,,,,,,,,,,,,,,,,,,,,,,,,,,,,,,,,,,,,,,,,,,,,,,,,,,,,,,,,,,,,,,,,,,,,,,,,,,,,,,0.9615,0.0385,,,,,,,,,,,,,,,,,,,,,,,,,,,,,,,,,,,,,,,,,,,,,,,,,,,,,,,,,,,,,,,,,,,,,,,,,,,,,0.105,0.895,,,,,,,,,,,,,,,,,,,,,,,,,,,,,,,,,,,,,0.43,0.57,,,,,,,,,,,,,,,,,0.095,0.905,,,0.185,0.815,,,,,,,0.0105,0.9895,,,,,,,,,,,,,,,,,,,,,,,0.155,0.845
2024-02-22 00:00:00+00:00,,,,,,,,,,,,,,,,,,,,,,,,,,,,,,,,,,,,,,,,,,,,,,,,,,,,,,,,,,,,,,,,,,,,,,,,,,,,,,,,,,,,,,,,,,,0.829,0.171,,,,,,,0.658,0.342,,,,,,,,,,,,,,,,,,,,,,,,,,,,,,,,,,,,,,,,,,,,,,,,,,,,,,,,,,,,,0.37,0.63,,,,,,,,,,,,,,,,,,,,,,,,,,,,,,,,,,,,,,,,,,,,,0.0415,0.9585,,,,,,,,,,,,,,,,,,,,,,,,,,,,,,,,,,,,,,,,,,,,,,,,,,,,,,,,,,,,,,,,,,,,,,,,,,,,,,,,,,,0.9345,0.0655,,,,,,,,,,,,,,,,,,,,,,,,,,,,,,,,,,,,,,,,,,,,,,,,,,,,,,,,,,,,,,,,,,,,,,,,,,,,,0.105,0.895,,,,,,,,,,,,,,,,,,,,,,,,,,,,,,,,,,,,,0.43,0.57,,,,,,,,,,,,,,,,,0.095,0.905,,,0.185,0.815,,,,,,,0.0105,0.9895,,,,,,,,,,,,,,,,,,,,,,,0.155,0.845
2024-02-23 00:00:00+00:00,,,,,,,,,,,,,,,,,,,,,,,,,,,,,,,,,,,,,,,,,,,,,,,,,,,,,,,,,,,,,,,,,,,,,,,,,,,,,,,,,,,,,,,,,,,0.843,0.157,,,,,,,0.705,0.295,,,,,,,,,,,,,,,,,,,,,,,,,,,,,,,,,,,,,,,,,,,,,,,,,,,,,,,,,,,,,0.395,0.605,,,,,,,,,,,,,,,,,,,,,,,,,,,,,,,,,,,,,,,,,,,,,0.0415,0.9585,,,,,,,,,,,,,,,,,,,,,,,,,,,,,,,,,,,,,,,,,,,,,,,,,,,,,,,,,,,,,,,,,,,,,,,,,,,,,,,,,,,0.9345,0.0655,,,,,,,,,,,,,,,,,,,,,,,,,,,,,,,,,,,,,,,,,,,,,,,0.68,0.32,,,,,,,,,,,,,,,,,,,,,,,,,,,,,0.105,0.895,,,,,,,,,,,,,,,,,,,,,,,,,,,,,,,,,,,,,0.43,0.57,,,,,,,,,,,,,,,,,0.095,0.905,,,0.185,0.815,,,,,,,0.0105,0.9895,,,,,,,,,,,,,,,,,,,,,,,0.155,0.845
2024-02-24 00:00:00+00:00,,,,,,,,,,,,,,,,,,,,,,,,,,,,,,,,,,,,,,,,,,,,,,,,,,,,,,,,,,,,,,,,,,,,,,,,,,,,,,,,,,,,,,,,,,,0.8485,0.1515,,,,,,,0.72,0.28,,,,,,,,,,,,,,,,,,,,,,,,,,,,,,,,,,,,,,,,,,,,,,,,,,,,,,,,,,,,,0.41,0.59,,,,,,,,,,,,,,,,,,,,,,,,,,,,,,,,,,,,,,,,,,,,,0.0415,0.9585,,,,,,,,,,,,,,,,,,,,,,,,,,,,,,,,,,,,,,,,,,,,,,,,,,,,,,,,,,,,,,,,,,,,,,,,,,,,,,,,,,,0.9365,0.0635,,,,,,,,,,,,,,,,,,,,,,,,,,,,,,,,,,,,,,,,,,,,,,,0.355,0.645,,,,,,,,,,,,,,,,,,,,,,,,,,,,,0.105,0.895,,,,,,,,,,,,,,,,,,,,,,,,,,,,,,,,,,,,,0.43,0.57,,,,,,,,,,,,,,,,,0.095,0.905,,,0.18,0.82,,,,,,,0.01,0.99,,,,,,,,,,,,,,,,,,,,,,,0.155,0.845
2024-02-25 00:00:00+00:00,,,,,,,,,,,,,,,,,,,,,,,,,,,,,,,,,,,,,,,,,,,,,,,,,,,,,,,,,,,,,,,,,,,,,,,,,,,,,,,,,,,,,,,,,,,0.845,0.155,,,,,,,0.704,0.296,,,,,,,,,,,,,,,,,,,,,,,,,,,,,,,,,,,,,,,,,,,,,,,,,,,,,,,,,,,,,0.405,0.595,,,,,,,,,,,,,,,,,,,,,,,,,,,,,,,,,,,,,,,,,,,,,0.0415,0.9585,,,,,,,,,,,,,,,,,,,,,,,,,,,,,,,,,,,,,,,,,,,,,,,,,,,,,,,,,,,,,,,,,,,,,,,,,,,,,,,,,,,0.9445,0.0555,,,,,,,,,,,,,,,,,,,,,,,,,,,,,,,,,,,,,,,,,,,,,,,0.2,0.8,,,,,,,,,,,,,,,,,,,,,,,,,,,,,0.105,0.895,,,,,,,,,,,,,,,,,,,,,,,,,,,,,,,,,,,,,0.43,0.57,,,,,,,,,,,,,,,,,0.095,0.905,,,0.18,0.82,,,,,,,0.01,0.99,,,,,,,,,,,,,,,,,,,,,,,0.155,0.845
2024-02-26 00:00:00+00:00,,,,,,,,,,,,,,,,,,,,,,,,,,,,,,,,,,,,,,,,,,,,,,,,,,,,,,,,,,,,,,,,,,,,,,,,,,,,,,,,,,,,,,,,,,,0.8545,0.1455,,,,,,,0.7135,0.2865,,,,,,,,,,,,,,,,,,,,,,,,,,,,,,,,,,,,,,,,,,,,,,,,,,,,,,,,,,,,,0.445,0.555,,,,,,,,,,,,,,,,,,,,,,,,,,,,,,,,,,,,,,,,,,,,,0.0405,0.9595,,,,,,,,,,,,,,,,,,,,,,,,,,,,,,,,,,,,,,,,,,,,,,,,,,,,,,,,,,,,,,,,,,,,,,,,,,,,,,,,,,,0.954,0.046,,,,,,,,,,,,,,,,,,,,,,,,,,,,,,,,,,,,,,,,,,,,,,,0.085,0.915,,,,,,,,,,,,,,,,,,,,,,,,,,,,,0.105,0.895,,,,,,,,,,,,,,,,,,,,,,,,,,,,,,,,,,,,,0.435,0.565,,,,,,,,,,,,,,,,,0.095,0.905,,,0.18,0.82,,,,,,,0.0095,0.9905,,,,,,,,,,,,,,,,,,,,,,,0.155,0.845
2024-02-27 00:00:00+00:00,,,,,,,,,,,,,,,,,,,,,,,,,,,,,,,,,,,,,,,,,,,,,,,,,,,,,,,,,,,,,,,,,,,,,,,,,,,,,,,,,,,,,,,,,,,0.8545,0.1455,,,,,,,0.703,0.297,,,,,,,,,,,,,,,,,,,,,,,,,,,,,,,,,,,,,,,,,,,,,,,,,,,,,,,,,,,,,0.415,0.585,,,,,,,,,,,,,,,,,,,,,,,,,,,,,,,,,,,,,,,,,,,,,0.0405,0.9595,,,,,,,,,,,,,,,,,,,,,,,,,,,,,,,,,,,,,,,,,,,,,,,,,,,,,,,,,,,,,,,,,,,,,,,,,,,,,,,,,,,0.9535,0.0465,,,,,,,,,,,,,,,,,,,,,,,,,,,,,,,,,,,,,,,,,,,,,,,0.045,0.955,,,,,,,,,,,,,,,,,,,,,,,,,,,,,0.12,0.88,,,,,,,,,,,,,,,,,,,,,,,,,,,,,,,,,,,,,0.435,0.565,,,,,,,,,,,,,,,,,0.095,0.905,,,0.18,0.82,,,,,,,0.0095,0.9905,,,,,,,,,,,,,,,,,,,,,,,0.155,0.845
2024-02-28 00:00:00+00:00,,,,,,,,,,,,,,,,,,,,,,,,,,,,,,,,,,,,,,,,,,,,,,,,,,,,,,,,,,,,,,,,,,,,,,,,,,,,,,,,,,,,,,,,,,,0.854,0.146,,,,,,,0.657,0.343,,,,,,,,,,,,,,,,,,,,,,,,,,,,,,,,,,,,,,,,,,,,,,,,,,,,,,,,,,,,,0.345,0.655,,,,,,,,,,,,,,,,,,,,,,,,,,,,,,,,,,,,,,,,,,,,,0.041,0.959,,,,,,,,,,,,,,,,,,,,,,,,,,,,,,,,,,,,,,,,,,,,,,,,,,,,,,,,,,,,,,,,,,,,,,,,,,,,,,,,,,,0.954,0.046,,,,,,,,,,,,,,,,,,,,,,,,,,,,,,,,,,,,,,,,,,,,,,,0.0075,0.9925,,,,,,,,,,,,,,,,,,,,,,,,,,,,,0.115,0.885,,,,,,,,,,,,,,,,,,,,,,,,,,,,,,,,,,,,,0.43,0.57,,,,,,,,,,,,,,,,,0.095,0.905,,,0.175,0.825,,,,,,,0.0035,0.9965,,,,,,,,,,,,,,,,,,,,,,,0.15,0.85
2024-02-29 00:00:00+00:00,,,,,,,,,,,,,,,,,,,,,,,,,,,,,,,,,,,,,,,,,,,,,,,,,,,,,,,,,,,,,,,,,,,,,,,,,,,,,,,,,,,,,,,,,,,0.8495,0.1505,,,,,,,0.648,0.352,,,,,,,,,,,,,,,,,,,,,,,,,,,,,,,,,,,,,,,,,,,,,,,,,,,,,,,,,,,,,0.095,0.905,,,,,,,,,,,,,,,,,,,,,,,,,,,,,,,,,,,,,,,,,,,,,0.039,0.961,,,,,,,,,,,,,,,,,,,,,,,,,,,,,,,,,,,,,,,,,,,,,,,,,,,,,,,,,,,,,,,,,,,,,,,,,,,,,,,,,,,0.9545,0.0455,,,,,,,,,,,,,,,,,,,,,,,,,,,,,,,,,,,,,,,,,,,,,,,0.0075,0.9925,,,,,,,,,,,,,,,,,,,,,,,,,,,,,0.115,0.885,,,,,,,,,,,,,,,,,,,,,,,,,,,,,,,,,,,,,0.43,0.57,,,,,,,,,,,,,,,,,0.095,0.905,,,0.175,0.825,,,,,,,0.0035,0.9965,,,,,,,,,,,,,,,,,,,,,,,0.15,0.85
2024-03-01 00:00:00+00:00,,,,,,,,,,,,,,,,,,,,,,,,,,,,,,,,,,,,,,,,,,,,,,,,,,,,,,,,,,,,,,,,,,,,,,,,,,,,,,,,,,,,,,,,,,,0.849,0.151,,,,,,,0.683,0.317,,,,,,,,,,,,,,,,,,,,,,,,,,,,,,,,,,,,,,,,,,,,,,,,,,,,,,,,,,,,,0.07,0.93,,,,,,,,,,,,,,,,,,,,,,,,,,,,,,,,,,,,,,,,,,,,,0.025,0.975,,,,,,,,,,,,,,,,,,,,,,,,,,,,,,,,,,,,,,,,,,,,,,,,,,,,,,,,,,,,,,,,,,,,,,,,,,,,,,,,,,,0.9545,0.0455,,,,,,,,,,,,,,,,,,,,,,,,,,,,,,,,,,,,,,,,,,,,,,,0.005,0.995,,,,,,,,,,,,,,,,,,,,,,,,,,,,,0.115,0.885,,,,,,,,,,,,,,,,,,,,,,,,,,,,,,,,,,,,,0.425,0.575,,,,,,,,,,,,,,,,,0.1,0.9,,,0.175,0.825,,,,,,,0.0035,0.9965,,,,,,,,,,,,,,,,,,,,,,,0.155,0.845
2024-03-02 00:00:00+00:00,,,,,,,,,,,,,,,,,,,,,,,,,,,,,,,,,,,,,,,,,,,,,,,,,,,,,,,,,,,,,,,,,,,,,,,,,,,,,,,,,,,,,,,,,,,0.838,0.162,,,,,,,0.675,0.325,,,,,,,,,,,,,,,,,,,,,,,,,,,,,,,,,,,,,,,,,,,,,,,,,,,,,,,,,,,,,0.07,0.93,,,,,,,,,,,,,,,,,,,,,,,,,,,,,,,,,,,,,,,,,,,,,0.0225,0.9775,,,,,,,,,,,,,,,,,,,,,,,,,,,,,,,,,,,,,,,,,,,,,,,,,,,,,,,,,,,,,,,,,,,,,0.5,0.5,,,,,,,,,,,,,0.954,0.046,,,,,,,,,,,,,,,,,,,,,,,,,,,,,,,,,,,,,,,,,,,,,,,,,,,,,,,,,,,,,,,,,,,,,,,,,,,,,0.12,0.88,,,,,,,,,,,,,,,,,,,,,,,,,,,,,,,,,,,,,0.425,0.575,,,,,,,,,,,,,,,,,0.1,0.9,,,0.18,0.82,,,,,,,0.003,0.997,,,,,,,,,,,,,,,,,,,,,,,0.16,0.84
2024-03-03 00:00:00+00:00,,,,,,,,,,,,,,,,,,,,,,,,,,,,,,,,,,,,,,,,,,,,,,,,,,,,,,,,,,,,,,,,,,,,,,,,,,,,,,,,,,,,,,,,,,,0.8375,0.1625,,,,,,,0.685,0.315,,,,,,,,,,,,,,,,,,,,,,,,,,,,,,,,,,,,,,,,,,,,,,,,,,,,,,,,,,,,,0.07,0.93,,,,,,,,,,,,,,,,,,,,,,,,,,,,,,,,,,,,,,,,,,,,,0.0205,0.9795,,,,,,,,,,,,,,,,,,,,,,,,,,,,,,,,,,,,,,,,,,,,,,,,,,,,,,,,,,,,,,,,,,,,,0.175,0.825,,,,,,,,,,,,,0.9545,0.0455,,,,,,,,,,,,,,,,,,,,,,,,,,,,,,,,,,,,,,,,,,,,,,,,,,,,,,,,,,,,,,,,,,,,,,,,,,,,,0.115,0.885,,,,,,,,,,,,,,,,,,,,,,,,,,,,,,,,,,,,,0.425,0.575,,,,,,,,,,,,,,,,,0.105,0.895,,,0.185,0.815,,,,,,,0.0025,0.9975,,,,,,,,,,,,,,,,,,,,,,,0.16,0.84
2024-03-04 00:00:00+00:00,,,,,,,,,,,,,,,,,,,,,,,,,,,,,,,,,,,,,,,,,,,,,,,,,,,,,,,,,,,,,,,,,,,,,,,,,,,,,,,,,,,,,,,,,,,0.839,0.161,,,,,,,0.6775,0.3225,,,,,,,,,,,,,,,,,,,,,,,,,,,,,,,,,,,,,,,,,,,,,,,,,,,,,,,,,,,,,0.075,0.925,,,,,,,,,,,,,,,,,,,,,,,,,,,,,,,,,,,,,,,,,,,,,0.0185,0.9815,,,,,,,,,,,,,,,,,,,,,,,,,,,,,,,,,,,,,,,,,,,,,,,,,,,,,,,,,,,,,,,,,,,,,0.18,0.82,,,,,,,,,,,,,0.961,0.039,,,,,,,,,,,,,,,,,,,,,,,,,,,,,,,,,,,,,,,,,,,,,,,,,,,,,,,,,,,,,,,,,,,,,,,,,,,,,0.115,0.885,,,,,,,,,,,,,,,,,,,,,,,,,,,,,,,,,,,,,0.425,0.575,,,,,,,,,,,,,,,,,0.105,0.895,,,0.185,0.815,,,,,,,0.0025,0.9975,,,,,,,,,,,,,,,,,,,,,,,0.165,0.835
2024-03-05 00:00:00+00:00,,,,,,,,,,,,,,,,,,,,,,,,,,,,,,,,,,,,,,,,,,,,,,,,,,,,,,,,,,,,,,,,,,,,,,,,,,,,,,,,,,,,,,,,,,,0.838,0.162,,,,,,,0.6655,0.3345,,,,,,,,,,,,,,,,,,,,,,,,,,,,,,,,,,,,,,,,,,,,,,,,,,,,,,,,,,,,,0.065,0.935,,,,,,,,,,,,,,,,,,,,,,,,,,,,,,,,,,,,,,,,,,,,,0.0185,0.9815,,,,,,,,,,,,,,,,,,,,,,,,,,,,,,,,,,,,,,,,,,,,,,,,,,,,,,,,,,,,,,,,,,,,,0.165,0.835,,,,,,,,,,,,,0.961,0.039,,,,,,,,,,,,,,,,,,,,,,,,,,,,,,,,,,,,,,,,,,,,,,,,,,,,,,,,,,,,,,,,,,,,,,,,,,,,,0.115,0.885,,,,,,,,,,,,,,,,,,,,,,,,,,,,,,,,,,,,,0.385,0.615,,,,,,,,,,,,,,,,,0.105,0.895,,,0.185,0.815,,,,,,,0.0025,0.9975,,,,,,,,,,,,,,,,,,,,,,,0.165,0.835
2024-03-06 00:00:00+00:00,,,,,,,,,,,,,,,,,,,,,,,,,,,,,,,,,,,,,,,,,,,,,,,,,,,,,,,,,,,,,,,,,,,,,,,,,,,,,,,,,,,,,,,,,,,0.76,0.24,,,,,,,0.62,0.38,,,,,,,,,,,,,,,,,,,,,,,,,,,,,,,,,,,,,,,,,,,,,,,,,,,,,,,,,,,,,0.065,0.935,,,,,,,,,,,,,,,,,,,,,,,,,,,,,,,,,,,,,,,,,,,,,0.0185,0.9815,,,,,,,,,,,,,,,,,,,,,,,,,,,,,,,,,,,,,,,,,,,,,,,,,,,,,,,,,,,,,,,,,,,,,0.165,0.835,,,,,,,,,,,,,0.963,0.037,,,,,,,,,,,,,,,,,,,,,,,,,,,,,,,,,,,,,,,,,,,,,,,,,,,,,,,,,,,,,,,,,,,,,,,,,,,,,0.115,0.885,,,,,,,,,,,,,,,,,,,,,,,,,,,,,,,,,,,,,0.39,0.61,,,,,,,,,,,,,,,,,0.105,0.895,,,0.185,0.815,,,,,,,0.0025,0.9975,,,,,,,,,,,,,,,,,,,,,,,0.165,0.835
2024-03-07 00:00:00+00:00,,,,,,,,,,,,,,,,,,,,,,,,,,,,,,,,,,,,,,,,,,,,,,,,,,,,,,,,,,,,,,,,,,,,,,,,,,,,,,,,,,,,,,,,,,,0.7795,0.2205,,,,,,,0.6595,0.3405,,,,,,,,,,,,,,,,,,,,,,,,,,,,,,,,,,,,,,,,,,,,,,,,,,,,,,,,,,,,,0.0355,0.9645,,,,,,,,,,,,,,,,,,,,,,,,,,,,,,,,,,,,,,,,,,,,,0.0185,0.9815,,,,,,,,,,,,,,,,,,,,,,,,,,,,,,,,,,,,,,,,,,,,,,,,,,,,,,,,,,,,,,,,,,,,,0.165,0.835,,,,,,,,,,,,,0.9625,0.0375,,,,,,,,,,,,,,,,,,,,,,,,,,,,,,,,,,,,,,,,,,,,,,,,,,,,,,,,,,,,,,,,,,,,,,,,,,,,,0.1,0.9,,,,,,,,,,,,,,,,,,,,,,,,,,,,,,,,,,,,,0.4,0.6,,,,,,,,,,,,,,,,,0.105,0.895,,,0.185,0.815,,,,,,,0.0025,0.9975,,,,,,,,,,,,,,,,,,,,,,,0.165,0.835
2024-03-08 00:00:00+00:00,,,,,,,,,,,,,,,,,,,,,,,,,,,,,,,,,,,,,,,,,,,,,,,,,,,,,,,,,,,,,,,,,,,,,,,,,,,,,,,,,,,,,,,,,,,0.8295,0.1705,,,,,,,0.655,0.345,,,,,,,,,,,,,,,,,,,,,,,,,,,,,,,,,,,,,,,,,,,,,,,,,,,,,,,,,,,,,0.0355,0.9645,,,,,,,,,,,,,,,,,,,,,,,,,,,,,,,,,,,,,,,,,,,,,0.0185,0.9815,,,,,,,,,,,,,,,,,,,,,,,,,,,,,,,,,,,,,,,,,,,,,,,,,,,,,,,,,,,,,,,,,,,,,0.18,0.82,,,,,,,,,,,,,0.9625,0.0375,,,,,,,,,,,,,,,,,,,,,,,,,,,,,,,,,,,,,,,,,,,,,,,,,,,,,,,,,,,,,,,,,,,,,,,,,,,,,0.1,0.9,,,,,,,,,,,,,,,,,,,,,,,,,,,,,,,,,,,,,0.395,0.605,,,,,,,,,,,,,,,,,0.12,0.88,,,0.195,0.805,,,,,,,0.0025,0.9975,,,,,,,,,,,,,,,,,,,,,,,0.18,0.82
2024-03-09 00:00:00+00:00,,,,,,,,,,,,,,,,,,,,,0.825,0.175,,,,,,,,,,,,,,,,,,,,,,,,,,,,,,,,,,,,,,,,,,,,,,,,,,,,,,,,,,,,,0.925,0.075,,,,,0.88,0.12,0.9105,0.0895,,,,,,,0.715,0.285,,,,,,,,,,,,,,,,,,,,,,,,,,,,,,,,,,,,,,,,,,,,,,,,,,,,,,,,,,,,,0.221,0.779,,,,,,,,,,,,,,,,,,,,,,,,,,,,,,,,,,,,,,,,,,,,,0.018,0.982,,,,,,,,,,,,,,,,,,,,,,,,,,,,,,,,,,,,,,,,,,,,,,,,,,,,,,,,,,,,,,,,,,,,,0.54,0.46,,,,,,,,,,,,,0.969,0.031,,,,,,,,,,,,,,,,,,,,,,,,,,,,,,,,,,,,,,,,,,,,,,,,,,,,,,,,,,,,,,,,,,,,,,,,,,,,,,,,,,,,,,,,,,,,,,,,,,,,,,,,,,,,,,,,,,,,,,,,,,,,,,,,,,,,,,,,,,,,,,,,,0.002,0.998,,,,,,,,,,,,,,,,,,,,,,,,
2024-03-10 00:00:00+00:00,,,,,,,,,,,,,,,,,,,,,0.845,0.155,,,,,,,,,,,,,,,,,,,,,,,,,,,,,,,,,,,,,,,,,,,,,,,,,,,,,,,,,,,,,0.925,0.075,,,,,0.875,0.125,0.87,0.13,,,,,,,0.7225,0.2775,,,,,,,,,,,,,,,,,,,,,,,,,,,,,,,,,,,,,,,,,,,,,,,,,,,,,,,,,,,,,0.9515,0.0485,,,,,,,,,,,,,,,,,,,,,,,,,,,,,,,,,,,,,,,,,,,,,0.0075,0.9925,,,,,,,,,,,,,,,,,,,,,,,,,,,,,,,,,,,,,,,,,,,,,,,,,,,,,,,,,,,,,,,,,,,,,0.918,0.082,,,,,,,,,,,,,0.9715,0.0285,,,,,,,,,,,,,,,,,,,,,,,,,,,,,,,,,,,,,,,,,,,,,,,,,,,,,,,,,,,,,,,,,,,,,,,,,,,,,,,,,,,,,,,,,,,,,,,,,,,,,,,,,,,,,,,,,,,,,,,,,,,,,,,,,,,,,,,,,,,,,,,,,0.0015,0.9985,,,,,,,,,,,,,,,,,,,,,,,,
2024-03-11 00:00:00+00:00,,,,,,,,,,,,,,,,,,,,,0.8445,0.1555,,,,,,,,,,,,,,,,,,,,,,,,,,,,,,,,,,,,,,,,,,,,,,,,,,,,,,,,,,,,,0.9245,0.0755,,,,,0.8745,0.1255,0.865,0.135,,,,,,,0.725,0.275,,,,,,,,,,,,,,,,,,,,,,,,,,,,,,,,,,,,,,,,,,,,,,,,,,,,,,,,,,,,,0.9405,0.0595,,,,,,,,,,,,,,,,,,,,,,,,,,,,,,,,,,,,,,,,,,,,,0.0055,0.9945,,,,,,,,,,,,,,,,,,,,,,,,,,,,,,,,,,,,,,,,,,,,,,,,,,,,,,,,,,,,,,,,,,,,,0.9345,0.0655,,,,,,,,,,,,,0.9705,0.0295,,,,,,,,,,,,,,,,,,,,,,,,,,,,,,,,,,,,,,,,,,,,,,,,,,,,,,,,,,,,,,,,,,,,,,,,,,,,,,,,,,,,,,,,,,,,,,,,,,,,,,,,,,,,,,,,,,,,,,,,,,,,,,,,,,,,,,,,,,,,,,,,,0.0015,0.9985,,,,,,,,,,,,,,,,,,,,,,,,
2024-03-12 00:00:00+00:00,,,,,,,,,,,,,,,,,,,,,0.905,0.095,,,,,,,,,,,,,,,,,,,,,,,,,,,,,,,,,,,,,,,,,,,,,,,,,,,,,,,,,,,,,0.925,0.075,,,,,0.915,0.085,0.865,0.135,,,,,,,0.714,0.286,,,,,,,,,,,,,,,,,,,,,,,,,,,,,,,,,,,,,,,,,,,,,,,,,,,,,,,,,,,,,0.9975,0.0025,,,,,,,,,,,,,,,,,,,,,,,,,,,,,,,,,,,,,,,,,,,,,0.0055,0.9945,,,,,,,,,,,,,,,,,,,,,,,,,,,,,,,,,,,,,,,,,,,,,,,,,,,,,,,,,,,,,,,,,,,,,0.9985,0.0015,,,,,,,,,,,,,0.973,0.027,,,,,,,,,,,,,,,,,,,,,,,,,,,,,,,,,,,,,,,,,,,,,,,,,,,,,,,,,,,0.415,0.585,,,,,,,,,,,,,,,,,,,,,,,,,,,,,,,,,0.315,0.685,,,,,,,,,,,,,,,,,,,,,,,,,,,,,,,,,,,,,,,,,,,,,,,,,,,0.0015,0.9985,,,,,0.275,0.725,,,,,,,,,,,,,,,,,,
2024-03-13 00:00:00+00:00,,,,,,,,,,,,,,,,,,,,,0.915,0.085,,,,,,,,,,,,,,,,,,,,,,,,,,,,,,,,,,,,,,,,,,,,,,,,,,,,,,,,,,,,,0.9225,0.0775,,,,,0.9345,0.0655,0.837,0.163,,,,,,,0.6645,0.3355,,,,,,,,,,,,,,,,,,,,,,,,,,,,,,,,,,,,,,,,,,,,,,,,,,,,,,,,,,,,,,,,,,,,,,,,,,,,,,,,,,,,,,,,,,,,,,,,,,,,,,,,,,,0.0045,0.9955,,,,,,,,,,,,,,,,,,,,,,,,,,,,,,,,,,,,,,,,,,,,,,,,,,,,,,,,,,,,,,,,,,,,,,,,,,,,,,,,,,,0.986,0.014,,,,,,,,,,,,,,,,,,,,,,,,,,,,,,,,,,,,,,,,,,,,,,,,,,,,,,,,,,,0.4,0.6,,,,,,,,,,,,,,,,,,,,,,,,,,,,,,,,,0.27,0.73,,,,,,,,,,,,,,,,,,,,,,,,,,,,,,,,,,,,,,,,,,,,,,,,,,,0.0015,0.9985,,,,,0.33,0.67,,,,,,,,,,,,,,,,,,
2024-03-14 00:00:00+00:00,,,,,,,,,,,,,,,,,,,,,0.9155,0.0845,,,,,,,,,,,,,,,,,,,,,,,,,,,,,,,,,,,,,,,,,,,,,,,,,,,,,,,,,,,,,0.922,0.078,,,,,0.9345,0.0655,0.8415,0.1585,,,,,,,0.664,0.336,,,,,,,,,,,,,,,,,,,,,,,,,,,,,,,,,,,,,,,,,,,,,,,,,,,,,,,,,,,,,,,,,,,,,,,,,,,,,,,,,,,,,,,,,,,,,,,,,,,,,,,,,,,0.0045,0.9955,,,,,,,,,,,,,,,,,,,,,,,,,,,,,,,,,,,,,,,,,,,,,,,,,,,,,,,,,,,,,,,,,,,,,,,,,,,,,,,,,,,0.9875,0.0125,,,,,,,,,,,,,,,,,,,,,,,,,,,,,,,,,,,,,,,,,,,,,,,,,,,,,,,,,,,0.38,0.62,,,,,,,,,,,,,,,,,,,,,,,,,,,,,,,,,0.265,0.735,,,,,,,,,,,,,,,,,,,,,,,,,,,,,,,,,,,,,,,,,,,,,,,,,,,0.0015,0.9985,,,,,0.34,0.66,,,,,,,,,,,,,,,,,,
2024-03-15 00:00:00+00:00,,,,,,,,,,,,,,,,,,,,,0.8875,0.1125,,,,,,,,,,,,,,,,,,,,,,,,,,,,,,,,,,,,,,,,,,,,,,,,,,,,,,,,,,,,,0.9175,0.0825,,,,,0.934,0.066,0.8245,0.1755,,,,,,,0.6,0.4,,,,,,,,,,,,,,,,,,,,,,,,,,,,,,,,,,,,,,,,,,,,,,,,,,,,,,,,,,,,,,,,,,,,,,,,,,,,,,,,,,,,,,,,,,,,,,,,,,,,,,,,,,,0.004,0.996,,,,,,,,,,,,,,,,,,,,,,,,,,,,,,,,,,,,,,,,,,,,,,,,,,,,,,,,,,,,,,,,,,,,,,,,,,,,,,,,,,,0.984,0.016,,,,,,,,,,,,,,,,,,,,,,,,,,,,,,,,,,,,,,,,,,,,,,,,,,,,,,,,,,,0.38,0.62,,,,,,,,,,,,,,,,,,,,,,,,,,,,,,,,,0.265,0.735,,,,,,,,,,,,,,,,,,,,,,,,,,,,,,,,,,,,,,,,,,,,,,,,,,,0.0015,0.9985,,,,,0.345,0.655,,,,,,,,,,,,,,,,,,
2024-03-16 00:00:00+00:00,,,,,,,,,,,,,,,,,,,,,0.885,0.115,,,,,,,,,,,,,,,,,,,,,,,,,,,,,,,,,,,,,,,,,,,,,,,,,,,,,,,,,,,,,0.9175,0.0825,,,,,0.93,0.07,0.7745,0.2255,,,,,,,0.545,0.455,,,,,,,,,,,,,,,,,,,,,,,,,,,,,,,,,,,,,,,,,,,,,,,,,,,,,,,,,,,,,,,,,,,,,,,,,,,,,,,,,,,,,,,,,,,,,,,,,,,,,,,,,,,0.0045,0.9955,,,,,,,,,,,,,,,,,,,,,,,,,,,,,,,,,,,,,,,,,,,,,,,,,,,,,,,,,,,,,,,,,,,,,,,,,,,,,,,,,,,0.9835,0.0165,,,,,,,,,,,,,,,,,,,,,,,,,,,,,,,,,,,,,,,,,,,,,,,,,,,,,,,,,,,0.385,0.615,,,,,,,,,,,,,,,,,,,,,,,,,,,,,,,,,0.27,0.73,,,,,,,,,,,,,,,,,,,,,,,,,,,,,,,,,,,,,,,,,,,,,,,,,,,0.0015,0.9985,,,,,0.345,0.655,,,,,,,,,,,,,,,,,,
2024-03-17 00:00:00+00:00,,,,,,,,,,,,,,,,,,,,,0.8755,0.1245,,,,,,,,,,,,,,,,,,,,,,,,,,,,,,,,,,,,,,,,,,,,,,,,,,,,,,,,,,,,,0.9175,0.0825,,,,,0.93,0.07,0.72,0.28,,,,,,,0.555,0.445,,,,,,,,,,,,,,,,,,,,,,,,,,,,,,,,,,,,,,,,,,,,,,,,,,,,,,,,,,,,,,,,,,,,,,,,,,,,,,,,,,,,,,,,,,,,,,,,,,,,,,,,,,,0.004,0.996,,,,,,,,,,,,,,,,,,,,,,,,,,,,,,,,,,,,,,,,,,,,,,,,,,,,,,,,,,,,,,,,,,,,,,,,,,,,,,,,,,,0.985,0.015,,,,,,,,,,,,,,,,,,,,,,,,,,,,,,,,,,,,,,,,,,,,,,,,,,,,,,,,,,,0.36,0.64,,,,,,,,,,,,,,,,,,,,,,,,,,,,,,,,,0.28,0.72,,,,,,,,,,,,,,,,,,,,,,,,,,,,,,,,,,,,,,,,,,,,,,,,,,,0.0015,0.9985,,,,,0.355,0.645,,,,,,,,,,,,,,,,,,
2024-03-18 00:00:00+00:00,,,,,,,,,,,,,,,,,,,,,0.8605,0.1395,,,,,,,,,,,,,,,,,,,,,,,,,,,,,,,,,,,,,,,,,,,,,,,,,,,,,,,,,,,,,0.9155,0.0845,,,,,0.84,0.16,0.735,0.265,,,,,,,0.5225,0.4775,,,,,,,,,,,,,,,,,,,,,,,,,,,,,,,,,,,,,,,,,,,,,,,,,,,,,,,,,,,,,,,,,,,,,,,,,,,,,,,,,,,,,,,,,,,,,,,,,,,,,,,,,,,0.0035,0.9965,,,,,,,,,,,,,,,,,,,,,,,,,,,,,,,,,,,,,,,,,,,,,,,,,,,,,,,,,,,,,,,,,,,,,,,,,,,,,,,,,,,0.991,0.009,,,,,,,,,,,,,,,,,,,,,,,,,,,,,,,,,,,,,,,,,,,,,,,,,,,,,,,,,,,0.36,0.64,,,,,,,,,,,,,,,,,,,,,,,,,,,,,,,,,0.28,0.72,,,,,,,,,,,,,,,,,,,,,,,,,,,,,,,,,,,,,,,,,,,,,,,,,,,0.0015,0.9985,,,,,0.355,0.645,,,,,,,,,,,,,,,,,,
2024-03-19 00:00:00+00:00,,,,,,,,,,,,,,,,,,,,,0.877,0.123,,,,,,,,,,,,,,,,,,,,,,,,,,,,,,,,,,,,,,,,,,,,,,,,,,,,,,,,,,,,,0.9155,0.0845,,,,,0.84,0.16,0.7655,0.2345,,,,,,,0.5015,0.4985,,,,,,,,,,,,,,,,,,,,,,,,,,,,,,,,,,,,,,,,,,,,,,,,,,,,,,,,,,,,,,,,,,,,,,,,,,,,,,,,,,,,,,,,,,,,,,,,,,,,,,,,,,,0.0035,0.9965,,,,,,,,,,,,,,,,,,,,,,,,,,,,,,,,,,,,,,,,,,,,,,,,,,,,,,,,,,,,,,,,,,,,,,,,,,,,,,,,,,,0.9925,0.0075,,,0.575,0.425,,,,,,,,,,,,,,,,,,,,,,,,,,,,,,,,,,,,,,,,,,,,,,,,,,,,,,,0.375,0.625,,,,,,,,,,,,,,,,,,,,,,,,,,,,,,,,,0.28,0.72,,,,,,,,,,,,,,,,,,,,,,,,,,,,,,,,,,,,,,,,,,,,,,,,,,,0.0015,0.9985,,,,,0.355,0.645,,,,,,,,,,,,,,,,,,
2024-03-20 00:00:00+00:00,,,,,,,,,,,,,,,,,,,,,0.873,0.127,,,,,,,,,,,,,,,,,,,,,,,,,,,,,,,,,,,,,,,,,,,,,,,,,,,,,,,,,,,,,0.9155,0.0845,,,,,0.842,0.158,0.77,0.23,,,,,,,0.5255,0.4745,,,,,,,,,,,,,,,,,,,,,,,,,,,,,,,,,,,,,,,,,,,,,,,,,,,,,,,,,,,,,,,,,,,,,,,,,,,,,,,,,,,,,,,,,,,,,,,,,,,,,,,,,,,0.0015,0.9985,,,,,,,,,,,,,,,,,,,,,,,,,,,,,,,,,,,,,,,,,,,,,,,,,,,,,,,,,,,,,,,,,,,,,,,,,,,,,,,,,,,0.9925,0.0075,,,0.51,0.49,,,,,,,,,,,,,,,,,,,,,,,,,,,,,,,,,,,,,,,,,,,,,,,,,,,,,,,0.375,0.625,,,,,,,,,,,,,,,,,,,,,,,,,,,,,,,,,0.265,0.735,,,,,,,,,,,,,,,,,,,,,,,,,,,,,,,,,,,,,,,,,,,,,,,,,,,0.0015,0.9985,,,,,0.355,0.645,,,,,,,,,,,,,,,,,,
2024-03-21 00:00:00+00:00,,,,,,,,,,,,,,,,,,,,,0.869,0.131,,,,,,,,,,,,,,,,,,,,,,,,,,,,,,,,,,,,,,,,,,,,,,,,,,,,,,,,,,,,,0.8695,0.1305,,,,,0.8835,0.1165,0.83,0.17,,,,,,,0.6595,0.3405,,,,,,,,,,,,,,,,,,,,,,,,,,,,,,,,,,,,,,,,,,,,,,,,,,,,,,,,,,,,,,,,,,,,,,,,,,,,,,,,,,,,,,,,,,,,,,,,,,,,,,,,,,,,,,,,,,,,,,,,,,,,,,,,,,,,,,,,,,,,,,,,,,,,,,,,,,,,,,,,,,,,,,,,,,,,,,,,,,,,,,,,,,,,,,,0.996,0.004,,,0.545,0.455,,,,,,,,,,,,,,,,,,,,,,,,,,,,,,,,,,,,,,,,,,,,,,,,,,,,,,,0.375,0.625,,,,,,,,,,,,,,,,,,,,,,,,,,,,,,,,,0.265,0.735,,,,,,,,,,,,,,,,,,,,,,,,,,,,,,,,,,,,,,,,,,,,,,,,,,,,,,,,,0.355,0.645,,,,,,,,,,,,,,,,,,
2024-03-22 00:00:00+00:00,,,,,,,,,,,,,,,,,,,,,0.873,0.127,0.0325,0.9675,,,,,,,,,,,,,,,,,,,,,,,0.28,0.72,,,,,,,0.175,0.825,0.05,0.95,,,,,0.24,0.76,,,,,,,,,,,,,,,,,,,0.8945,0.1055,,,0.07,0.93,0.8535,0.1465,0.8375,0.1625,,,0.145,0.855,,,0.6575,0.3425,,,,,,,,,,,,,,,,,,,,,,,,,,,,,,,,,,,,,,,,,,,,,,,,,,,,,,,,,,,,,,,,,,,,,,,,,,,,,,,,,,,,,,,,,,,,,,,,,,,,,,,,,,,,,,,,,,,,,,,,,,,,,,,,,,,,,,,,,,,,,,,,,,,,,,,,,,,,,,,,,,,,,,,,,,,,,,,,,,,,,,,,,,,,,,,,,,,0.57,0.43,,,,,,,,,,,,,,,,,,,,,,,,,,,,,,,,,,,,,,,,,,,,,,,,,,,,,,,0.375,0.625,,,,,,,,,,,,,,,,,,,,,,,,,,,,,,,,,0.275,0.725,,,,,,,,,,,,,,,,,,,,,,,,,,,,,,,,,,,,,,,,,,,,,,,,,,,,,,,,,0.355,0.645,,,,,,,,,,,,,,,,,,
2024-03-23 00:00:00+00:00,,,,,,,,,,,,,,,,,,,,,0.8795,0.1205,0.0355,0.9645,,,,,,,,,,,,,,,,,,,,,,,0.315,0.685,,,,,,,0.185,0.815,0.05,0.95,,,,,0.24,0.76,,,,,,,,,,,,,,,,,,,0.9095,0.0905,,,0.065,0.935,0.9035,0.0965,0.8335,0.1665,,,0.145,0.855,,,0.6755,0.3245,,,,,,,,,,,,,,,,,,,,,,,,,,,,,,,,,,,,,,,,,,,,,,,,,,,,,,,,,,,,,,,,,,,,,,,,,,,,,,,,,,,,,,,,,,,,,,,,,,,,,,,,,,,,,,,,,,,,,,,,,,,,,,,,,,,,,,,,,,,,,,,,,,,,,,,,,,,,,,,,,,,,,,,,,,,,,,,,,,,,,,,,,,,,,,,,,,,0.62,0.38,,,,,,,,,,,,,,,,,,,,,,,,,,,,,,,,,,,,,,,,,,,,,,,,,,,,,,,0.35,0.65,,,,,,,,,,,,,,,,,,,,,,,,,,,,,,,,,0.305,0.695,,,,,,,,,,,,,,,,,,,,,,,,,,,,,,,,,,,,,,,,,,,,,,,,,,,,,,,,,0.67,0.33,,,,,,,,,,,,,,,,,,
2024-03-24 00:00:00+00:00,,,,,,,,,,,,,,,,,,,,,0.879,0.121,0.035,0.965,,,,,,,,,,,,,,,,,,,,,,,0.315,0.685,,,,,,,0.185,0.815,0.045,0.955,,,,,0.23,0.77,,,,,,,,,,,,,,,,,,,0.9125,0.0875,,,0.075,0.925,0.91,0.09,0.8335,0.1665,,,0.145,0.855,,,0.6755,0.3245,,,,,,,,,,,,,,,,,,,,,,,,,,,,,,,,,,,,,,,,,,,,,,,,,,,,,,,,,,,,,,,,,,,,,,,,,,,,,,,,,,,,,,,,,,,,,,,,,,,,,,,,,,,,,,,,,,,,,,,,,,,,,,,,,,,,,,,,,,,,,,,,,,,,,,,,,,,,,,,,,,,,,,,,,,,,,,,,,,,,,,,,,,,,,,,,,,,,,,,,,,,,,,,,,,,,,,,,,,,,,,,,,,,,,,,,,,,,,,,,,,,,,,,,,,,0.345,0.655,,,,,,,,,,,,,,,,,,,,,,,,,,,,,,,,,0.29,0.71,,,,,,,,,,,,,,,,,,,,,,,,,,,,,,,,,,,,,,,,,,,,,,,,,,,,,,,,,0.37,0.63,,,,,,,,,,,,,,,,,,
2024-03-25 00:00:00+00:00,,,,,,,,,,,,,,,,,,,,,0.876,0.124,0.0355,0.9645,,,,,,,,,,,,,,,,,,,,,,,0.32,0.68,,,,,,,0.18,0.82,0.045,0.955,,,,,0.23,0.77,,,,,,,,,,,,,,,,,,,0.912,0.088,,,0.075,0.925,0.91,0.09,0.832,0.168,,,0.145,0.855,,,0.665,0.335,,,,,,,,,,,,,,,,,,,,,,,,,,,,,,,,,,,,,,,,,,,,,,,,,,,,,,,,,,,,,,,,,,,,,,,,,,,,,,,,,,,,,,,,,,,,,,,,,,,,,,,,,,,,,,,,,,,,,,,,,,,,,,,,,,,,,,,,,,,,,,,,,,,,,,,,,,,,,,,,,,,,,,,,,,,,,,,,,,,,,,,,,,,,,,,,,,,,,,,,,,,,,,,,,,,,,,,,,,,,,,,,,,,,,,,,,,,,,,,,,,,,,,,,,,,0.34,0.66,,,,,,,,,,,,,,,,,,,,,,,,,,,,,,,,,0.29,0.71,,,,,,,,,,,,,,,,,,,,,,,,,,,,,,,,,,,,,,,,,,,,,,,,,,,,,,,,,0.375,0.625,,,,,,,,,,,,,,,,,,
2024-03-26 00:00:00+00:00,,,,,,,,,,,,,,,,,,,,,0.87,0.13,0.035,0.965,,,,,,,,,,,,,,,,,,,,,,,0.325,0.675,,,,,,,0.185,0.815,0.045,0.955,,,,,0.225,0.775,,,,,,,,,,,,,,,,,,,0.912,0.088,,,0.075,0.925,0.91,0.09,0.796,0.204,,,0.145,0.855,,,0.664,0.336,,,,,,,,,,,,,,,,,,,,,,,,,,,,,,,,,,,,,,,,,,,,,,,,,,,,,,,,,,,,,,,,,,,,,,,,,,,,,,,,,,,,,,,,,,,,,,,,,,,,,,,,,,,,,,,,,,,,,,,,,,,,,,,,,,,,,,,,,,,,,,,,,,,,,,,,,,,,,,,,,,,,,,,,,,,,,,,,,,,,,,,,,,,,,,,,,,,,,,,,,,,,,,,,,,,,,,,,,,,,,,,,,,,,,,,,,,,,,,,,,,,,,,,,,,,0.335,0.665,,,,,,,,,,,,,,,,,,,,,,,,,,,,,,,,,0.31,0.69,,,,,,,,,,,,,,,,,,,,,,,,,,,,,,,,,,,,,,,,,,,,,,,,,,,,,,,,,0.37,0.63,,,,,,,,,,,,,,,,,,
2024-03-27 00:00:00+00:00,,,,,,,,,,,,,,,,,,,,,0.8685,0.1315,0.0355,0.9645,,,,,,,,,,,,,,,,,,,,,,,0.335,0.665,,,,,,,0.175,0.825,0.045,0.955,,,,,0.225,0.775,,,,,,,,,,,,,,,,,,,0.912,0.088,,,0.075,0.925,0.91,0.09,0.797,0.203,,,0.135,0.865,,,0.655,0.345,,,,,,,,,,,,,,,,,,,,,,,,,,,,,,,,,,,,,,,,,,,,,,,,,,,,,,,,,,,,,,,,,,,,,,,,,,,,,,,,,,,,,,,,,,,,,,,,,,,,,,,,,,,,,,,,,,,,,,,,,,,,,,,,,,,,,,,,,,,,,,,,,,,,,,,,,,,,,,,,,,,,,,,,,,,,,,,,,,,,,,,,,,,,,,,,,,,,,,,,,,,,,,,,,,,,,,,,,,,,,,,,,,,,,,,,,,,,,,,,,,,,,,,,,,,0.345,0.655,,,,,,,,,,,,,,,,,,,,,,,,,,,,,,,,,0.3,0.7,,,,,,,,,,,,,,,,,,,,,,,,,,,,,,,,,,,,,,,,,,,,,,,,,,,,,,,,,0.37,0.63,,,,,,,,,,,,,,,,,,
2024-03-28 00:00:00+00:00,,,,,,,,,,,,,,,,,,,,,0.871,0.129,0.0355,0.9645,,,,,,,,,,,,,,,,,,,,,,,0.33,0.67,,,,,,,0.175,0.825,0.045,0.955,,,,,0.225,0.775,,,,,,,,,,,,,,,,,,,0.912,0.088,,,0.075,0.925,0.91,0.09,0.798,0.202,,,0.135,0.865,,,0.615,0.385,,,,,,,,,,,,,,,,,,,,,,,,,,,,,,,,,,,,,,,,,,,,,,,,,,,,,,,,,,,,,,,,,,,,,,,,,,,,,,,,,,,,,,,,,,,,,,,,,,,,,,,,,,,,,,,,,,,,,,,,,,,,,,,,,,,,,,,,,,,,,,,,,,,,,,,,,,,,,,,,,,,,,,,,,,,,,,,,,,,,,,,,,,,,,,,,,,,,,,,,,,,,,,,,,,,,,,,,,,,,,,,,,,,,,,,,,,,,,,,,,,,,,,,,,,,0.345,0.655,,,,,,,,,,,,,,,,,,,,,,,,,,,,,,,,,0.3,0.7,,,,,,,,,,,,,,,,,,,,,,,,,,,,,,,,,,,,,,,,,,,,,,,,,,,,,,,,,0.37,0.63,,,,,,,,,,,,,,,,,,
2024-03-29 00:00:00+00:00,,,,,,,,,,,,,,,,,,,,,0.871,0.129,0.0355,0.9645,,,,,,,,,,,,,,,,,,,,,,,0.33,0.67,,,,,,,0.175,0.825,0.045,0.955,,,,,0.225,0.775,,,,,,,,,,,,,,,,,,,0.912,0.088,,,0.075,0.925,0.91,0.09,0.8025,0.1975,,,0.135,0.865,,,0.6065,0.3935,,,,,,,,,,,,,,,,,,,,,,,,,,,,,,,,,,,,,,,,,,,,,,,,,,,,,,,,,,,,,,,,,,,,,,,,,,,,,,,,,,,,,,,,,,,,,,,,,,,,,0.0155,0.9845,,,,,,,0.915,0.085,,,,,,,,,,,,,,,0.085,0.915,,,,,,,,,,,,,,,,,,,,,,,,,,,,,,,,,,,,,,,,,,,,,,,,,,,,,,,,,,,,,,,,,,,,,,,,,,,,,,,,,,,,,,,,,,,,,,,,,,,,,,,,,,,,,,,,,,,,,,,,,,,,,0.345,0.655,,,,,,,,,,,,,,,,,,,,,,,,,,,,,,,,,0.3,0.7,,,,,,,,,,,,,,,,,,,,,,,,,,,,,,,,,,,,,,,,,,,,,,,,,,,,,,,,,0.37,0.63,,,,,,,,,,,,,,,,,,
2024-03-30 00:00:00+00:00,,,,,,,,,,,,,,,,,,,,,0.8705,0.1295,0.0335,0.9665,,,,,,,,,,,,,,,,,,,,,,,0.33,0.67,,,,,,,0.175,0.825,0.045,0.955,,,,,0.23,0.77,,,,,,,,,,,,,,,,,,,0.912,0.088,,,0.075,0.925,0.909,0.091,0.8105,0.1895,,,0.135,0.865,,,0.5905,0.4095,,,,,,,,,,,,,,,,,,,,,,,,,,,,,,,,,,,,,,,,,,,,,,,,,,,,,,,,,,,,,,,,,,,,,,,,,,,,,,,,,,,,,,,,,,,,,,,,,,,,,0.0085,0.9915,,,,,,,0.915,0.085,,,,,,,,,,,,,,,0.085,0.915,,,,,,,,,,,,,,,,,,,,,,,,,,,,,,,,,,,,,,,,,,,,,,,,,,,,,,,,,,,,,,,,,,,,,,,,,,,,,,,,,,,,,,,,,,,,,,,,,,,,,,,,,,,,,,,,,,,,,,,,,,,,,0.335,0.665,,,,,,,,,,,,,,,,,,,,,,,,,,,,,,,,,0.295,0.705,,,,,,,,,,,,,,,,,,,,,,,,,,,,,,,,,,,,,,,,,,,,,,,,,,,,,,,,,0.395,0.605,,,,,,,,,,,,,,,,,,
2024-03-31 00:00:00+00:00,,,,,,,,,,,,,,,,,,,,,0.8705,0.1295,0.033,0.967,,,,,,,,,,,,,,,,,,,,,,,0.345,0.655,,,,,,,0.175,0.825,0.045,0.955,,,,,0.235,0.765,,,,,,,,,,,,,,,,,,,0.912,0.088,,,0.075,0.925,0.909,0.091,0.806,0.194,,,0.135,0.865,,,0.5795,0.4205,,,,,,,,,,,,,,,,,,,,,,,,,,,,,,,,,,,,,,,,,,,,,,,,,,,,,,,,,,,,,,,,,,,,,,,,,,,,,,,,,,,,,,,,,,,,,,,,,,,,,0.0085,0.9915,,,,,,,0.915,0.085,,,,,,,,,,,,,,,0.085,0.915,,,,,,,,,,,,,,,,,,,,,,,,,,,,,,,,,,,,,,,,,,,,,,,,,,,,,,,,,,,,,,,,,,,,,,,,,,,,,,,,,,,,,,,,,,,,,,,,,,,,,,,,,,,,,,,,,,,,,,,,,,,,,0.31,0.69,,,,,,,,,,,,,,,,,,,,,,,,,,,,,,,,,0.295,0.705,,,,,,,,,,,,,,,,,,,,,,,,,,,,,,,,,,,,,,,,,,,,,,,,,,,,,,,,,0.4,0.6,,,,,,,,,,,,,,,,,,
2024-04-01 00:00:00+00:00,,,,,,,,,,,,,,,,,,,,,0.875,0.125,0.0325,0.9675,,,,,,,,,,,,,,,,,,,,,,,0.33,0.67,,,,,,,0.175,0.825,0.045,0.955,,,,,0.235,0.765,,,,,,,,,,,,,,,,,,,0.9115,0.0885,,,0.075,0.925,0.91,0.09,0.8,0.2,,,0.13,0.87,,,0.577,0.423,,,,,,,,,,,,,,,,,,,,,,,,,,,,,,,,,,,,,,,,,,,,,,,,,,,,,,,,,,,,,,,,,,,,,,,,,,,,,,,,,,,,,,,,,,,,,,,,,,,,,0.008,0.992,,,,,,,0.915,0.085,,,,,,,,,,,,,,,0.085,0.915,,,,,,,,,,,,,,,,,,,,,,,,,,,,,,,,,,,,,,,,,,,,,,,,,,,,,,,,,,,,,,,,,,,,,,,,,,,,,,,,,,,,,,,,,,,,,,,,,,,,,,,,,,,,,,,,,,,,,,,,,,,,,0.32,0.68,,,,,,,,,,,,,,,,,,,,,,,,,,,,,,,,,0.295,0.705,,,,,,,,,,,,,,,,,,,,,,,,,,,,,,,,,,,,,,,,,,,,,,,,,,,,,,,,,0.4,0.6,,,,,,,,,,,,,,,,,,
2024-04-02 00:00:00+00:00,,,,,,,,,,,,,,,,,,,,,0.875,0.125,0.032,0.968,,,,,,,,,,,,,,,,,,,,,,,0.325,0.675,,,,,,,0.13,0.87,0.035,0.965,,,,,0.26,0.74,,,,,,,,,,,,,,,,,,,0.9135,0.0865,,,0.08,0.92,0.91,0.09,0.7,0.3,,,0.14,0.86,,,0.52,0.48,,,,,,,,,,,,,,,,,,,,,,,,,,,,,,,,,,,,,,,,,,,,,,,,,,,,,,,,,,,,,,,,,,,,,,,,,,,,,,,,,,,,,,,,,,,,,,,,,,,,,0.008,0.992,,,,,,,0.915,0.085,,,,,,,,,,,,,,,0.085,0.915,,,,,,,,,,,,,,,,,,,,,,,,,,,,,,,,,,,,,,,,,,,,,,,,,,,,,,,,,,,,,,,,,,,,,,,,,,,,,,,,,,,,,,,,,,,,,,,,,,,,,,,,,,,,,,,,,,,,,,,,,,,,,0.31,0.69,,,,,,,,,,,,,,,,,,,,,,,,,,,,,,,,,0.31,0.69,,,,,,,,,,,,,,,,,,,,,,,,,,,,,,,,,,,,,,,,,,,,,,,,,,,,,,,,,0.4,0.6,,,,,,,,,,,,,,,,,,
2024-04-03 00:00:00+00:00,,,,,,,,,,,,,,,,,,,,,0.816,0.184,0.031,0.969,,,,,,,,,,,,,,,,,,,,,,,0.32,0.68,,,,,,,0.09,0.91,0.034,0.966,,,,,0.285,0.715,,,,,,,,,,,,,,,,,,,0.913,0.087,,,0.095,0.905,0.9125,0.0875,0.66,0.34,,,0.21,0.79,,,0.5155,0.4845,,,,,,,,,,,,,,,,,,,,,,,,,,,,,,,,,,,,,,,,,,,,,,,,,,,,,,,,,,,,,,,,,,,,,,,,,,,,,,,,,,,,,,,,,,,,,,,,,,,,,0.0065,0.9935,,,,,,,0.915,0.085,,,,,,,,,,,,,,,0.085,0.915,,,,,,,,,,,,,,,,,,,,,,,,,,,,,,,,,,,,,,,,,,,,,,,,,,,,,,,,,,,,,,,,,,,,,,,,,,,,,,,,,,,,,,,,,,,,,,,,,,,,,,,,,,,,,,,,,,,,,,,,,,,,,0.35,0.65,,,,,,,,,,,,,,,,,,,,,,,,,,,,,,,,,0.255,0.745,,,,,,,,,,,,,,,,,0.014,0.986,,,,,,,,,,,,,,,,,,,,,,,,,,,,,,,,,,,,,,,0.365,0.635,,,,,,,,,,,,,,,,,,
2024-04-04 00:00:00+00:00,,,,,,,,,,,,,,,,,,,,,0.8175,0.1825,0.0305,0.9695,,,,,,,,,,,,,,,,,,,,,,,0.31,0.69,,,,,,,0.09,0.91,0.031,0.969,,,,,0.275,0.725,,,,,,,,,,,,,,,,,,,0.906,0.094,,,0.095,0.905,0.9025,0.0975,0.6305,0.3695,,,0.205,0.795,,,0.52,0.48,,,,,,,,,,,,,,,,,,,,,,,,,,,,,,,,,,,,,,,,,,,,,,,,,,,,,,,,,,,,,,,,,,,,,,,,,,,0.0055,0.9945,,,,,,,0.036,0.964,,,,,,,0.0135,0.9865,,,,,,,,,0.0065,0.9935,,,,,,,0.915,0.085,,,,,0.955,0.045,,,,,,,,,0.085,0.915,,,,,,,,,,,,,,,,,,,,,,,,,,,,,,,,,,,,,,,,,,,,,,,,,,,,,,,,,,,,,,,,,,,,,,,,,,,,,,,,,,,,,,,,,,,,,,,,,,,,,,,,,,,,,,,,,,,,,,,,,,,,,0.335,0.665,,,,,,,,,,,,,,,,,,,,,,,,,,,,,,,,,0.26,0.74,,,,,,,,,,,,,,,,,0.011,0.989,,,,,,,,,,,,,,,,,,,,,,,,,,,,,,,,,,,,,,,0.365,0.635,,,,,,,,,,,,,,,,,,
2024-04-05 00:00:00+00:00,,,,,,,,,,,,,,,,,,,,,0.839,0.161,0.03,0.97,,,,,,,,,,,,,,,,,,,,,,,0.31,0.69,,,,,,,0.085,0.915,0.0295,0.9705,,,,,0.275,0.725,,,,,,,,,,,,,,,,,,,0.9155,0.0845,,,0.115,0.885,0.8855,0.1145,0.7195,0.2805,,,0.205,0.795,,,0.575,0.425,,,,,,,,,,,,,,,,,,,,,,,,,,,,,,,,,,,,,,,,,,,,,,,,,,,,,,,,,,,,,,,,,,,,,,,,,,,0.0055,0.9945,,,,,,,0.0875,0.9125,,,,,,,0.0145,0.9855,,,,,,,,,0.0065,0.9935,,,,,,,0.915,0.085,,,,,0.8995,0.1005,,,,,,,,,0.085,0.915,,,,,,,,,,,,,,,,,,,,,,,,,,,,,,,,,,,,,,,,,,,,,,,,,,,,,,,,,,,,,,,,,,,,,,,,,,,,,,,,,,,,,,,,,,,,,,,,,,,,,,,,,,,,,,,,,,,,,,,,,,,,,0.405,0.595,,,,,,,,,,,,,,,,,,,,,,,,,,,,,,,,,0.255,0.745,,,,,,,,,,,,,,,,,0.01,0.99,,,,,,,,,,,,,,,,,,,,,,,,,,,,,,,,,,,,,,,0.365,0.635,,,,,,,,,,,,,,,,,,
2024-04-06 00:00:00+00:00,,,,,,,,,,,,,,,,,,,,,0.785,0.215,0.0295,0.9705,,,,,,,,,,,,,,,,,,,,,,,0.285,0.715,,,,,,,0.075,0.925,0.028,0.972,,,,,0.275,0.725,,,,,,,,,,,,,,,,,,,0.8525,0.1475,,,0.135,0.865,0.859,0.141,0.58,0.42,,,0.205,0.795,,,0.425,0.575,,,,,,,,,,,,,,,,,,,,,,,,,,,,,,,,,,,,,,,,,,,,,,,,,,,,,,,,,,,,,,,,,,,,,,,,,,,0.004,0.996,,,,,,,0.0355,0.9645,,,,,,,0.0125,0.9875,,,,,,,,,0.0065,0.9935,,,,,,,0.915,0.085,,,,,0.9605,0.0395,,,,,,,,,0.085,0.915,,,,,,,,,,,,,,,,,,,,,,,,,,,,,,,,,,,,,,,,,,,,,,,,,,,,,,,,,,,,,,,,,,,,,,,,,,,,,,,,,,,,,,,,,,,,,,,,,,,,,,,,,,,,,,,,,,,,,,,,,,,,,,,,,,,,,,,,,,,,,,,,,,,,,,,,,,,,,,,,,,,,,,,,,,,,,,,0.17,0.83,0.0085,0.9915,,,,,,,,,,,0.5,0.5,,,,,,,,,,,,,,,,,0.12,0.88,,,,,,,,,,,,,,,,,,,,,0.22,0.78,0.24,0.76,,,,
2024-04-07 00:00:00+00:00,,,,,,,,,,,,,,,,,,,,,0.8,0.2,0.03,0.97,,,,,,,,,,,,,,,,,,,,,,,0.29,0.71,,,,,,,0.08,0.92,0.0285,0.9715,,,,,0.28,0.72,,,,,,,,,,,,,,,,,,,0.853,0.147,,,0.135,0.865,0.8615,0.1385,0.58,0.42,,,0.2,0.8,,,0.41,0.59,,,,,,,,,,,,,,,,,,,,,,,,,,,,,,,,,,,,,,,,,,,,,,,,,,,,,,,,,,,,,,,,,,,,,,,,,,,0.0025,0.9975,,,,,,,0.042,0.958,,,,,,,0.018,0.982,,,,,,,,,0.0115,0.9885,,,,,,,0.92,0.08,,,,,0.9585,0.0415,,,,,,,,,0.08,0.92,,,,,,,,,,,,,,,,,,,,,,,,,,,,,,,,,,,,,,,,,,,,,,,,,,,,,,,,,,,,,,,,,,,,,,,,,,,,,,,,,,,,,,,,,,,,,,,,,,,,,,,,,,,,,,,,,,,,,,,,,,,,,,,,,,,,,,,,,,,,,,,,,,,,,,,,,,,,,,,,,,,,,,,,,,,,,,,0.185,0.815,0.0085,0.9915,,,,,,,,,,,0.75,0.25,,,,,,,,,,,,,,,,,0.1,0.9,,,,,,,,,,,,,,,,,,,,,0.24,0.76,0.255,0.745,,,,
2024-04-08 00:00:00+00:00,,,,,,,,,,,,,,,,,,,,,0.8,0.2,0.03,0.97,,,,,,,,,,,,,,,,,,,,,,,0.29,0.71,,,,,,,0.075,0.925,0.0285,0.9715,,,,,0.28,0.72,,,,,,,,,,,,,,,,,,,0.8525,0.1475,,,0.135,0.865,0.8615,0.1385,0.6375,0.3625,,,0.2,0.8,,,0.4205,0.5795,,,,,,,,,,,,,,,,,,,,,,,,,,,,,,,,,,,,,,,,,,,,,,,,,,,,,,,,,,,,,,,,,,,,,,,,,,,0.0025,0.9975,,,,,,,0.0395,0.9605,,,,,,,0.0155,0.9845,,,,,,,,,0.0115,0.9885,,,,,,,0.915,0.085,,,,,0.9565,0.0435,,,,,,,,,0.075,0.925,,,,,,,,,,,,,,,,,,,,,,,,,,,,,,,,,,,,,,,,,,,,,,,,,,,,,,,,,,,,,,,,,,,,,,,,,,,,,,,,,,,,,,,,,,,,,,,,,,,,,,,,,,,,,,,,,,,,,,,,,,,,,,,,,,,,,,,,,,,,,,,,,,,,,,,,,,,,,,,,,,,,,,,,,,,,,,,0.195,0.805,0.006,0.994,,,,,,,,,,,0.76,0.24,,,,,,,,,,,,,,,,,0.1,0.9,,,,,,,,,,,,,,,,,,,,,0.25,0.75,0.285,0.715,,,,
2024-04-09 00:00:00+00:00,,,,,,,,,,,,,,,,,,,,,0.785,0.215,0.0295,0.9705,,,,,,,,,,,,,,,,,,,,,,,0.28,0.72,,,,,,,0.075,0.925,0.028,0.972,,,,,0.28,0.72,,,,,,,,,,,,,,,,,,,0.856,0.144,,,0.135,0.865,0.8425,0.1575,0.6295,0.3705,,,0.205,0.795,,,0.4195,0.5805,,,,,,,,,,,,,,,,,,,,,,,,,,,,,,,,,,,,,,,,,,,,,,,,,,,,,,,,,,,,,,,,,,,,,,,,,,,0.0025,0.9975,,,,,,,0.04,0.96,,,,,,,0.0125,0.9875,,,,,,,,,0.012,0.988,,,,,,,0.915,0.085,,,,,0.954,0.046,,,,,,,,,0.075,0.925,,,,,,,,,,,,,,,,,,,,,,,,,,,,,,,,,,,,,,,,,,,,,,,,,,,,,,,,,,,,,,,,,,,,,,,,,,,,,,,,,,,,,,,,,,,,,,,,,,,,,,,,,,,,,,,,,,,,,,,,,,,,,,,,,,,,,,,,,,,,,,,,,,,,,,,,,,,,,,,,,,,,,,,,,,,,,,,0.2,0.8,0.0055,0.9945,,,,,,,,,,,0.715,0.285,,,,,,,,,,,,,,,,,0.1,0.9,,,,,,,,,,,,,,,,,,,,,0.25,0.75,0.28,0.72,,,,
2024-04-10 00:00:00+00:00,,,,,,,,,,,,,,,,,,,,,0.7555,0.2445,0.0295,0.9705,,,,,,,,,,,,,,,,,,,,,,,0.28,0.72,,,,,,,0.075,0.925,0.028,0.972,,,,,0.28,0.72,,,,,,,,,,,,,,,,,,,0.856,0.144,,,0.14,0.86,0.8525,0.1475,0.602,0.398,,,0.205,0.795,,,0.4205,0.5795,,,,,,,,,,,,,,,,,,,,,,,,,,,,,,,,,,,,,,,,,,,,,,,,,,,,,,,,,,,,,,,,,,,,,,,,,,,0.0025,0.9975,,,,,,,0.0405,0.9595,,,,,,,0.0145,0.9855,,,,,,,,,0.0115,0.9885,,,,,,,0.915,0.085,,,,,0.9555,0.0445,,,,,,,,,0.075,0.925,,,,,,,,,,,,,,,,,,,,,,,,,,,,,,,,,,,,,,,,,,,,,,,,,,,,,,,,,,,,,,,,,,,,,,,,,,,,,,,,,,,,,,,,,,,,,,,,,,,,,,,,,,,,,,,,,,,,,,,,,,,,,,,,,,,,,,,,,,,,,,,,,,,,,,,,,,,,,,,,,,,,,,,,,,,,,,,0.2,0.8,0.0055,0.9945,,,,,,,,,,,0.72,0.28,,,,,,,,,,,,,,,,,0.1,0.9,,,,,,,,,,,,,,,,,,,,,0.25,0.75,0.28,0.72,,,,
2024-04-11 00:00:00+00:00,,,,,,,,,,,,,,,,,,,,,0.6,0.4,0.027,0.973,,,,,,,,,,,,,,,,,,,,,,,0.17,0.83,,,,,,,0.055,0.945,0.022,0.978,,,,,0.275,0.725,,,,,,,,,,,,,,,,,,,0.819,0.181,,,0.2,0.8,0.7305,0.2695,0.375,0.625,,,0.255,0.745,,,0.14,0.86,,,,,,,,,,,,,,,,,,,,,,,,,,,,,,,,,,,,,,,,,,,,,,,,,,,,,,,,,,,,,,,,,,,,,,,,,,,0.0035,0.9965,,,,,,,0.0175,0.9825,,,,,,,0.0125,0.9875,,,,,,,,,0.0115,0.9885,,,,,,,0.915,0.085,,,,,0.9675,0.0325,,,,,,,,,0.075,0.925,,,,,,,,,,,,,,,,,,,,,,,,,,,,,,,,,,,,,,,,,,,,,,,,,,,,,,,,,,,,,,,,,,,,,,,,,,,,,,,,,,,,,,,,,,,,,,,,,,,,,,,,,,,,,,,,,,,,,,,,,,,,,,,,,,,,,,,,,,,,,,,,,,,,,,,,,,,,,,,,,,,,,,,,,,,,,,,0.2,0.8,0.0045,0.9955,,,,,,,,,,,,,,,,,,,,,,,,,,,,,0.065,0.935,,,,,,,,,,,,,,,,,,,,,0.25,0.75,0.28,0.72,,,,
2024-04-12 00:00:00+00:00,,,,,,,,,,,,,,,,,,,,,0.585,0.415,0.0275,0.9725,,,,,,,,,,,,,,,,,,,,,,,0.165,0.835,,,,,,,0.05,0.95,0.0185,0.9815,,,,,0.275,0.725,,,,,,,,,,,,,,,,,,,0.765,0.235,,,0.225,0.775,0.705,0.295,0.36,0.64,,,0.25,0.75,,,0.165,0.835,,,,,,,,,,,,,,,,,,,,,,,,,,,,,,,,,,,,,,,,,,,,,,,,,,,,,,,,,,,,,,,,,,,,,,,,,,,0.006,0.994,,,,,,,0.0165,0.9835,,,,,,,0.0105,0.9895,,,,,,,,,0.0115,0.9885,,,,,,,0.915,0.085,,,,,0.972,0.028,,,,,,,,,0.075,0.925,,,,,,,,,,,,,,,,,,,,,,,,,,,,,,,,,,,,,,,,,,,,,,,,,,,,,,,,,,,,,,,,,,,,,,,,,,,,,,,,,,,,,,,,,,,,,,,,,,,,,,,,,,,,,,,,,,,,,,,,,,,,,,,,,0.7,0.3,,,,,,,,,,,,,,,,,,,,,,,,,,,,,,,,,,,,,,,,,,,,,0.2,0.8,0.0045,0.9955,,,,,,,,,,,,,,,,,,,,,,,,,,,,,0.07,0.93,,,,,,,,,,,,,,,,,,,,,0.25,0.75,0.28,0.72,,,,
2024-04-13 00:00:00+00:00,,,,,,,,,,,,,,,,,,,,,0.585,0.415,0.027,0.973,,,,,,,,,,,,,,,,,,,,,,,0.165,0.835,,,,,,,0.045,0.955,0.0185,0.9815,,,,,0.275,0.725,,,,,,,,,,,,,,,,,,,0.7695,0.2305,,,0.235,0.765,0.685,0.315,0.365,0.635,,,0.25,0.75,,,0.19,0.81,,,,,,,,,,,,,,,,,,,,,,,,,,,,,,,,,,,,,,,,,,,,,,,,,,,,,,,,,,,,,,,,,,,,,,,,,,,0.0055,0.9945,,,,,,,0.016,0.984,,,,,,,0.0105,0.9895,,,,,,,,,0.0115,0.9885,,,,,,,0.91,0.09,,,,,0.9715,0.0285,,,,,,,,,0.075,0.925,,,,,,,,,,,,,,,,,,,,,,,,,,,,,,,,,,,,,,,,,,,,,,,,,0.89,0.11,,,,,,,,,,,,,0.1,0.9,,,,,,,,,,,,,,,,,,,,,,,,,,,0.012,0.988,,,,,,,,,,,,,,,,,,,,,,,,,,,,,,,,,,,,,0.75,0.25,,,,,,,,,,,,,,,,,,,,,,,,,,,,,,,,,,,,,,,,,,,,,0.2,0.8,0.005,0.995,,,,,,,,,,,,,,,,,,,,,,,,,,,,,0.07,0.93,,,,,,,,,,,,,,,,,,,,,0.25,0.75,0.28,0.72,,,,
2024-04-14 00:00:00+00:00,,,,,,,,,,,,,,,,,,,,,0.5695,0.4305,0.028,0.972,,,,,,,,,,,,,,,,,,,,,,,0.165,0.835,,,,,,,0.045,0.955,0.0185,0.9815,,,,,0.275,0.725,,,,,,,,,,,,,,,,,,,0.765,0.235,,,0.24,0.76,0.6825,0.3175,0.3655,0.6345,,,0.25,0.75,,,0.1935,0.8065,,,,,,,,,,,,,,,,,,,,,,,,,,,,,,,,,,,,,,,,,,,,,,,,,,,,,,,,,,,,,,,,,,,,,,,,,,,0.005,0.995,,,,,,,0.017,0.983,,,,,,,0.0205,0.9795,,,,,,,,,0.0115,0.9885,,,,,,,0.91,0.09,,,,,0.9625,0.0375,,,,,,,,,0.075,0.925,,,,,,,,,,,,,,,,,,,,,,,,,,,,,,,,,,,,,,,,,,,,,,,,,0.895,0.105,,,,,,,,,,,,,0.1,0.9,,,,,,,,,,,,,,,,,,,,,,,,,,,0.012,0.988,,,,,,,,,,,,,,,,,,,,,,,,,,,,,,,,,,,,,0.75,0.25,,,,,,,,,,,,,,,,,,,,,,,,,,,,,,,,,,,,,,,,,,,,,0.2,0.8,0.005,0.995,,,,,,,,,,,,,,,,,,,,,,,,,,,,,0.07,0.93,,,,,,,,,,,,,,,,,,,,,0.25,0.75,0.28,0.72,,,,
2024-04-15 00:00:00+00:00,,,,,,,,,,,,,,,,,,,,,0.565,0.435,0.0295,0.9705,,,,,,,,,,,,,,,,,,,,,,,0.165,0.835,,,,,,,0.05,0.95,0.019,0.981,,,,,0.275,0.725,,,,,,,,,,,,,,,,,,,0.765,0.235,,,0.235,0.765,0.6835,0.3165,0.3195,0.6805,,,0.26,0.74,,,0.1725,0.8275,,,,,,,,,,,,,,,,,,,,,,,,,,,,,,,,,,,,,,,,,,,,,,,,,,,,,,,,,,,,,,,,,,,,,,,,,,,0.0135,0.9865,,,,,,,0.0175,0.9825,,,,,,,0.0135,0.9865,,,,,,,,,0.0115,0.9885,,,,,,,0.905,0.095,,,,,0.9635,0.0365,,,,,,,,,0.075,0.925,,,,,,,,,,,,,,,,,,,,,,,,,,,,,,,,,,,,,,,,,,,,,,,,,0.895,0.105,,,,,,,,,,,,,0.1,0.9,,,,,,,,,,,,,,,,,,,,,,,,,,,0.012,0.988,,,,,,,,,,,,,,,,,,,,,,,,,,,,,,,,,,,,,0.735,0.265,,,,,,,,,,,,,,,,,,,,,,,,,,,,,,,,,,,,,,,,,,,,,0.195,0.805,0.005,0.995,,,,,,,,,,,,,,,,,,,,,,,,,,,,,0.075,0.925,,,,,,,,,,,,,,,,,,,,,0.255,0.745,0.285,0.715,,,,
2024-04-16 00:00:00+00:00,,,,,,,,,,,,,,,,,,,,,0.5655,0.4345,0.0295,0.9705,,,,,,,,,,,,,,,,,,,,,,,0.165,0.835,,,,,,,0.05,0.95,0.02,0.98,,,,,0.275,0.725,,,,,,,,,,,,,,,,,,,0.765,0.235,,,0.23,0.77,0.6865,0.3135,0.32,0.68,,,0.26,0.74,,,0.172,0.828,,,,,,,,,,,,,,,,,,,,,,,,,,,,,,,,,,,,,,,,,,,,,,,,,,,,,,,,,,,,,,,,,,,,,,,,,,,0.0135,0.9865,,,,,,,0.017,0.983,,,,,,,0.0135,0.9865,,,,,,,,,0.0115,0.9885,,,,,,,0.91,0.09,,,,,0.9645,0.0355,,,,,,,,,0.075,0.925,,,,,,,,,,,,,,,,,,,,,,,,,,,,,,,,,,,,,,,,,,,,,,,,,0.895,0.105,,,,,,,,,,,,,0.1,0.9,,,,,,,,,,,,,,,,,,,,,,,,,,,0.012,0.988,,,,,,,,,,,,,,,,,,,,,,,,,,,,,,,,,,,,,0.735,0.265,,,,,,,,,,,,,,,,,,,,,,,,,,,,,,,,,,,,,,,,,,,,,0.195,0.805,0.0015,0.9985,,,,,,,,,,,,,,,,,,,,,,,,,,,,,0.075,0.925,,,,,,,,,,,,,,,,,,,,,0.255,0.745,0.285,0.715,,,,
2024-04-17 00:00:00+00:00,,,,,,,,,,,,,,,,,,,,,0.48,0.52,0.0295,0.9705,,,,,,,,,,,,,,,,,,,,,,,0.145,0.855,,,,,,,0.035,0.965,0.02,0.98,,,,,0.27,0.73,,,,,,,,,,,,,,,,,,,0.69,0.31,,,0.3,0.7,0.6825,0.3175,0.304,0.696,,,0.265,0.735,,,0.1345,0.8655,,,,,,,,,,,,,,,,,,,,,,,,,,,,,,,,,,,,,,,,,,,,,,,,,,,,,,,,,,,,,,,,,,,,,,,,,,,0.0125,0.9875,,,,,,,0.0135,0.9865,,,,,,,0.01,0.99,,,,,,,,,0.0115,0.9885,,,,,,,0.905,0.095,,,,,0.9735,0.0265,,,,,,,,,0.075,0.925,,,,,,,,,,,,,,,,,,,,,,,,,,,,,,,,,,,,,,,,,,,,,,,,,0.895,0.105,,,,,,,,,,,,,0.1,0.9,,,,,,,,,,,,,,,,,,,,,,,,,,,0.012,0.988,,,,,,,,,,,,,,,,,,,,,,,,,,,,,,,,,,,,,0.735,0.265,,,,,,,,,,,,,,,,,,,,,,,,,,,,,,,,,,,,,,,,,,,,,0.195,0.805,,,,,,,,,,,,,,,,,,,,,,,,,,,,,,,0.075,0.925,,,,,,,,,,,,,,,,,,,,,0.255,0.745,0.285,0.715,,,,
2024-04-18 00:00:00+00:00,,,,,,,,,,,,,,,,,,,,,0.48,0.52,0.0285,0.9715,,,,,,,,,,,,,,,,,,,,,,,0.145,0.855,,,,,,,0.0345,0.9655,0.019,0.981,,,,,0.27,0.73,,,,,,,,,,,,,,,,,,,0.745,0.255,,,0.265,0.735,0.63,0.37,0.292,0.708,,,0.265,0.735,,,0.155,0.845,,,,,,,,,,,,,,,,,,,,,,,,,,,,,,,,,,,,,,,,,,,,,,,,,,,,,,,,,,,,,,,,,,,,,,,,,,,0.0115,0.9885,,,,,,,0.0155,0.9845,,,,,,,0.01,0.99,,,,,,,,,0.0115,0.9885,,,,,,,0.905,0.095,,,,,0.9785,0.0215,,,,,,,,,0.075,0.925,,,,,,,,,,,,,,,,,,,,,,,,,,,,,,,,,,,,,,,,,,,,,,,,,0.895,0.105,,,,,,,,,,,,,0.095,0.905,,,,,,,,,,,,,,,,,,,,,,,,,,,0.012,0.988,,,,,,,,,,,,,,,,,,,,,,,,,,,,,,,,,,,,,0.79,0.21,,,,,,,,,,,,,,,,,,,,,,,,,,,,,,,,,,,,,,,,,,,,,0.195,0.805,,,,,,,,,,,,,,,,,,,,,,,,,,,,,,,0.075,0.925,,,,,,,,,,,,,,,,,,,,,0.255,0.745,0.285,0.715,,,,
2024-04-19 00:00:00+00:00,,,,,,,,,,,,,,,,,,,,,0.5045,0.4955,0.043,0.957,,,,,,,,,,,,,,,,,,,,,,,0.135,0.865,,,,,,,0.0445,0.9555,0.0255,0.9745,,,,,0.235,0.765,,,,,,,,,,,,,,,,,,,0.695,0.305,,,0.3,0.7,0.64,0.36,0.275,0.725,,,0.27,0.73,,,0.14,0.86,,,,,,,,,,,,,,,,,,,,,,,,,,,,,,,,,,,,,,,,,,,,,,,,,,,,,,,,,,,,,,,,,,,,,,,,,,,0.0135,0.9865,,,,,,,0.014,0.986,,,,,,,0.01,0.99,,,,,,,,,0.0115,0.9885,,,,,,,0.905,0.095,,,,,0.9785,0.0215,,,,,,,,,0.075,0.925,,,,,,,,,,,,,,,,,,,,,,,,,,,,,,,,,,,,,,,,,,,,,,,,,0.895,0.105,,,,,,,,,,,,,0.095,0.905,,,,,,,,,,,,,,,,,,,,,,,,,,,0.012,0.988,,,,,,,,,,,,,,,,,,,,,,,,,,,,,,,,,,,,,0.805,0.195,,,,,,,,,,,,,,,,,,,,,,,,,,,,,,,,,,,,,,,,,,,,,0.2,0.8,,,,,,,,,,,,,,,,,,,,,,,,,,,,,,,0.08,0.92,,,,,,,,,,,,,,,,,,,,,0.265,0.735,0.3,0.7,,,,
2024-04-20 00:00:00+00:00,,,,,,,,,,,,,,,,,,,,,0.4915,0.5085,0.043,0.957,,,,,,,,,,,,,,,,,,,,,,,0.14,0.86,,,,,,,0.0445,0.9555,0.0255,0.9745,,,,,0.235,0.765,,,,,,,,,,,,,,,,,,,0.678,0.322,,,0.3,0.7,0.585,0.415,0.27,0.73,,,0.265,0.735,,,0.14,0.86,,,,,,,,,,,,,,,,,,,,,,,,,,,,,,,,,,,,,,,,,,,,,,,,,,,,,,,,,,,,,,,,,,,,,,,,,,,0.01,0.99,,,,,,,0.012,0.988,,,,,,,0.0095,0.9905,,,,,,,,,0.0115,0.9885,,,,,,,0.905,0.095,,,,,0.9775,0.0225,,,,,,,,,0.075,0.925,,,,,,,,,,,,,,,,,,,,,,,,,,,,,,,,,,,,,,,,,,,,,,,,,0.895,0.105,,,,,,,,,,,,,0.095,0.905,,,,,,,,,,,,,,,,,,,,,,,,,,,0.012,0.988,,,,,,,,,,,,,,,,,,,,,,,,,,,,,,,,,,,,,0.76,0.24,,,,,,,,,,,,,,,,,,,,,,,,,,,,,,,,,,,,,,,,,,,,,0.09,0.91,,,,,,,,,,,,,,,,,,,,,,,,,,,,,,,0.545,0.455,,,,,,,,,,,0.59,0.41,,,,,,,,,0.635,0.365,0.65,0.35,,,,
2024-04-21 00:00:00+00:00,,,,,,,,,,,,,,,,,,,,,0.455,0.545,0.035,0.965,,,,,,,,,,,,,,,,,,,,,,,0.135,0.865,,,,,,,0.0445,0.9555,0.0255,0.9745,,,,,0.225,0.775,,,,,,,,,,,,,,,,,,,0.625,0.375,,,0.305,0.695,0.585,0.415,0.32,0.68,,,0.28,0.72,,,0.15,0.85,,,,,,,,,,,,,,,,,,,,,,,,,,,,,,,,,,,,,,,,,,,,,,,,,,,,,,,,,,,,,,,,,,,,,,,,,,,0.01,0.99,,,,,,,0.0115,0.9885,,,,,,,0.0095,0.9905,,,,,,,,,0.012,0.988,,,,,,,0.905,0.095,,,,,0.9775,0.0225,,,,,,,,,0.075,0.925,,,,,,,,,,,,,,,,,,,,,,,,,,,,,,,,,,,,,,,,,,,,,,,,,0.895,0.105,,,,,,,,,,,,,0.095,0.905,,,,,,,,,,,,,,,,,,,,,,,,,,,0.012,0.988,,,,,,,,,,,,,,,,,,,,,,,,,,,,,,,,,,,,,0.765,0.235,,,,,,,,,,,,,,,,,,,,,,,,,,,,,,,,,,,,,,,,,,,,,0.18,0.82,,,,,,,,,,,,,,,,,,,,,,,,,,,,,,,0.095,0.905,,,,,,,,,,,0.59,0.41,,,,,,,,,0.295,0.705,0.325,0.675,,,,
2024-04-22 00:00:00+00:00,,,,,,,,,,,,,,,,,,,,,0.451,0.549,0.035,0.965,,,,,,,,,,,,,,,,,,,,,,,0.13,0.87,,,,,,,0.0445,0.9555,0.0245,0.9755,,,,,0.22,0.78,,,,,,,,,,,,,,,,,,,0.63,0.37,,,0.32,0.68,0.59,0.41,0.2855,0.7145,,,0.28,0.72,,,0.143,0.857,,,,,,,,,,,,,,,,,,,,,,,,,,,,,,,,,,,,,,,,,,,,,,,,,,,,,,,,,,,,,,,,,,,,,,,,,,,0.01,0.99,,,,,,,0.0115,0.9885,,,,,,,0.0095,0.9905,,,,,,,,,0.012,0.988,,,,,,,0.905,0.095,,,,,0.977,0.023,,,,,,,,,0.075,0.925,,,,,,,,,,,,,,,,,,,,,,,,,,,,,,,,,,,,,,,,,,,,,,,,,0.895,0.105,,,,,,,,,,,,,0.095,0.905,,,,,,,,,,,,,,,,,,,,,,,,,,,0.012,0.988,,,,,,,,,,,,,,,,,,,,,,,,,,,,,,,,,,,,,0.765,0.235,,,,,,,,,,,,,,,,,,,,,,,,,,,,,,,,,,,,,,,,,,,,,0.18,0.82,,,,,,,,,,,,,,,,,,,,,,,,,,,,,,,0.095,0.905,,,,,,,,,,,0.12,0.88,,,,,,,,,0.295,0.705,0.325,0.675,,,,
2024-04-23 00:00:00+00:00,,,,,,,,,,,,,,,,,,,,,0.4345,0.5655,0.035,0.965,,,,,,,,,,,,,,,,,,,,,,,0.105,0.895,,,,,,,0.0445,0.9555,0.0245,0.9755,,,,,0.22,0.78,,,,,,,,,,,,,,,,,,,0.685,0.315,,,0.32,0.68,0.61,0.39,0.275,0.725,,,0.28,0.72,,,0.1425,0.8575,,,,,,,,,,,,,,,,,,,,,,,,,,,,,,,,,,,,,,,,,,,,,,,,,,,,,,,,,,,,,,,,,,,,,,,,,,,0.012,0.988,,,,,,,0.0105,0.9895,,,,,,,0.0085,0.9915,,,,,,,,,0.012,0.988,,,,,,,0.905,0.095,,,,,0.9795,0.0205,,,,,,,,,0.075,0.925,,,,,,,,,,,,,,,,,,,,,,,,,,,,,,,,,,,,,,,,,,,,,,,,,0.895,0.105,,,,,,,,,,,,,0.095,0.905,,,,,,,,,,,,,,,,,,,,,,,,,,,0.012,0.988,,,,,,,,,,,,,,,,,,,,,,,,,,,,,,,,,,,,,0.765,0.235,,,,,,,,,,,,,,,,,,,,,,,,,,,,,,,,,,,,,,,,,,,,,0.18,0.82,,,,,,,,,,,,,,,,,,,,,,,,,,,,,,,0.095,0.905,,,,,,,,,,,0.035,0.965,,,,,,,,,0.295,0.705,0.325,0.675,,,,
2024-04-24 00:00:00+00:00,,,,,,,,,,,,,,,,,,,,,0.4345,0.5655,0.035,0.965,,,,,,,,,,,,,,,,,,,,,,,0.11,0.89,,,,,,,0.0445,0.9555,0.0245,0.9755,,,,,0.22,0.78,,,,,,,,,,,,,,,,,,,0.685,0.315,,,0.325,0.675,0.62,0.38,0.275,0.725,,,0.275,0.725,,,0.148,0.852,,,,,,,,,,,,,,,,,,,,,,,,,,,,,,,,,,,,,,,,,,,,,,,,,,,,,,,,,,,,,,,,,,,,,,,,,,,0.0115,0.9885,,,,,,,0.007,0.993,,,,,,,0.0085,0.9915,,,,,,,,,0.012,0.988,,,,,,,0.905,0.095,,,,,0.979,0.021,,,,,,,,,0.075,0.925,,,,,,,,,,,,,,,,,,,,,,,,,,,,,,,,,,,,,,,,,,,,,,,,,0.895,0.105,,,,,,,,,,,,,0.095,0.905,,,,,,,,,,,,,,,,,,,,,,,,,,,0.012,0.988,,,,,,,,,,,,,,,,,,,,,,,,,,,,,,,,,,,,,0.83,0.17,,,,,,,,,,,,,,,,,,,,,,,,,,,,,,,,,,,,,,,,,,,,,0.18,0.82,,,,,,,,,,,,,,,,,,,,,,,,,,,,,,,0.095,0.905,,,,,,,,,,,,,,,,,,,,,0.295,0.705,0.325,0.675,,,,
2024-04-25 00:00:00+00:00,,,,,,,,,,,,,,,,,,,,,0.395,0.605,0.035,0.965,,,,,,,,,,,,,,,,,,,,,,,0.105,0.895,,,,,,,0.0445,0.9555,0.0245,0.9755,,,,,0.22,0.78,,,,,,,,,,,,,,,,,,,0.685,0.315,,,0.64,0.36,0.575,0.425,0.28,0.72,,,0.275,0.725,,,0.1475,0.8525,,,,,,,,,,,,,,,,,,,,,,,,,,,,,,,,,,,,,,,,,,,,,,,,,,,,,,,,,,,,,,,,,,,,,,,,,,,0.011,0.989,,,,,,,0.0085,0.9915,,,,,,,0.008,0.992,,,,,,,,,0.012,0.988,,,,,,,0.905,0.095,,,,,0.9795,0.0205,,,,,,,,,0.075,0.925,,,,,,,,,,,,,,,,,,,,,,,,,,,,,,,,,,,,,,,,,,,,,,,,,0.895,0.105,,,,,,,,,,,,,0.095,0.905,,,,,,,,,,,,,,,,,,,,,,,,,,,0.012,0.988,,,,,,,,,,,,,,,,,,,,,,,,,,,,,,,,,,,,,0.755,0.245,,,,,,,,,,,,,,,,,,,,,,,,,,,,,,,,,,,,,,,,,,,,,0.175,0.825,,,,,,,,,,,,,,,,,,,,,,,,,,,,,,,0.09,0.91,,,,,,,,,,,,,,,,,,,,,0.29,0.71,0.32,0.68,,,,
2024-04-26 00:00:00+00:00,,,,,,,,,,,,,,,,,,,,,0.4,0.6,0.0335,0.9665,,,,,,,,,,,,,,,,,,,,,,,0.08,0.92,,,,,,,0.039,0.961,0.0165,0.9835,,,,,0.175,0.825,,,,,,,,,,,,,,,,,,,0.671,0.329,,,0.365,0.635,0.53,0.47,0.2305,0.7695,0.185,0.815,0.3,0.7,,,0.1005,0.8995,,,,,,,,,,,,,,,,,,,,,,,,,,,,,,,,,,,,,,,,,,,,,,,,,,,,,,,,,,,,,,,,,,,,,,,,,,,0.0085,0.9915,,,,,,,0.009,0.991,,,,,,,0.008,0.992,,,,,,,,,0.012,0.988,,,,,,,0.905,0.095,,,,,0.98,0.02,,,,,,,,,0.075,0.925,,,,,,,,,,,,,,,,,,,,,,,,,,,,,,,,,,,,,,,,,,,,,,,,,0.895,0.105,,,,,,,,,,,,,0.095,0.905,,,,,,,,,,,,,,,,,,,,,,,,,,,0.012,0.988,,,,,,,,,,,,,,,,,,,,,,,,,,,,,,,,,,,,,0.675,0.325,,,,,,,,,,,,,,,,,,,,,,,,,,,,,,,,,,,,,,,,,,,,,0.15,0.85,,,,,,,,,,,,,,,,,,,,,,,,,,,,,,,0.09,0.91,,,,,,,,,,,,,,,,,,,,,0.29,0.71,0.32,0.68,,,,
2024-04-27 00:00:00+00:00,,,,,,,,,,,,,,,,,,,,,0.39,0.61,0.032,0.968,,,,,,,,,,,,,,,,,,,,,,,0.08,0.92,,,,,,,0.037,0.963,0.0165,0.9835,,,,,0.185,0.815,,,,,,,,,,,,,,,,,,,0.655,0.345,,,0.37,0.63,0.475,0.525,0.2155,0.7845,0.165,0.835,0.27,0.73,,,0.1,0.9,,,,,,,,,,,,,,,,,,,,,,,,,,,,,,,,,,,,,,,,,,,,,,,,,,,,,,,,,,,,,,,,,,,,,,,,,,,0.0085,0.9915,,,,,,,0.0065,0.9935,,,,,,,0.008,0.992,,,,,,,,,0.012,0.988,,,,,,,0.905,0.095,,,,,0.982,0.018,,,,,,,,,0.075,0.925,,,,,,,,,,,,,,,,,,,,,,,,,,,,,,,,,,,,,,,,,,,,,,,,,0.895,0.105,,,,,,,,,,,,,0.095,0.905,,,,,,,,,,,,,,,,,,,,,,,,,,,0.012,0.988,,,,,,,,,,,,,,,,,,,,,,,,,,,,,,,,,,,,,0.675,0.325,,,,,,,,,,,,,,,,,,,,,,,,,,,,,,,,,,,,,,,,,,,,,0.145,0.855,,,,,,,,,,,,,,,,,,,,,,,,,,,,,,,0.09,0.91,,,,,,,,,,,,,,,,,,,,,0.29,0.71,0.32,0.68,,,,
2024-04-28 00:00:00+00:00,,,,,,,,,,,,,,,,,,,,,0.38,0.62,0.033,0.967,,,,,,,,,,,,,,,,,,,,,,,0.085,0.915,,,,,,,0.037,0.963,0.0165,0.9835,,,,,0.195,0.805,,,,,,,,,,,,,,,,,,,0.64,0.36,,,0.355,0.645,0.475,0.525,0.205,0.795,0.165,0.835,0.285,0.715,,,0.0995,0.9005,,,,,,,,,,,,,,,,,,,,,,,,,,,,,,,,,,,,,,,,,,,,,,,,,,,,,,,,,,,,,,,,,,,,,,,,,,,0.009,0.991,,,,,,,0.0045,0.9955,,,,,,,0.0075,0.9925,,,,,,,,,0.012,0.988,,,,,,,0.905,0.095,,,,,0.9855,0.0145,,,,,,,,,0.075,0.925,,,,,,,,,,,,,,,,,,,,,,,,,,,,,,,,,,,,,,,,,,,,,,,,,0.895,0.105,,,,,,,,,,,,,0.095,0.905,,,,,,,,,,,,,,,,,,,,,,,,,,,0.012,0.988,,,,,,,,,,,,,,,,,,,,,,,,,,,,,,,,,,,,,0.675,0.325,,,,,,,,,,,,,,,,,,,,,,,,,,,,,,,,,,,,,,,,,,,,,0.145,0.855,,,,,,,,,,,,,,,,,,,,,,,,,,,,,,,0.09,0.91,,,,,,,,,,,,,,,,,,,,,0.29,0.71,0.32,0.68,,,,
2024-04-29 00:00:00+00:00,,,,,,,,,,,,,,,,,,,,,0.38,0.62,0.0335,0.9665,,,,,,,,,,,,,,,,,,,,,,,0.085,0.915,,,,,,,0.037,0.963,0.0165,0.9835,,,,,0.195,0.805,,,,,,,,,,,,,,,,,,,0.64,0.36,,,0.35,0.65,0.47,0.53,0.225,0.775,0.165,0.835,0.29,0.71,,,0.095,0.905,,,,,,,,,,,,,,,,,,,,,,,,,,,,,,,,,,,,,,,,,,,,,,,,,,,,,,,,,,,,,,,,,,,,,,,,,,,0.0085,0.9915,,,,,,,0.004,0.996,,,,,,,0.008,0.992,,,,,,,,,0.012,0.988,,,,,,,0.905,0.095,,,,,0.9855,0.0145,,,,,,,,,0.075,0.925,,,,,,,,,,,,,,,,,,,,,,,,,,,,,,,,,,,,,,,,,,,,,,,,,0.895,0.105,,,,,,,,,,,,,0.095,0.905,,,,,,,,,,,,,,,,,,,,,,,,,,,0.012,0.988,,,,,,,,,,,,,,,,,,,,,,,,,,,,,,,,,,,,,0.675,0.325,,,,,,,,,,,,,,,,,,,,,,,,,,,,,,,,,,,,,,,,,,,,,0.145,0.855,,,,,,,,,,,,,,,,,,,,,,,,,,,,,,,0.09,0.91,,,,,,,,,,,,,,,,,,,,,0.29,0.71,0.32,0.68,,,,
2024-04-30 00:00:00+00:00,,,,,,,,,,,,,,,,,,,,,0.335,0.665,0.0335,0.9665,,,,,,,,,,,,,,,,,,,,,,,0.095,0.905,,,,,,,0.0395,0.9605,0.015,0.985,,,,,0.195,0.805,,,,,,,,,,,,,,,,,,,0.645,0.355,,,0.355,0.645,0.44,0.56,0.195,0.805,0.165,0.835,0.285,0.715,,,0.0925,0.9075,,,,,,,,,,,,,,,,,,,,,,,,,,,,,,,,,,,,,,,,,,,,,,,,,,,,,,,,,,,,,,,,,,,,,,,,,,,0.0105,0.9895,,,,,,,0.0045,0.9955,,,,,,,0.0045,0.9955,,,,,,,,,0.012,0.988,,,,,,,0.905,0.095,,,,,0.985,0.015,,,,,,,,,0.075,0.925,,,,,,,,,,,,,,,,,,,,,,,,,,,,,,,,,,,,,,,,,,,,,,,,,0.895,0.105,,,,,,,,,,,,,0.095,0.905,,,,,,,,,,,,,,,,,,,,,,,,,,,0.012,0.988,,,,,,,,,,,,,,,,,,,,,,,,,,,,,,,,,,,,,0.67,0.33,,,,,,,,,,,,,,,,,,,,,,,,,,,,,,,,,,,,,,,,,,,,,0.145,0.855,,,,,,,,,,,,,,,,,,,,,,,,,,,,,,,0.115,0.885,,,,,,,,,,,,,,,,,,,,,0.29,0.71,0.32,0.68,,,,
2024-05-01 00:00:00+00:00,,,,,,,,,,,,,,,,,,,,,0.335,0.665,0.034,0.966,,,,,,,,,,,,,,,,,,,,,,,0.09,0.91,,,,,,,0.0395,0.9605,0.015,0.985,,,,,0.175,0.825,,,,,,,,,,,,,,,,,,,0.635,0.365,,,0.375,0.625,0.445,0.555,0.19,0.81,0.165,0.835,0.295,0.705,,,0.083,0.917,,,,,,,,,,,,,,,,,,,,,,,,,,,,,,,,,,,,,,,,,,,,,,,,,,,,,,,,,,,,,,,,,,,,,,,,,,,0.0075,0.9925,,,,,,,0.0055,0.9945,,,,,,,0.004,0.996,,,,,,,,,0.012,0.988,,,,,,,0.905,0.095,,,,,0.99,0.01,,,,,,,,,0.075,0.925,,,,,,,,,,,,,,,,,,,,,,,,,,,,,,,,,,,,,,,,,,,,,,,,,0.895,0.105,,,,,,,,,,,,,0.095,0.905,,,,,,,,,,,,,,,,,,,,,,,,,,,0.012,0.988,,,,,,,,,,,,,,,,,,,,,,,,,,,,,,,,,,,,,0.58,0.42,,,,,,,,,,,,,,,,,,,,,,,,,,,,,,,,,,,,,,,,,,,,,0.155,0.845,,,,,,,,,,,,,,,,,,,,,,,,,,,,,,,0.11,0.89,,,,,,,,,,,,,,,,,,,,,0.29,0.71,0.32,0.68,,,,
2024-05-02 00:00:00+00:00,,,,,,,,,,,,,,,,,,,,,0.345,0.655,0.0285,0.9715,,,,,,,,,,,,,,,,,,,,,,,0.085,0.915,,,,,,,0.0415,0.9585,0.017,0.983,,,,,0.185,0.815,,,,,,,,,,,,,,,,,,,0.615,0.385,,,0.39,0.61,0.455,0.545,0.1795,0.8205,0.14,0.86,0.295,0.705,,,0.04,0.96,,,,,,,,,,,,,,,,,,,,,,,,,,,,,,,,,,,,,0.045,0.955,0.019,0.981,0.0115,0.9885,0.947,0.053,,,,,,,,,,,,,,,,,,,,,,,,,,,,,,,,,,,,,,,,,,,,,,,,,,,,,,,,,0.012,0.988,,,,,,,0.905,0.095,,,,,,,,,,,,,,,0.075,0.925,,,,,,,,,,,,,,,,,,,,,,,,,,,,,,,,,,,,,,,,,,,,,,,,,0.895,0.105,,,,,,,,,,,,,0.085,0.915,,,,,,,,,,,,,,,,,,,,,,,,,,,0.012,0.988,,,,,,,,,,,,,,,,,,,,,,,,,,,,,,,,,,,,,0.575,0.425,,,,,,,,,,,,,,,,,,,,,,,,,,,,,,,,,,,,,,,,,,,,,0.175,0.825,,,,,,,,,,,,,,,,,,,,,,,,,,,,,,,0.11,0.89,,,,,,,,,,,,,,,,,,,,,0.285,0.715,0.32,0.68,,,,
2024-05-03 00:00:00+00:00,,,,,,,,,,,,,,,,,,,,,0.355,0.645,0.0275,0.9725,,,,,,,,,,,,,,,,,,,,,,,0.095,0.905,,,,,,,0.041,0.959,0.016,0.984,,,,,0.185,0.815,,,,,,,,,,,,,,,,,,,0.625,0.375,,,0.375,0.625,0.455,0.545,0.165,0.835,0.115,0.885,0.325,0.675,,,0.057,0.943,,,,,,,,,,,,,,,,,,,,,,,,,,,,,,,,,,,,,0.03,0.97,0.02,0.98,0.0125,0.9875,0.9465,0.0535,,,,,,,,,,,,,,,,,,,,,,,,,,,,,,,,,,,,,,,,,,,,,,,,,,,,,,,,,0.012,0.988,,,,,,,0.905,0.095,,,,,,,,,,,,,,,0.075,0.925,,,,,,,,,,,,,,,,,,,,,,,,,,,,,,,,,,,,,,,,,,,,,,,,,0.895,0.105,,,,,,,,,,,,,0.085,0.915,,,,,,,,,,,,,,,,,,,,,,,,,,,0.012,0.988,,,,,,,,,,,,,,,,,,,,,,,,,,,,,,,,,,,,,0.615,0.385,,,,,,,,,,,,,,,,,,,,,,,,,,,,,,,,,,,,,,,,,,,,,0.205,0.795,,,,,,,,,,,,,,,,,,,,,,,,,,,,,,,0.065,0.935,,,,,,,,,,,,,,,,,,,,,0.3,0.7,0.345,0.655,,,,
2024-05-04 00:00:00+00:00,,,,,,,,,,,,,,,,,,,,,0.53,0.47,0.027,0.973,,,,,,,,,,,,,,,,,,,,,,,0.125,0.875,,,,,,,0.044,0.956,0.014,0.986,,,,,0.22,0.78,,,,,,,,,,,,,,,,,,,0.74,0.26,,,0.245,0.755,0.635,0.365,0.2425,0.7575,0.105,0.895,0.35,0.65,,,0.069,0.931,,,,,,,,,,,,,,,,,,,,,,,,,,,,,,,,,,,,,0.0465,0.9535,0.0165,0.9835,0.0125,0.9875,0.932,0.068,,,,,,,,,,,,,,,,,,,,,,,,,,,,,,,,,,,,,,,,,,,,,,,,,,,,,,,,,0.012,0.988,,,,,,,0.905,0.095,,,,,,,,,,,,,,,0.075,0.925,,,,,,,,,,,,,,,,,,,,,,,,,,,,,,,,,,,,,,,,,,,,,,,,,0.895,0.105,,,,,,,,,,,,,0.085,0.915,,,,,,,,,,,,,,,,,,,,,,,,,,,0.012,0.988,,,,,,,,,,,,,,,,,,,,,,,,,,,,,,,,,,,,,0.645,0.355,,,,,,,,,,,,,,,,,,,,,,,,,,,,,,,,,,,,,,,,,,,,,,,,,,,,,,,,,,,,,,,,,,,,,,,,,,,,,,,,,,,,,,,,,,,,,,,,,,,,,,,,,,
2024-05-05 00:00:00+00:00,,,,,,,,,,,,,,,,,,,,,0.555,0.445,0.0265,0.9735,,,,,,,,,,,,,,,,,,,,,,,0.09,0.91,,,,,,,0.044,0.956,0.0135,0.9865,,,,,0.26,0.74,,,,,,,,,,,,,,,,,,,0.74,0.26,,,0.225,0.775,0.65,0.35,0.2655,0.7345,0.085,0.915,0.345,0.655,,,0.075,0.925,,,,,,,,,,,,,,,,,,,,,,,,,,,,,,,,,,,,,0.051,0.949,0.0145,0.9855,0.012,0.988,0.9325,0.0675,,,,,,,,,,,,,,,,,,,,,,,,,,,,,,,,,,,,,,,,,,,,,,,,,,,,,,,,,0.0125,0.9875,,,,,,,0.905,0.095,,,,,,,,,,,,,,,0.075,0.925,,,,,,,,,,,,,,,,,,,,,,,,,,,,,,,,,,,,,,,,,,,,,,,,,0.895,0.105,,,,,,,,,,,,,0.085,0.915,,,,,,,,,,,,,,,,,,,,,,,,,,,0.012,0.988,,,,,,,,,,,,,,,,,,,,,,,,,,,,,,,,,,,,,0.61,0.39,,,,,,,,,,,,,,,,,,,,,,,,,,,,,,,,,,,,,,,,,,,,,,,,,,,,,,,,,,,,,,,,,,,,,,,,,,,,,,,,,,,,,,,,,,,,,,,,,,,,,,,,,,
2024-05-06 00:00:00+00:00,,,,,,,,,,,,,,,,,,,,,0.54,0.46,0.0245,0.9755,,,,,,,,,,,,,,,,,,,,,,,0.09,0.91,,,,,,,0.044,0.956,0.0135,0.9865,,,,,0.265,0.735,,,,,,,,,,,,,,,,,,,0.7325,0.2675,,,0.255,0.745,0.635,0.365,0.2595,0.7405,0.075,0.925,0.345,0.655,,,0.0595,0.9405,,,,,,,,,,,,,,,,,,,,,,,,,,,,,,,,,,,,,0.0495,0.9505,0.0145,0.9855,0.0125,0.9875,0.9355,0.0645,,,,,,,,,,,,,,,,,,,,,,,,,,,,,,,,,,,,,,,,,,,,,,,,,,,,,,,,,0.0125,0.9875,,,,,,,0.915,0.085,,,,,,,,,,,,,,,0.075,0.925,,,,,,,,,,,,,,,,,,,,,,,,,,,,,,,,,,,,,,,,,,,,,,,,,0.895,0.105,,,,,,,,,,,,,0.085,0.915,,,,,,,,,,,,,,,,,,,,,,,,,,,0.012,0.988,,,,,,,,,,,,,,,,,,,,,,,,,,,,,,,,,,,,,0.615,0.385,,,,,,,,,,,,,,,,,,,,,,,,,,,,,,,,,,,,,,,,,,,,,,,,,,,,,,,,,,,,,,,,,,,,,,,,,,,,,,,,,,,,,,,,,,,,,,,,,,,,,,,,,,
2024-05-07 00:00:00+00:00,,,,,,,,,,,,,,,,,,,,,0.535,0.465,0.025,0.975,,,,,,,,,,,,,,,,,,,,,,,0.09,0.91,,,,,,,0.04,0.96,0.013,0.987,,,,,0.28,0.72,,,,,,,,,,,,,,,,,,,0.73,0.27,,,0.255,0.745,0.635,0.365,0.2425,0.7575,0.075,0.925,0.345,0.655,,,0.0645,0.9355,,,,,,,,,,,,,,,,,,,,,,,,,,,,,,,,,,,,,0.0495,0.9505,0.014,0.986,0.0115,0.9885,0.936,0.064,,,,,,,,,,,,,,,,,,,,,,,,,,,,,,,,,,,,,,,,,,,,,,,,,,,,,,,,,0.0125,0.9875,,,,,,,0.915,0.085,,,,,,,,,,,,,,,0.07,0.93,,,,,,,,,,,,,,,,,,,,,,,,,,,,,,,,,,,,,,,,,,,,,,,,,0.895,0.105,,,,,,,,,,,,,0.085,0.915,,,,,,,,,,,,,,,,,,,,,,,,,,,0.012,0.988,,,,,,,,,,,,,,,,,,,,,,,,,,,,,,,,,,,,,0.605,0.395,,,,,,,,,,,,,,,,,,,,,,,,,,,,,,,,,,,,,,,,,,,,,,,,,,,,,,,,,,,,,,,,,,,,,,,,,,,,,,,,,,,,,,,,,,,,,,,,,,,,,,,,,,
2024-05-08 00:00:00+00:00,,,,,,,,,,,,,,,,,,,,,0.5445,0.4555,0.025,0.975,,,,,,,,,,,,,,,,,,,,,,,0.085,0.915,,,,,,,0.04,0.96,0.013,0.987,,,,,0.28,0.72,,,,,,,,,,,,,,,,,,,0.735,0.265,,,0.255,0.745,0.65,0.35,0.229,0.771,0.075,0.925,0.295,0.705,,,0.0625,0.9375,,,,,,,,,,,,,,,,,,,,,,,,,,,,,,,,,,,,,0.044,0.956,0.0135,0.9865,0.0075,0.9925,0.938,0.062,,,,,,,,,,,,,,,,,,,,,,,,,,,,,,,,,,,,,,,,,,,,,,,,,,,,,,,,,0.0125,0.9875,,,,,,,0.915,0.085,,,,,,,,,,,,,,,0.07,0.93,,,,,,,,,,,,,,,,,,,,,,,,,,,,,,,0.055,0.945,,,,,,,,,,,0.04,0.96,,,,,0.895,0.105,,,,,,,,,,,,,0.085,0.915,,,,,,,,,0.045,0.955,,,,,,,,,,,,,,,,,0.012,0.988,,,,,,,,,,,0.165,0.835,,,,,,,,,,,,,0.115,0.885,,,0.145,0.855,,,,,,,0.57,0.43,,,,,,,,,,,,,,,,,,,,,,,,,,,,,,,,,,,,,,,,,,,,,,,,,,,,,,,,,,,,,,,,,,,,,,,,,,,,,,,,,,,,,,,,,,,,,,,,,,,,,,,,,,
2024-05-09 00:00:00+00:00,,,,,,,,,,,,,,,,,,,,,0.5445,0.4555,0.025,0.975,,,,,,,,,,,,,,,,,,,,,,,0.085,0.915,,,,,,,0.04,0.96,0.013,0.987,,,,,0.29,0.71,,,,,,,,,,,,,,,,,,,0.745,0.255,,,0.255,0.745,0.65,0.35,0.2195,0.7805,0.075,0.925,0.295,0.705,,,0.055,0.945,,,,,,,,,,,,,,,,,,,,,,,,,,,,,,,,,,,,,0.048,0.952,0.0115,0.9885,0.0055,0.9945,0.9395,0.0605,,,,,,,,,,,,,,,,,,,,,,,,,,,,,,,,,,,,,,,,,,,,,,,,,,,,,,,,,0.012,0.988,,,,,,,0.915,0.085,,,,,,,,,,,,,,,0.065,0.935,,,,,,,,,,,,,,,,,,,,,,,,,,,,,,,0.007,0.993,,,,,,,,,,,0.006,0.994,,,,,0.895,0.105,,,,,,,,,,,,,0.085,0.915,,,,,,,,,0.006,0.994,,,,,,,,,,,,,,,,,0.012,0.988,,,,,,,,,,,0.14,0.86,,,,,,,,,,,,,0.04,0.96,,,0.075,0.925,,,,,,,0.575,0.425,,,,,,,,,,,,,,,,,,,,,,,,,,,,,,,,,,,,,,,,,,,,,,,,,,,,,,,,,,,,,,,,,,,,,,,,,,,,,,,,,,,,,,,,,,,,,,,,,,,,,,,,,,
2024-05-10 00:00:00+00:00,,,,,,,,,,,,,,,,,,,,,0.485,0.515,0.0235,0.9765,,,,,,,,,,,,,,,,,,,,,,,0.095,0.905,,,,,,,0.0385,0.9615,0.011,0.989,,,,,0.265,0.735,,,,,,,,,,,,,,,,,,,0.7355,0.2645,,,0.265,0.735,0.65,0.35,0.2095,0.7905,0.075,0.925,0.32,0.68,,,0.0555,0.9445,,,,,,,,,,,,,,,,,,,,,,,,,,,,,,,,,,,,,0.05,0.95,0.0095,0.9905,0.0055,0.9945,0.9385,0.0615,,,,,,,,,,,,,,,,,,,,,,,,,,,,,,,,,,,,,,,,,,,,,,,,,,,,,,,,,0.0125,0.9875,,,,,,,0.915,0.085,,,,,,,,,,,,,,,0.07,0.93,,,,,,,,,,,,,,,,,,,,,,,,,,,,,,,0.007,0.993,,,,,,,,,,,0.0055,0.9945,,,,,0.895,0.105,,,,,,,,,,,,,0.085,0.915,,,,,,,,,0.0055,0.9945,,,,,,,,,,,,,,,,,0.012,0.988,,,,,,,,,,,0.135,0.865,,,,,,,,,,,,,0.035,0.965,,,0.075,0.925,,,,,,,0.605,0.395,,,,,,,,,,,,,,,,,,,,,,,,,,,,,,,,,,,,,,,,,,,,,,,,,,,,,,,,,,,,,,,,,,,,,,,,,,,,,,,,,,,,,,,,,,,,,,,,,,,,,,,,,,
2024-05-11 00:00:00+00:00,,,,,,,,,,,,,,,,,,,,,0.47,0.53,0.0235,0.9765,,,,,,,,,,,,,,,,,,,,,,,0.095,0.905,,,,,,,0.0385,0.9615,0.011,0.989,,,,,0.255,0.745,,,,,,,,,,,,,,,,,,,0.7355,0.2645,,,0.27,0.73,0.645,0.355,0.2,0.8,0.085,0.915,0.32,0.68,,,0.054,0.946,,,,,,,,,,,,,,,,,,,,,,,,,,,,,,,,,,,,,0.047,0.953,0.009,0.991,0.005,0.995,0.943,0.057,,,,,,,,,,,,,,,,,,,,,,,,,,,,,,,,,,,,,,,,,,,,,,,,,,,,,,,,,0.012,0.988,,,,,,,0.915,0.085,,,,,,,,,,,,,,,0.065,0.935,,,,,,,,,,,,,,,,,,,,,,,,,,,,,,,0.0035,0.9965,,,,,,,,,,,0.003,0.997,,,,,0.895,0.105,,,,,,,,,,,,,0.085,0.915,,,,,,,,,0.003,0.997,,,,,,,,,,,,,,,,,0.012,0.988,,,,,,,,,,,0.13,0.87,,,,,,,,,,,,,0.029,0.971,,,0.07,0.93,,,,,,,0.61,0.39,,,,,,,,,,,,,,,,,,,,,,,,,,,,,,,,,,,,,,,,,,,,,,,,,,,,,,,,,,,,,,,,,,,,,,,,,,,,,,,,,,,,,,,,,,,,,,,,,,,,,,,,,,
2024-05-12 00:00:00+00:00,,,,,,,,,,,,,,,,,,,,,0.47,0.53,0.0235,0.9765,,,,,,,,,,,,,,,,,,,,,,,0.095,0.905,,,,,,,0.0355,0.9645,0.011,0.989,,,,,0.245,0.755,,,,,,,,,,,,,,,,,,,0.734,0.266,,,0.27,0.73,0.635,0.365,0.2,0.8,0.085,0.915,0.32,0.68,,,0.0545,0.9455,,,,,,,,,,,,,,,,,,,,,,,,,,,,,,,,,,,,,0.046,0.954,0.009,0.991,0.005,0.995,0.943,0.057,,,,,,,,,,,,,,,,,,,,,,,,,,,,,,,,,,,,,,,,,,,,,,,,,,,,,,,,,0.012,0.988,,,,,,,0.915,0.085,,,,,,,,,,,,,,,0.065,0.935,,,,,,,,,,,,,,,,,,,,,,,,,,,,,,,0.0035,0.9965,,,,,,,,,,,0.003,0.997,,,,,0.895,0.105,,,,,,,,,,,,,0.085,0.915,,,,,,,,,0.003,0.997,,,,,,,,,,,,,,,,,0.012,0.988,,,,,,,,,,,0.13,0.87,,,,,,,,,,,,,0.029,0.971,,,0.07,0.93,,,,,,,0.595,0.405,,,,,,,,,,,,,,,,,,,,,,,,,,,,,,,,,,,,,,,,,,,,,,,,,,,,,,,,,,,,,,,,,,,,,,,,,,,,,,,,,,,,,,,,,,,,,,,,,,,,,,,,,,
2024-05-13 00:00:00+00:00,,,,,,,,,,,,,,,,,,,,,0.466,0.534,0.0235,0.9765,,,,,,,,,,,,,,,,,,,,,,,0.095,0.905,,,,,,,0.0355,0.9645,0.011,0.989,,,,,0.245,0.755,,,,,,,,,,,,,,,,,,,0.7275,0.2725,,,0.275,0.725,0.625,0.375,0.2,0.8,0.085,0.915,0.32,0.68,,,0.05,0.95,,,,,,,,,,,,,,,,,,,,,,,,,,,,,,,,,,,,,0.0475,0.9525,0.009,0.991,0.005,0.995,0.943,0.057,,,,,,,,,,,,,,,,,,,,,,,,,,,,,,,,,,,,,,,,,,,,,,,,,,,,,,,,,0.012,0.988,,,,,,,0.915,0.085,,,,,,,,,,,,,,,0.065,0.935,,,,,,,,,,,,,,,,,,,,,,,,,,,,,,,0.0025,0.9975,,,,,,,,,,,0.002,0.998,,,,,0.905,0.095,,,,,,,,,,,,,0.075,0.925,,,,,,,,,0.002,0.998,,,,,,,,,,,,,,,,,0.012,0.988,,,,,,,,,,,0.11,0.89,,,,,,,,,,,,,0.029,0.971,,,0.065,0.935,,,,,,,0.59,0.41,,,,,,,,,,,,,,,,,,,,,,,,,,,,,,,,,,,,,,,,,,,,,,,,,,,,,,,,,,,,,,,,,,,,,,,,,,,,,,,,,,,,,,,,,,,,,,,,,,,,,,,,,,
2024-05-14 00:00:00+00:00,,,,,,,,,,,,,,,,,,,,,0.415,0.585,0.0235,0.9765,,,,,,,,,,,,,,,,,,,,,,,0.095,0.905,,,,,,,0.0355,0.9645,0.011,0.989,,,,,0.245,0.755,,,,,,,,,,,,,,,,,,,0.7225,0.2775,,,0.275,0.725,0.615,0.385,0.195,0.805,0.085,0.915,0.32,0.68,,,0.048,0.952,,,,,,,,,,,,,,,,,,,,,,,,,,,,,,,,,,,,,0.047,0.953,0.0085,0.9915,0.005,0.995,0.948,0.052,,,,,,,,,,,,,,,,,,,,,,,,,,,,,,,,,,,,,,,,,,,,,,,,,,,,,,,,,0.0125,0.9875,,,,,,,0.915,0.085,,,,,,,,,,,,,,,0.07,0.93,,,,,,,,,,,,,,,,,,,,,,,,,,,,,,,0.0025,0.9975,,,,,,,,,,,0.0025,0.9975,,,,,0.905,0.095,,,,,,,,,,,,,0.075,0.925,,,,,,,,,0.0025,0.9975,,,,,,,,,,,,,,,,,0.012,0.988,,,,,,,,,,,0.105,0.895,,,,,,,,,,,,,0.0225,0.9775,,,0.055,0.945,,,,,,,0.585,0.415,,,,,,,,,,,,,,,,,,,,,,,,,,,,,,,,,,,,,,,,,,,,,,,,,,,,,,,,,,,,,,,,,,,,,,,,,,,,,,,,,,,,,,,,,,,,,,,,,,,,,,,,,,
2024-05-15 00:00:00+00:00,,,,,,,,,,,,,,,,,,,,,0.4195,0.5805,0.0235,0.9765,,,,,,,,,,,,,,,,,,,,,,,0.095,0.905,,,,,,,0.0355,0.9645,0.011,0.989,,,,,0.215,0.785,,,,,,,,,,,,,,,,,,,0.7055,0.2945,,,0.285,0.715,0.61,0.39,0.19,0.81,0.105,0.895,0.325,0.675,,,0.042,0.958,,,,,,,,,,,,,,,,,,,,,,,,,,,,,,,,,,,,,0.042,0.958,0.009,0.991,0.005,0.995,0.937,0.063,,,,,,,,,,,,,,,,,,,,,,,,,,,,,,,,,,,,,,,,,,,,,,,,,,,,,,,,,0.0125,0.9875,,,,,,,0.915,0.085,,,,,,,,,,,,,,,0.07,0.93,,,,,,,,,,,,,,,,,,,,,,,,,,,,,,,0.0025,0.9975,,,,,,,,,,,0.0025,0.9975,,,,,0.905,0.095,,,,,,,,,,,,,0.075,0.925,,,,,,,,,0.0025,0.9975,,,,,,,,,,,,,,,,,0.012,0.988,,,,,,,,,,,0.105,0.895,,,,,,,,,,,,,0.0225,0.9775,,,0.055,0.945,,,,,,,0.555,0.445,,,,,,,,,,,,,,,,,,,,,,,,,,,,,,,,,,,,,,,,,,,,,,,,,,,,,,,,,,,,,,,,,,,,,,,,,,,,,,,,,,,,,,,,,,,,,,,,,,,,,,,,,,
2024-05-16 00:00:00+00:00,,,,,,,,,,,,,,,,,,,,,0.542,0.458,0.023,0.977,,,,,,,,,,,,,,,,,,,,,,,0.11,0.89,,,,,,,0.0365,0.9635,0.0105,0.9895,,,,,0.23,0.77,,,,,,,,,,,,,,,,,,,0.725,0.275,,,0.235,0.765,0.6255,0.3745,0.231,0.769,0.095,0.905,0.3,0.7,,,0.0375,0.9625,,,,,,,,,,,,,,,,,,,,,,,,,,,,,,,,,,,,,0.0365,0.9635,0.0095,0.9905,0.006,0.994,0.958,0.042,,,,,,,,,,,,,,,,,,,,,,,,,,,,,,,,,,,,,,,,,,,,,,,,,,,,,,,,,0.0125,0.9875,,,,,,,0.915,0.085,,,,,,,,,,,,,,,0.07,0.93,,,,,,,,,,,,,,,,,,,,,,,,,,,,,,,0.0025,0.9975,,,,,,,,,,,0.002,0.998,,,,,0.905,0.095,,,,,,,,,,,,,0.075,0.925,,,,,,,,,0.002,0.998,,,,,,,,,,,,,,,,,0.012,0.988,,,,,,,,,,,0.095,0.905,,,,,,,,,,,,,0.0215,0.9785,,,0.055,0.945,,,,,,,,,,,,,,,,,,,,,,,,,,,,,,,,,,,,,,,,,,,,,,,,,,,,,,,,,,,,,,,,,,,,,,,,,,,,,,,,,,,,,,,,,,,,,,,,,,,,,,,,,,,,,,,,,,
2024-05-17 00:00:00+00:00,,,,,,,,,,,,,,,,,,,,,0.5965,0.4035,0.023,0.977,,,,,,,,,,,,,,,,,,,,,,,0.105,0.895,,,,,,,0.038,0.962,0.0105,0.9895,,,,,0.275,0.725,,,,,,,,,,,,,,,,,,,0.745,0.255,,,0.235,0.765,0.6885,0.3115,0.2255,0.7745,0.095,0.905,0.3,0.7,,,0.0325,0.9675,,,,,,,,,,,,,,,,,,,,,,,,,,,,,,,,,,,,,0.0275,0.9725,0.0095,0.9905,0.006,0.994,0.9645,0.0355,,,,,,,,,,,,,,,,,,,,,,,,,,,,,,,,,,,,,,,,,,,,,,,,,,,,,,,,,0.0125,0.9875,,,,,,,0.915,0.085,,,,,,,,,,,,,,,0.07,0.93,,,,,,,,,,,,,,,,,,,,,,,,,,,,,,,0.0025,0.9975,,,,,,,,,,,0.0025,0.9975,,,,,0.905,0.095,,,,,,,,,,,,,0.075,0.925,,,,,,,,,0.0025,0.9975,,,,,,,,,,,,,,,,,0.0115,0.9885,,,,,,,,,,,0.095,0.905,,,,,,,,,,,,,0.022,0.978,,,0.055,0.945,,,,,,,,,,,,,,,,,,,,,,,,,,,,,,,,,,,,,,,,,,,,,,,,,,,,,,,,,,,,,,,,,,,,,,,,,,,,,,,,,,,,,,,,,,,,,,,,,,,,,,,,,,,,,,,,,,
2024-05-18 00:00:00+00:00,,,,,,,,,,,,,,,,,,,,,0.625,0.375,0.0245,0.9755,,,,,,,,,,,,,,,,,,,,,,,0.105,0.895,,,,,,,0.04,0.96,0.0095,0.9905,,,,,0.26,0.74,,,,,,,,,,,,,,,,,,,0.755,0.245,,,0.24,0.76,0.6885,0.3115,0.2175,0.7825,0.095,0.905,0.3,0.7,,,0.031,0.969,,,,,,,,,,,,,,,,,,,,,,,,,,,,,,,,,,,,,0.027,0.973,0.01,0.99,0.006,0.994,0.965,0.035,,,,,,,,,,,,,,,,,,,,,,,,,,,,,,,,,,,,,,,,,,,,,,,,,,,,,,,,,0.0125,0.9875,,,,,,,0.915,0.085,,,,,,,,,,,,,,,0.07,0.93,,,,,,,,,,,,,,,,,,,,,,,,,,,,,,,0.0025,0.9975,,,,,,,,,,,0.0025,0.9975,,,,,0.905,0.095,,,,,,,,,,,,,0.075,0.925,,,,,,,,,0.0025,0.9975,,,,,,,,,,,,,,,,,0.0115,0.9885,,,,,,,,,,,0.09,0.91,,,,,,,,,,,,,0.022,0.978,,,0.05,0.95,,,,,,,,,,,,,,,,,,,,,,,,,,,,,,,,,,,,,,,,,,,,,,,,,,,,,,,,,,,,,,,,,,,,,,,,,,,,,,,,,,,,,,,,,,,,,,,,,,,,,,,,,,,,,,,,,,
2024-05-19 00:00:00+00:00,,,,,,,,,,,,,,,,,,,,,0.635,0.365,0.021,0.979,,,,,,,,,,,,,,,,,,,,,,,0.13,0.87,,,,,,,0.0425,0.9575,0.01,0.99,,,,,0.265,0.735,,,,,,,,,,,,,,,,,,,0.76,0.24,,,0.235,0.765,0.6835,0.3165,0.2055,0.7945,0.095,0.905,0.3,0.7,,,0.0295,0.9705,,,,,,,,,,,,,,,,,,,,,,,,,,,,,,,,,,,,,0.0245,0.9755,0.009,0.991,0.006,0.994,0.9655,0.0345,,,,,,,,,,,,,,,,,,,,,,,,,,,,,,,,,,,,,,,,,,,,,,,,,,,,,,,,,0.0125,0.9875,,,,,,,0.915,0.085,,,,,,,,,,,,,,,0.07,0.93,,,,,,,,,,,,,,,,,,,,,,,,,,,,,,,0.0025,0.9975,,,,,,,,,,,0.0025,0.9975,,,,,0.905,0.095,,,,,,,,,,,,,0.075,0.925,,,,,,,,,0.0025,0.9975,,,,,,,,,,,,,,,,,0.0115,0.9885,,,,,,,,,,,0.09,0.91,,,,,,,,,,,,,0.022,0.978,,,0.05,0.95,,,,,,,,,,,,,,,,,,,,,,,,,,,,,,,,,,,,,,,,,,,,,,,,,,,,,,,,,,,,,,,,,,,,,,,,,,,,,,,,,,,,,,,,,,,,,,,,,,,,,,,,,,,,,,,,,,
2024-05-20 00:00:00+00:00,,,,,,,,,,,,,,,,,,,,,0.64,0.36,0.021,0.979,,,,,,,,,,,,,,,,,,,,,,,0.13,0.87,,,,,,,0.0425,0.9575,0.0105,0.9895,,,,,0.265,0.735,,,,,,,,,,,,,,,,,,,0.76,0.24,,,0.235,0.765,0.69,0.31,0.1945,0.8055,0.095,0.905,0.29,0.71,,,0.0295,0.9705,,,,,,,,,,,,,,,,,,,,,,,,,,,,,,,,,,,,,0.0215,0.9785,0.0075,0.9925,0.006,0.994,0.967,0.033,,,,,,,,,,,,,,,,,,,,,,,,,,,,,,,,,,,,,,,,,,,,,,,,,,,,,,,,,0.0125,0.9875,,,,,,,0.915,0.085,,,,,,,,,,,,,,,0.07,0.93,,,,,,,,,,,,,,,,,,,,,,,,,,,,,,,0.0025,0.9975,,,,,,,,,,,0.0025,0.9975,,,,,0.905,0.095,,,,,,,,,,,,,0.075,0.925,,,,,,,,,0.0025,0.9975,,,,,,,,,,,,,,,,,0.0115,0.9885,,,,,,,,,,,0.09,0.91,,,,,,,,,,,,,0.022,0.978,,,0.05,0.95,,,,,,,,,,,,,,,,,,,,,,,,,,,,,,,,,,,,,,,,,,,,,,,,,,,,,,,,,,,,,,,,,,,,,,,,,,,,,,,,,,,,,,,,,,,,,,,,,,,,,,,,,,,,,,,,,,
2024-05-21 00:00:00+00:00,,,,,,,,,,,,,,,,,,,,,0.6225,0.3775,0.024,0.976,,,,,,,,,,,,,,,,,,,,,,,0.125,0.875,,,,,,,0.0405,0.9595,0.0125,0.9875,,,,,0.265,0.735,,,,,,,,,,,,,,,,,,,0.76,0.24,,,0.235,0.765,0.67,0.33,0.195,0.805,0.095,0.905,0.295,0.705,,,0.029,0.971,,,,,,,,,,,,,,,,,,,,,,,,,,,,,,,,,,,,,0.022,0.978,0.007,0.993,0.0055,0.9945,0.967,0.033,,,,,,,,,,,,,,,,,,,,,,,,,,,,,,,,,,,,,,,,,,,,,,,,,,,,,,,,,0.0125,0.9875,,,,,,,0.915,0.085,,,,,,,,,,,,,,,0.065,0.935,,,,,,,,,,,,,,,,,,,,,,,,,,,,,,,0.0025,0.9975,,,,,,,,,,,0.002,0.998,,,,,0.905,0.095,,,,,,,,,,,,,0.075,0.925,,,,,,,,,0.002,0.998,,,,,,,,,,,,,,,,,0.0115,0.9885,,,,,,,,,,,0.09,0.91,,,,,,,,,,,,,0.0205,0.9795,,,0.05,0.95,,,,,,,,,,,,,,,,,,,,,,,,,,,,,,,,,,,,,,,,,,,,,,,,,,,,,,,,,,,,,,,,,,,,,,,,,,,,,,,,,,,,,,,,,,,,,,,,,,,,,,,,,,,,,,,,,,
2024-05-22 00:00:00+00:00,,,,,,,,,,,,,,,,,,,,,0.625,0.375,0.0235,0.9765,,,,,,,,,,,,,,,,,,,,,,,0.125,0.875,,,,,,,0.0405,0.9595,0.0125,0.9875,,,,,0.26,0.74,,,,,,,,,,,,,,,,,,,0.76,0.24,,,0.245,0.755,0.67,0.33,0.155,0.845,0.095,0.905,0.305,0.695,,,0.0265,0.9735,,,,,,,,,,,,,,,,,,,,,,,,,,,,,,,,,,,,,0.0185,0.9815,0.0105,0.9895,0.006,0.994,0.9675,0.0325,,,,,,,,,,,,,,,,,,,,,,,,,,,,,,,,,,,,,,,,,,,,,,,,,,,,,,,,,0.0125,0.9875,,,,,,,0.915,0.085,,,,,,,,,,,,,,,0.065,0.935,,,,,,,,,,,,,,,,,,,,,,,,,,,,,,,0.0025,0.9975,,,,,,,,,,,0.002,0.998,,,,,0.905,0.095,,,,,,,,,,,,,0.075,0.925,,,,,,,,,0.002,0.998,,,,,,,,,,,,,,,,,0.0115,0.9885,,,,,,,,,,,0.09,0.91,,,,,,,,,,,,,0.019,0.981,,,0.05,0.95,,,,,,,,,,,,,,,,,,,,,,,,,,,,,,,,,,,,,,,,,,,,,,,,,,,,,,,,,,,,,,,,,,,,,,,,,,,,,,,,,,,,,,,,,,,,,,,,,,,,,,,,,,,,,,,,,,
2024-05-23 00:00:00+00:00,,,,,,,,,,,,,,,,,,,,,0.5915,0.4085,0.0235,0.9765,,,,,,,,,,,,,,,,,,,,,,,0.13,0.87,,,,,,,0.0405,0.9595,0.0135,0.9865,,,,,0.26,0.74,,,,,,,,,,,,,,,,,,,0.7525,0.2475,,,0.245,0.755,0.67,0.33,0.131,0.869,0.095,0.905,0.3,0.7,,,0.0225,0.9775,,,,,,,,,,,,,,,,,,,,,,,,,,,,,,,,,,,,,0.0205,0.9795,0.008,0.992,0.0065,0.9935,0.9695,0.0305,,,,,,,,,,,,,,,,,,,,,,,,,,,,,,,,,,,,,,,,,,,,,,,,,,,,,,,,,0.0125,0.9875,,,,,,,0.915,0.085,,,,,,,,,,,,,,,0.065,0.935,,,,,,,,,,,,,,,,,,,,,,,,,,,,,,,0.0025,0.9975,,,,,,,,,,,0.002,0.998,,,,,0.905,0.095,,,,,,,,,,,,,0.075,0.925,,,,,,,,,0.002,0.998,,,,,,,,,,,,,,,,,0.0115,0.9885,,,,,,,,,,,0.09,0.91,,,,,,,,,,,,,0.019,0.981,,,0.05,0.95,,,,,,,,,,,,,,,,,,,,,,,,,,,,,,,,,,,,,,,,,,,,,,,,,,,,,,,,,,,,,,,,,,,,,,,,,,,,,,,,,,,,,,,,,,,,,,,,,,,,,,,,,,,,,,,,,,
2024-05-24 00:00:00+00:00,,,,,,,,,,,,,,,,,,,,,0.475,0.525,0.0225,0.9775,,,,,,,,,,,,,,,,,,,,,,,0.13,0.87,,,,,,,0.0405,0.9595,0.0145,0.9855,,,,,0.255,0.745,,,,,,,,,,,,,,,,,,,0.735,0.265,,,0.275,0.725,0.585,0.415,0.082,0.918,0.095,0.905,0.285,0.715,,,0.018,0.982,,,,,,,,,,,,,,,,,,,,,,,,,,,,,,,,,,,,,0.017,0.983,0.008,0.992,0.0065,0.9935,0.972,0.028,,,,,,,,,,,,,,,,,,,,,,,,,,,,,,,,,,,,,,,,,,,,,,,,,,,,,,,,,0.0125,0.9875,,,,,,,0.915,0.085,,,,,,,,,,,,,,,0.065,0.935,,,,,,,,,,,,,,,,,,,,,,,,,,,,,,,0.0015,0.9985,,,,,,,,,,,0.0015,0.9985,,,,,0.905,0.095,,,,,,,,,,,,,0.075,0.925,,,,,,,,,0.002,0.998,,,,,,,,,,,,,,,,,0.0115,0.9885,,,,,,,,,,,0.09,0.91,,,,,,,,,,,,,0.019,0.981,,,0.05,0.95,,,,,,,,,,,,,,,,,,,,,,,,,,,,,,,,,,,,,,,,,,,,,,,,,,,,,,,,,,,,,,,,,,,,,,,,,,,,,,,,,,,,,,,,,,,,,,,,,,,,,,,,,,,,,,,,,,
2024-05-25 00:00:00+00:00,,,,,,,,,,,,,,,,,,,,,0.46,0.54,0.0225,0.9775,,,,,,,,,,,,,,,,,,,,,,,0.13,0.87,,,,,,,0.041,0.959,0.015,0.985,,,,,0.235,0.765,,,,,,,,,,,,,,,,,,,0.7125,0.2875,,,0.305,0.695,0.585,0.415,0.0955,0.9045,0.105,0.895,0.295,0.705,,,0.021,0.979,,,,,,,,,,,,,,,,,,,,,,,,,,,,,,,,,,,,,0.0165,0.9835,0.008,0.992,0.0075,0.9925,0.9725,0.0275,,,,,,,,,,,,,,,,,,,,,,,,,,,,,,,,,,,,,,,,,,,,,,,,,,,,,,,,,0.0125,0.9875,,,,,,,0.915,0.085,,,,,,,,,,,,,,,0.07,0.93,,,,,,,,,,,,,,,,,,,,,,,,,,,,,,,0.0035,0.9965,,,,,,,,,,,0.0035,0.9965,,,,,0.905,0.095,,,,,,,,,,,,,0.075,0.925,,,,,,,,,0.0015,0.9985,,,,,,,,,,,,,,,,,0.0115,0.9885,,,,,,,,,,,0.09,0.91,,,,,,,,,,,,,0.0175,0.9825,,,0.05,0.95,,,,,,,,,,,,,,,,,,,,,,,,,,,,,,,,,,,,,,,,,,,,,,,,,,,,,,,,,,,,,,,,,,,,,,,,,,,,,,,,,,,,,,,,,,,,,,,,,,,,,,,,,,,,,,,,,,
2024-05-26 00:00:00+00:00,,,,,,,,,,,,,,,,,,,,,0.44,0.56,0.0255,0.9745,,,,,,,,,,,,,,,,,,,,,,,0.115,0.885,,,,,,,0.0405,0.9595,0.015,0.985,,,,,0.24,0.76,,,,,,,,,,,,,,,,,,,0.725,0.275,,,0.295,0.705,0.585,0.415,0.0955,0.9045,0.105,0.895,0.295,0.705,,,0.023,0.977,,,,,,,,,,,,,,,,,,,,,,,,,,,,,,,,,,,,,0.0195,0.9805,0.0075,0.9925,0.007,0.993,0.97,0.03,,,,,,,,,,,,,,,,,,,,,,,,,,,,,,,,,,,,,,,,,,,,,,,,,,,,,,,,,0.0125,0.9875,,,,,,,0.915,0.085,,,,,,,,,,,,,,,0.07,0.93,,,,,,,,,,,,,,,,,,,,,,,,,,,,,,,0.002,0.998,,,,,,,,,,,0.0035,0.9965,,,,,0.905,0.095,,,,,,,,,,,,,0.075,0.925,,,,,,,,,0.004,0.996,,,,,,,,,,,,,,,,,0.0115,0.9885,,,,,,,,,,,0.09,0.91,,,,,,,,,,,,,0.0165,0.9835,,,0.045,0.955,,,,,,,,,,,,,,,,,,,,,,,,,,,,,,,,,,,,,,,,,,,,,,,,,,,,,,,,,,,,,,,,,,,,,,,,,,,,,,,,,,,,,,,,,,,,,,,,,,,,,,,,,,,,,,,,,,
2024-05-27 00:00:00+00:00,,,,,,,,,,,,,,,,,,,,,0.4155,0.5845,0.0255,0.9745,,,,,,,,,,,,,,,,,,,,,,,0.115,0.885,,,,,,,0.0405,0.9595,0.0195,0.9805,,,,,0.24,0.76,,,,,,,,,,,,,,,,,,,0.715,0.285,,,0.29,0.71,0.5845,0.4155,0.0985,0.9015,0.105,0.895,0.3,0.7,,,0.0205,0.9795,,,,,,,,,,,,,,,,,,,,,,,,,,,,,,,,,,,,,0.0165,0.9835,0.0065,0.9935,0.007,0.993,0.972,0.028,,,,,,,,,,,,,,,,,,,,,,,,,,,,,,,,,,,,,,,,,,,,,,,,,,,,,,,,,0.0125,0.9875,,,,,,,0.915,0.085,,,,,,,,,,,,,,,0.07,0.93,,,,,,,,,,,,,,,,,,,,,,,,,,,,,,,0.0015,0.9985,,,,,,,,,,,0.003,0.997,,,,,0.905,0.095,,,,,,,,,,,,,0.075,0.925,,,,,,,,,0.0025,0.9975,,,,,,,,,,,,,,,,,0.0115,0.9885,,,,,,,,,,,0.09,0.91,,,,,,,,,,,,,0.013,0.987,,,0.045,0.955,,,,,,,,,,,,,,,,,,,,,,,,,,,,,,,,,,,,,,,,,,,,,,,,,,,,,,,,,,,,,,,,,,,,,,,,,,,,,,,,,,,,,,,,,,,,,,,,,,,,,,,,,,,,,,,,,,
2024-05-28 00:00:00+00:00,,,,,,,,,,,,,,,,,,,,,0.425,0.575,0.0255,0.9745,,,,,,,,,,,,,,,,,,,,,,,0.11,0.89,,,,,,,0.0385,0.9615,0.0195,0.9805,,,,,0.235,0.765,,,,,,,,,,,,,,,,,,,0.71,0.29,,,0.295,0.705,0.584,0.416,0.098,0.902,0.12,0.88,0.295,0.705,,,0.02,0.98,,,,,,,,,,,,,,,,,,,,,,,,,,,,,,,,,,,,,0.017,0.983,0.0065,0.9935,0.0075,0.9925,0.9735,0.0265,,,,,,,,,,,,,,,,,,,,,,,,,,,,,,,,,,,,,,,,,,,,,,,,,,,,,,,,,0.0125,0.9875,,,,,,,0.915,0.085,,,,,,,,,,,,,,,0.07,0.93,,,,,,,,,,,,,,,,,,,,,,,,,,,,,,,0.002,0.998,,,,,,,,,,,0.003,0.997,,,,,0.905,0.095,,,,,,,,,,,,,0.075,0.925,,,,,,,,,0.002,0.998,,,,,,,,,,,,,,,,,0.0115,0.9885,,,,,,,,,,,0.085,0.915,,,,,,,,,,,,,0.0115,0.9885,,,0.045,0.955,,,,,,,,,,,,,,,,,,,,,,,,,,,,,,,,,,,,,,,,,,,,,,,,,,,,,,,,,,,,,,,,,,,,,,,,,,,,,,,,,,,,,,,,,,,,,,,,,,,,,,,,,,,,,,,,,,
2024-05-29 00:00:00+00:00,,,,,,,,,,,,,,,,,,,,,0.365,0.635,0.0255,0.9745,,,,,,,,,,,,,,,,,,,,,,,0.11,0.89,,,,,,,0.0365,0.9635,0.0145,0.9855,,,,,0.23,0.77,,,,,,,,,,,,,,,,,,,0.66,0.34,,,0.31,0.69,0.55,0.45,0.098,0.902,0.14,0.86,0.295,0.705,,,0.0205,0.9795,,,,,,,,,,,,,,,,,,,,,,,,,,,,,,,,,,,,,0.0185,0.9815,0.0065,0.9935,0.0065,0.9935,0.972,0.028,,,,,,,,,,,,,,,,,,,,,,,,,,,,,,,,,,,,,,,,,,,,,,,,,,,,,,,,,0.0125,0.9875,,,,,,,0.915,0.085,,,,,,,,,,,,,,,0.07,0.93,,,,,,,,,,,,,,,,,,,,,,,,,,,,,,,0.0025,0.9975,,,,,,,,,,,0.003,0.997,,,,,0.905,0.095,,,,,,,,,,,,,0.075,0.925,,,,,,,,,0.002,0.998,,,,,,,,,,,,,,,,,0.0115,0.9885,,,,,,,,,,,0.085,0.915,,,,,,,,,,,,,0.011,0.989,,,0.045,0.955,,,,,,,,,,,,,,,,,,,,,,,,,,,,,,,,,,,,,,,,,,,,,,,,,,,,,,,,,,,,,,,,,,,,,,,,,,,,,,,,,,,,,,,,,,,,,,,,,,,,,,,,,,,,,,,,,,
2024-05-30 00:00:00+00:00,,,,,,,,,,,,,,,,,,,,,0.3475,0.6525,0.0255,0.9745,,,,,,,,,,,,,,,,,,,,,,,0.11,0.89,,,,,,,0.0365,0.9635,0.014,0.986,,,,,0.23,0.77,,,,,,,,,,,,,,,,,,,0.66,0.34,,,0.32,0.68,0.555,0.445,0.098,0.902,0.145,0.855,0.31,0.69,,,0.02,0.98,,,,,,,,,,,,,,,,,,,,,,,,,,,,,,,,,,,,,0.0185,0.9815,0.0075,0.9925,0.0065,0.9935,0.9715,0.0285,,,,,,,,,,,,,,,,,,,,,,,,,,,,,,,,,,,,,,,,,,,,,,,,,,,,,,,,,0.0125,0.9875,,,,,,,0.915,0.085,,,,,,,,,,,,,,,0.07,0.93,,,,,,,,,,,,,,,,,,,,,,,,,,,,,,,0.0035,0.9965,,,,,,,,,,,0.003,0.997,,,,,0.905,0.095,,,,,,,,,,,,,0.075,0.925,,,,,,,,,0.002,0.998,,,,,,,,,,,,,,,,,0.0115,0.9885,,,,,,,,,,,0.085,0.915,,,,,,,,,,,,,0.011,0.989,,,0.045,0.955,,,,,,,,,,,,,,,,,,,,,,,,,,,,,,,,,,,,,,,,,,,,,,,,,,,,,,,,,,,,,,,,,,,,,,,,,,,,,,,,,,,,,,,,,,,,,,,,,,,,,,,,,,,,,,,,,,
2024-05-31 00:00:00+00:00,,,,,,,,,,,,,,,,,,,,,0.37,0.63,0.0245,0.9755,,,,,,,,,,,,,,,,,,,,,,,0.105,0.895,,,,,,,0.0365,0.9635,0.014,0.986,,,,,0.235,0.765,,,,,,,,,,,,,,,,,,,0.665,0.335,,,0.315,0.685,0.5775,0.4225,0.098,0.902,0.175,0.825,0.3,0.7,,,0.022,0.978,,,,,,,,,,,,,,,,,,,,,,,,,,,,,,,,,,,,,0.0205,0.9795,0.007,0.993,0.0065,0.9935,0.971,0.029,,,,,,,,,,,,,,,,,,,,,,,,,,,,,,,,,,,,,,,,,,,,,,,,,,,,,,,,,0.0125,0.9875,,,,,,,0.915,0.085,,,,,,,,,,,,,,,0.07,0.93,,,,,,,,,,,,,,,,,,,,,,,,,,,,,,,0.0025,0.9975,,,,,,,,,,,0.003,0.997,,,,,0.905,0.095,,,,,,,,,,,,,0.075,0.925,,,,,,,,,0.003,0.997,,,,,,,,,,,,,,,,,0.0115,0.9885,,,,,,,,,,,0.085,0.915,,,,,,,,,,,,,0.0105,0.9895,,,0.045,0.955,,,,,,,,,,,,,,,,,,,,,,,,,,,,,,,,,,,,,,,,,,,,,,,,,,,,,,,,,,,,,,,,,,,,,,,,,,,,,,,,,,,,,,,,,,,,,,,,,,,,,,,,,,,,,,,,,,
2024-06-01 00:00:00+00:00,,,,,,,,,,,,,,,,,,,,,0.3855,0.6145,0.025,0.975,,,,,,,,,,,,,,,,,,,,,,,0.1,0.9,,,,,,,0.0365,0.9635,0.014,0.986,,,,,0.235,0.765,,,,,,,,,,,,,,,,,,,0.655,0.345,,,0.32,0.68,0.6175,0.3825,0.0925,0.9075,0.155,0.845,0.3,0.7,,,0.0225,0.9775,,,,,,,,,,,,,,,,,,,,,,,,,,,,,,,,,,,,,0.0205,0.9795,0.0065,0.9935,0.0105,0.9895,0.965,0.035,,,,,,,,,,,,,,,,,,,,,,,,,,,,,,,,,,,,,,,,,,,,,,,,,,,,,,,,,0.0125,0.9875,,,,,,,0.915,0.085,,,,,,,,,,,,,,,0.07,0.93,,,,,,,,,,,,,,,,,,,,,,,,,,,,,,,0.0015,0.9985,,,,,,,,,,,0.003,0.997,,,,,0.905,0.095,,,,,,,,,,,,,0.075,0.925,,,,,,,,,0.0025,0.9975,,,,,,,,,,,,,,,,,0.0115,0.9885,,,,,,,,,,,0.085,0.915,,,,,,,,,,,,,0.0105,0.9895,,,0.045,0.955,,,,,,,,,,,,,,,,,,,,,,,,,,,,,,,,,,,,,,,,,,,,,,,,,,,,,,,,,,,,,,,,,,,,,,,,,,,,,,,,,,,,,,,,,,,,,,,,,,,,,,,,,,,,,,,,,,
2024-06-02 00:00:00+00:00,,,,,,,,,,,,,,,,,,,,,0.3805,0.6195,0.0275,0.9725,,,,,,,,,,,,,,,,,,,,,,,0.1,0.9,,,,,,,0.0365,0.9635,0.0145,0.9855,,,,,0.235,0.765,,,,,,,,,,,,,,,,,,,0.695,0.305,,,0.32,0.68,0.6125,0.3875,0.1005,0.8995,0.155,0.845,0.295,0.705,,,0.022,0.978,,,,,,,,,,,,,,,,,,,,,,,,,,,,,,,,,,,,,0.0215,0.9785,0.007,0.993,0.011,0.989,0.9695,0.0305,,,,,,,,,,,,,,,,,,,,,,,,,,,,,,,,,,,,,,,,,,,,,,,,,,,,,,,,,0.0125,0.9875,,,,,,,0.915,0.085,,,,,,,,,,,,,,,0.075,0.925,,,,,,,,,,,,,,,,,,,,,,,,,,,,,,,0.0025,0.9975,,,,,,,,,,,0.0025,0.9975,,,,,0.905,0.095,,,,,,,,,,,,,0.075,0.925,,,,,,,,,0.0025,0.9975,,,,,,,,,,,,,,,,,0.0115,0.9885,,,,,,,,,,,0.0305,0.9695,,,,,,,,,,,,,0.01,0.99,,,0.03,0.97,,,,,,,,,,,,,,,,,,,,,,,,,,,,,,,,,,,,,,,,,,,,,,,,,,,,,,,,,,,,,,,,,,,,,,,,,,,,,,,,,,,,,,,,,,,,,,,,,,,,,,,,,,,,,,,,,,
2024-06-03 00:00:00+00:00,,,,,,,,,,,,,,,,,,,,,0.3955,0.6045,0.0325,0.9675,,,,,,,,,,,,,,,,,,,,,,,0.1,0.9,,,,,,,0.0365,0.9635,0.0145,0.9855,,,,,0.235,0.765,,,,,,,,,,,,,,,,,,,0.71,0.29,,,0.32,0.68,0.6125,0.3875,0.1015,0.8985,0.155,0.845,0.295,0.705,,,0.0225,0.9775,,,,,,,,,,,,,,,,,,,,,,,,,,,,,,,,,,,,,0.022,0.978,0.0095,0.9905,0.0075,0.9925,0.9715,0.0285,,,,,,,,,,,,,,,,,,,,,,,,,,,,,,,,,,,,,,,,,,,,,,,,,,,,,,,,,0.0125,0.9875,,,,,,,0.915,0.085,,,,,,,,,,,,,,,0.075,0.925,,,,,,,,,,,,,,,,,,,,,,,,,,,,,,,0.0025,0.9975,,,,,,,,,,,0.002,0.998,,,,,0.905,0.095,,,,,,,,,,,,,0.075,0.925,,,,,,,,,0.0025,0.9975,,,,,,,,,,,,,,,,,0.0115,0.9885,,,,,,,,,,,0.0255,0.9745,,,,,,,,,,,,,0.01,0.99,,,0.0255,0.9745,,,,,,,,,,,,,,,,,,,,,,,,,,,,,,,,,,,,,,,,,,,,,,,,,,,,,,,,,,,,,,,,,,,,,,,,,,,,,,,,,,,,,,,,,,,,,,,,,,,,,,,,,,,,,,,,,,
2024-06-04 00:00:00+00:00,,,,,,,,,,,,,,,,,,,,,0.435,0.565,0.0345,0.9655,,,,,,,,,,,,,,,,,,,,,,,0.105,0.895,,,,,,,0.0285,0.9715,0.0145,0.9855,,,,,0.295,0.705,,,,,,,,,,,,,,,,,,,0.715,0.285,,,0.285,0.715,0.625,0.375,0.105,0.895,0.155,0.845,0.285,0.715,,,0.0225,0.9775,,,,,,,,,,,,,,,,,,,,,,,,,,,,,,,,,,,,,0.021,0.979,0.007,0.993,0.006,0.994,0.97,0.03,,,,,,,,,,,,,,,,,,,,,,,,,,,,,,,,,,,,,,,,,,,,,,,,,,,,,,,,,0.0125,0.9875,,,,,,,0.915,0.085,,,,,,,,,,,,,,,0.075,0.925,,,,,,,,,,,,,,,,,,,,,,,,,,,,,,,0.0025,0.9975,,,,,,,,,,,0.002,0.998,,,,,0.905,0.095,,,,,,,,,,,,,0.075,0.925,,,,,,,,,0.0025,0.9975,,,,,,,,,,,,,,,,,0.0115,0.9885,,,,,,,,,,,0.035,0.965,,,,,,,,,,,,,0.008,0.992,,,0.02,0.98,,,,,,,,,,,,,,,,,,,,,,,,,,,,,,,,,,,,,,,,,,,,,,,,,,,,,,,,,,,,,,,,,,,,,,,,,,,,,,,,,,,,,,,,,,,,,,,,,,,,,,,,,,,,,,,,,,
2024-06-05 00:00:00+00:00,,,,,,,,,,,,,,,,,,,,,0.515,0.485,0.0355,0.9645,,,,,,,,,,,,,,,,,,,,,,,0.115,0.885,,,,,,,0.0285,0.9715,0.0145,0.9855,,,,,0.3,0.7,,,,,,,,,,,,,,,,,,,0.7325,0.2675,,,0.255,0.745,0.674,0.326,0.1225,0.8775,0.135,0.865,0.295,0.705,,,0.024,0.976,,,,,,,,,,,,,,,,,,,,,,,,,,,,,,,,,,,,,0.0225,0.9775,0.0065,0.9935,0.006,0.994,0.9715,0.0285,,,,,,,,,,,,,,,,,,,,,,,,,,,,,,,,,,,,,,,,,,,,,,,,,,,,,,,,,0.0125,0.9875,,,,,,,0.915,0.085,,,,,,,,,,,,,,,0.075,0.925,,,,,,,,,,,,,,,,,,,,,,,,,,,,,,,0.0015,0.9985,,,,,,,,,,,0.0015,0.9985,,,,,0.905,0.095,,,,,,,,,,,,,0.075,0.925,,,,,,,,,0.0015,0.9985,,,,,,,,,,,,,,,,,0.0115,0.9885,,,,,,,,,,,0.028,0.972,,,,,,,,,,,,,0.006,0.994,,,0.0075,0.9925,,,,,,,,,,,,,,,,,,,,,,,,,,,,,,,,,,,,,,,,,,,,,,,,,,,,,,,,,,,,,,,,,,,,,,,,,,,,,,,,,,,0.575,0.425,,,,,,,,,,,,,,,,,,,,,,,,,,,,,,
2024-06-06 00:00:00+00:00,,,,,,,,,,,,,,,,,,,,,0.59,0.41,0.029,0.971,,,,,,,,,,,,,,,,,,,,,,,0.105,0.895,,,,,,,0.028,0.972,0.013,0.987,,,,,0.305,0.695,,,,,,,,,,,,,,,,,,,0.7395,0.2605,,,0.285,0.715,0.6725,0.3275,0.12,0.88,0.135,0.865,0.235,0.765,,,0.031,0.969,,,,,,,,,,,,,,,,,,,,,,,,,,,,,,,,,,,,,0.0245,0.9755,0.0065,0.9935,0.0055,0.9945,0.9655,0.0345,,,,,,,,,,,,,,,,,,,,,,,,,,,,,,,,,,,,,,,,,,,,,,,,,,,,,,,,,0.0125,0.9875,,,,,,,0.915,0.085,,,,,,,,,,,,,,,0.075,0.925,,,,,,,,,,,,,,,,,,,,,,,,,,,,,,,0.0015,0.9985,,,,,,,,,,,0.0015,0.9985,,,,,0.905,0.095,,,,,,,,,,,,,0.075,0.925,,,,,,,,,0.0015,0.9985,,,,,,,,,,,,,,,,,0.0115,0.9885,,,,,,,,,,,0.0255,0.9745,,,,,,,,,,,,,0.006,0.994,,,0.007,0.993,,,,,,,,,,,,,,,,,,,,,,,,,,,,,,,,,,,,,,,,,,,,,,,,,,,,,,,,,,,,,,,,,,,,,,,,,,,,,,,,,,,0.64,0.36,,,,,,,,,,,,,,,,,,,,,,,,,,,,,,
2024-06-07 00:00:00+00:00,,,,,,,,,,,,,,,,,,,,,0.575,0.425,0.036,0.964,,,,,,,,,,,,,,,,,,,,,,,0.105,0.895,,,,,,,0.0275,0.9725,0.0135,0.9865,,,,,0.33,0.67,,,,,,,,,,,,,,,,,,,0.739,0.261,,,0.235,0.765,0.678,0.322,0.17,0.83,0.13,0.87,0.255,0.745,,,0.036,0.964,,,,,,,,,,,,,,,,,,,,,,,,,,,,,,,,,,,,,0.0375,0.9625,0.002,0.998,0.0045,0.9955,0.9405,0.0595,,,,,,,,,,,,,,,,,,,,,,,,,,,,,,,,,,,,,,,,,,,,,,,,,,,,,,,,,0.0125,0.9875,,,,,,,0.915,0.085,,,,,,,,,,,,,,,0.075,0.925,,,,,,,,,,,,,,,,,,,,,,,,,,,,,,,0.0015,0.9985,,,,,,,,,,,0.0015,0.9985,,,,,0.905,0.095,,,,,,,,,,,,,0.075,0.925,,,,,,,,,0.0015,0.9985,,,,,,,,,,,,,,,,,0.0115,0.9885,,,,,,,,,,,0.0215,0.9785,,,,,,,,,,,,,0.0015,0.9985,,,0.002,0.998,,,,,,,,,,,,,,,,,,,,,,,,,,,,,,,,,,,,,,,,,,,,,,,,,,,,,,,,,,,,,,,,,,,,,,,,,,,,,,,,,,,0.66,0.34,,,,,,,,,,,,,,,,,,,,,,,,,,,,,,
2024-06-08 00:00:00+00:00,,,,,,,,,,,,,,,,,,,,,0.485,0.515,0.037,0.963,,,,,,,,,,,,,,,,,,,,,,,0.1,0.9,,,,,,,0.03,0.97,0.0125,0.9875,,,,,0.315,0.685,,,,,,,,,,,,,,,,,,,0.761,0.239,,,0.275,0.725,0.68,0.32,0.0975,0.9025,0.115,0.885,0.275,0.725,,,0.0285,0.9715,,,,,,,,,,,,,,,,,,,,,,,,,,,,,,,,,,,,,0.03,0.97,0.0015,0.9985,0.003,0.997,0.9585,0.0415,,,,,,,,,,,,,,,,,,,,,,,,,,,,,,,,,,,,,,,,,,,,,,,,,,,,,,,,,0.0125,0.9875,,,,,,,0.915,0.085,,,,,,,,,,,,,,,0.075,0.925,,,,,,,,,,,,,,,,,,,,,,,,,,,,,,,0.002,0.998,,,,,,,,,,,0.0015,0.9985,,,,,0.905,0.095,,,,,,,,,,,,,0.075,0.925,,,,,,,,,0.002,0.998,,,,,,,,,,,,,,,,,0.0115,0.9885,,,,,,,,,,,0.0375,0.9625,,,,,,,,,,,,,0.0055,0.9945,,,0.0015,0.9985,,,,,,,,,,,,,,,,,,,,,,,,,,,,,,,,,,,,,,,,,,,,,,,,,,,,,,,,,,,,,,,,,,,,,,,,,,,,,,,,,,,0.645,0.355,,,,,,,,,,,,,,,,,,,,,,,,,,,,,,
2024-06-09 00:00:00+00:00,,,,,,,,,,,,,,,,,,,,,0.45,0.55,0.035,0.965,,,,,,,,,,,,,,,,,,,,,,,0.085,0.915,,,,,,,0.032,0.968,0.0115,0.9885,,,,,0.275,0.725,,,,,,,,,,,,,,,,,,,0.7505,0.2495,,,0.285,0.715,0.675,0.325,0.106,0.894,0.105,0.895,0.285,0.715,,,0.033,0.967,,,,,,,,,,,,,,,,,,,,,,,,,,,,,,,,,,,,,0.028,0.972,0.0015,0.9985,0.003,0.997,0.9705,0.0295,,,,,,,,,,,,,,,,,,,,,,,,,,,,,,,,,,,,,,,,,,,,,,,,,,,,,,,,,0.0125,0.9875,,,,,,,0.915,0.085,,,,,,,,,,,,,,,0.075,0.925,,,,,,,,,,,,,,,,,,,,,,,,,,,,,,,0.0005,0.9995,,,,,,,,,,,0.0005,0.9995,,,,,0.905,0.095,,,,,,,,,,,,,0.075,0.925,,,,,,,,,0.0005,0.9995,,,,,,,,,,,,,,,,,0.0115,0.9885,,,,,,,,,,,0.0375,0.9625,,,,,,,,,,,,,0.0045,0.9955,,,0.004,0.996,,,,,,,,,,,,,,,,,,,,,,,,,,,,,,,,,,,,,,,,,,,,,,,,,,,,,,,,,,,,,,,,,,,,,,,,,,,,,,,,,,,0.64,0.36,,,,,,,,,,,,,,,,,,,,,,,,,,,,,,
2024-06-10 00:00:00+00:00,,,,,,,,,,,,,,,,,,,,,0.446,0.554,0.035,0.965,,,,,,,,,,,,,,,,,,,,,,,0.085,0.915,,,,,,,0.03,0.97,0.0115,0.9885,,,,,0.265,0.735,,,,,,,,,,,,,,,,,,,0.735,0.265,,,0.295,0.705,0.65,0.35,0.113,0.887,0.105,0.895,0.3,0.7,,,0.029,0.971,,,,,,,,,,,,,,,,,,,,,,,,,,,,,,,,,,,,,0.0325,0.9675,0.0015,0.9985,0.0025,0.9975,0.965,0.035,,,,,,,,,,,,,,,,,,,,,,,,,,,,,,,,,,,,,,,,,,,,,,,,,,,,,,,,,0.0125,0.9875,,,,,,,0.915,0.085,,,,,,,,,,,,,,,0.075,0.925,,,,,,,,,,,,,,,,,,,,,,,,,,,,,,,0.0005,0.9995,,,,,,,,,,,0.0005,0.9995,,,,,0.905,0.095,,,,,,,,,,,,,0.075,0.925,,,,,,,,,0.0005,0.9995,,,,,,,,,,,,,,,,,0.0115,0.9885,,,,,,,,,,,0.99,0.01,,,,,,,,,,,,,0.0005,0.9995,,,0.0005,0.9995,,,,,,,,,,,,,,,,,,,,,,,,,,,,,,,,,,,,,,,,,,,,,,,,,,,,,,,,,,,,,,,,,,,,,,,,,,,,,,,,,,,0.635,0.365,,,,,,,,,,,,,,,,,,,,,,,,,,,,,,
2024-06-11 00:00:00+00:00,,,,,,,,,,,,,,,,,,,,,0.4305,0.5695,0.0345,0.9655,,,,,,,,,,,,,,,,,,,,,,,0.085,0.915,,,,,,,0.0295,0.9705,0.0115,0.9885,,,,,0.265,0.735,,,,,,,,,,,,,,,,,,,0.7,0.3,,,0.305,0.695,0.63,0.37,0.128,0.872,0.105,0.895,0.295,0.705,,,0.0245,0.9755,,,,,,,,,,,,,,,,,,,,,,,,,,,,,,,,,,,,,0.0315,0.9685,0.0035,0.9965,0.0015,0.9985,0.968,0.032,,,,,,,,,,,,,,,,,,,,,,,,,,,,,,,,,,,,,,,,,,,,,,,,,,,,,,,,,0.0125,0.9875,,,,,,,0.915,0.085,,,,,,,,,,,,,,,0.075,0.925,,,,,,,,,,,,,,,,,,,,,,,,,,,,,,,0.0005,0.9995,,,,,,,,,,,0.0005,0.9995,,,,,0.905,0.095,,,,,,,,,,,,,0.075,0.925,,,,,,,,,0.0005,0.9995,,,,,,,,,,,,,,,,,0.0115,0.9885,,,,,,,,,,,0.995,0.005,,,,,,,,,,,,,0.0005,0.9995,,,0.0005,0.9995,,,,,,,,,,,,,,,,,,,,,,,,,,,,,,,,,,,,,,,,,,,,,,,,,,,,,,,,,,,,,,,,,,,,,,,,,,,,,,,,,,,0.63,0.37,,,,,,,,,,,,,,,,,,,,,,,,,,,,,,
2024-06-12 00:00:00+00:00,,,,,,,,,,,,,,,,,,,,,0.415,0.585,0.035,0.965,,,,,,,,,,,,,,,,,,,,,,,0.075,0.925,,,,,,,0.03,0.97,0.0115,0.9885,,,,,0.255,0.745,,,,,,,,,,,,,,,,,,,0.7,0.3,,,0.295,0.705,0.625,0.375,0.1135,0.8865,0.105,0.895,0.31,0.69,,,0.0255,0.9745,,,,,,,,,,,,,,,,,,,,,,,,,,,,,,,,,,,,,0.024,0.976,0.007,0.993,0.0045,0.9955,0.9755,0.0245,,,,,,,,,,,,,,,,,,,,,,,,,,,,,,,,,,,,,,,,,,,,,,,,,,,,,,,,,0.0125,0.9875,,,,,,,0.915,0.085,,,,,,,,,,,,,,,0.075,0.925,,,,,,,,,,,,,,,,,,,,,,,,,,,,,,,,,,,,,,,,,,,,,,,,,0.905,0.095,,,,,,,,,,,,,0.075,0.925,,,,,,,,,,,,,,,,,,,,,,,,,,,0.0115,0.9885,,,,,,,,,,,,,,,,,,,,,,,,,,,,,,,,,,,,,,,,,,,,,,,,,,,,,,,,,,,,,,,,,,,,,,,,,,,,,,,,,,,,,,,,,,,,,,,,,,,,,,,,,,,,,,,,,0.625,0.375,,,,,,,,,,,,,,,,,,,,,,,,,,,,,,
2024-06-13 00:00:00+00:00,,,,,,,,,,,,,,,,,,,,,0.555,0.445,0.0345,0.9655,,,,,,,,,,,,,,,,,,,,,,,0.07,0.93,,,,,,,0.036,0.964,0.0115,0.9885,,,,,0.305,0.695,,,,,,,,,,,,,,,,,,,0.775,0.225,,,0.255,0.745,0.74,0.26,0.0735,0.9265,0.09,0.91,0.335,0.665,,,0.0005,0.9995,,,,,,,,,,,,,,,,,,,,,,,,,,,,,,,,,,,,,,,,,,,,,,,,,,,,,,,,,,,,,,,,,,,,,,,,,,,,,,,,,,,,,,,,,,,,,,,,,,,,,0.0125,0.9875,,,,,,,0.915,0.085,,,,,,,,,,,,,,,0.075,0.925,,,,,,,,,,,,,,,,,,,,,,,,,,,,,,,,,,,,,,,,,,,,,,,,,0.905,0.095,,,,,,,,,,,,,0.075,0.925,,,,,,,,,,,,,,,,,,,,,,,,,,,0.0115,0.9885,,,,,,,,,,,,,,,,,,,,,,,,,,,,,,,,,,,,,,,,,,,,,,,,,,,,,,,,,,,,,,,,,,,,,,,,,,,,,,,,,,,,,,,,,,,,,,,,,,,,,,,,,,,,,,,,,0.65,0.35,,,,,,,,,,,,,,,,,,,,,,,,,,,,,,
2024-06-14 00:00:00+00:00,,,,,,,,,,,,,,,,,,,,,0.605,0.395,0.032,0.968,,,,,,,,,,,,,,,,,,,,,,,0.075,0.925,,,,,,,0.0355,0.9645,0.0105,0.9895,,,,,0.325,0.675,,,,,,,,,,,,,,,,,,,0.79,0.21,,,0.215,0.785,0.75,0.25,0.0825,0.9175,0.085,0.915,0.335,0.665,,,,,,,,,,,,,,,,,,,,,,,,,,,,,,,,,,,,,,,,,,,,,,,,,,,,,,,,,,,,,,,,,,,,,,,,,,,,,,,,,,,,,,,,,,,,,,,,,,,,,,,,,0.0125,0.9875,,,,,,,0.915,0.085,,,,,,,,,,,,,,,0.075,0.925,,,,,,,,,,,,,,,,,,,,,,,,,,,,,,,,,,,,,,,,,,,,,,,,,0.905,0.095,,,,,,,,,,,,,0.075,0.925,,,,,,,,,,,,,,,,,,,,,,,,,,,0.0115,0.9885,,,,,,,,,,,,,,,,,,,,,,,,,,,,,,,,,,,,,,,,,,,,,,,,,,,,,,,,,,,,,,,,,,,,,,,,,,,,,,,,,,,,,,,,,,,,,,,,,,,,,,,,,,,,,,,,,0.61,0.39,,,,,,,,,,,,,,,,,,,,,,,,,,,,,,
2024-06-15 00:00:00+00:00,,,,,,,,,,,,,,,,,,,,,0.595,0.405,0.026,0.974,,,,,,,,,,,,,,,,,,,,,,,0.085,0.915,,,,,,,0.033,0.967,0.01,0.99,,,,,0.33,0.67,,,,,,,,,,,,,,,,,,,0.792,0.208,,,0.195,0.805,0.7675,0.2325,0.0795,0.9205,0.085,0.915,0.34,0.66,,,,,,,,,,,,,,,,,,,,,,,,,,,,,,,,,,,,,,,,,,,,,,,,,,,,,,,,,,,,,,,,,,,,,,,,,,,,,,,,,,,,,,,,,,,,,,,,,,,,,,,,,0.0125,0.9875,,,,,,,0.915,0.085,,,,,,,,,,,,,,,0.075,0.925,,,,,,,,,,,,,,,,,,,,,,,,,,,,,,,,,,,,,,,,,,,,,,,,,0.905,0.095,,,,,,,,,,,,,0.075,0.925,,,,,,,,,,,,,,,,,,,,,,,,,,,0.0115,0.9885,,,,,,,,,,,,,,,,,,,,,,,,,,,,,,,,,,,,,,,,,,,,,,,,,,,,,,,,,,,,,,,,,,,,,,,,,,,,,,,,,,,,,,,,,,,,,,,,,,,,,,,,,,,,,,,,,0.585,0.415,,,,,,,,,,,,,,,,,,,,,,,,,,,,,,
2024-06-16 00:00:00+00:00,,,,,,,,,,,,,,,,,,,,,0.5895,0.4105,0.027,0.973,,,,,,,,,,,,,,,,,,,,,,,0.085,0.915,,,,,,,0.036,0.964,0.0185,0.9815,,,,,0.34,0.66,,,,,,,,,,,,,,,,,,,0.794,0.206,,,0.195,0.805,0.788,0.212,0.075,0.925,0.085,0.915,0.325,0.675,,,,,,,,,,,,,,,,,,,,,,,,,,,,,,,,,,,,,,,,,,,,,,,,,,,,,,,,,,,,,,,,,,,,,,,,,,,,,,,,,,,,,,,,,,,,,,,,,,,,,,,,,0.0125,0.9875,,,,,,,0.915,0.085,,,,,,,,,,,,,,,0.075,0.925,,,,,,,,,,,,,,,,,,,,,,,,,,,,,,,,,,,,,,,,,,,,,,,,,0.905,0.095,,,,,,,,,,,,,0.075,0.925,,,,,,,,,,,,,,,,,,,,,,,,,,,0.0115,0.9885,,,,,,,,,,,,,,,,,,,,,,,,,,,,,,,,,,,,,,,,,,,,,,,,,,,,,,,,,,,,,,,,,,,,,,,,,,,,,,,,,,,,,,,,,,,,,,,,,,,,,,,,,,,,,,,,,0.49,0.51,,,,,,,,,,,,,,,,,,,,,,,,,,,,,,
2024-06-17 00:00:00+00:00,,,,,,,,,,,,,,,,,,,,,0.584,0.416,0.025,0.975,,,,,,,,,,,,,,,,,,,,,,,0.095,0.905,,,,,,,0.0385,0.9615,0.017,0.983,,,,,0.335,0.665,,,,,,,,,,,,,,,,,,,0.7965,0.2035,,,0.185,0.815,0.788,0.212,0.0795,0.9205,0.075,0.925,0.325,0.675,,,,,,,,,,,,,,,,,,,,,,,,,,,,,,,,,,,,,,,,,,,,,,,,,,,,,,,,,,,,,,,,,,,,,,,,,,,,,,,,,,,,,,,,,,,,,,,,,,,,,,,,,0.0125,0.9875,,,,,,,0.915,0.085,,,,,,,,,,,,,,,0.075,0.925,,,,,,,,,,,,,,,,,,,,,,,,,,,,,,,,,,,,,,,,,,,,,,,,,0.905,0.095,,,,,,,,,,,,,0.075,0.925,,,,,,,,,,,,,,,,,,,,,,,,,,,0.0115,0.9885,,,,,,,,,,,,,,,,,,,,,,,,,,,,,,,,,,,,,,,,,,,,,,,,,,,,,,,,,,,,,,,,,,,,,,,,,,,,,,,,,,,,,,,,,,,,,,,,,,,,,,,,,,,,,,,,,0.445,0.555,,,,,,,,,,,,,,,,,,,,,,,,,,,,,,
2024-06-18 00:00:00+00:00,,,,,,,,,,,,,,,,,,,,,0.5855,0.4145,0.024,0.976,,,,,,,,,,,,,,,,,,,,,,,0.095,0.905,,,,,,,0.037,0.963,0.017,0.983,,,,,0.335,0.665,,,,,,,,,,,,,,,,,,,0.7965,0.2035,,,0.185,0.815,0.788,0.212,0.0725,0.9275,0.075,0.925,0.325,0.675,,,,,,,,,,,,,,,,,,,,,,,,,,,,,,,,,,,,,,,,,,,,,,,,,,,,,,,,,,,,,,,,,,,,,,,,,,,,,,,,,,,,,,,,,,,,,,,,,,,,,,,,,0.0125,0.9875,,,,,,,0.915,0.085,,,,,,,,,,,,,,,0.075,0.925,,,,,,,,,,,,,,,,,,,,,,,,,,,,,,,,,,,,,,,,,,,,,,,,,0.905,0.095,,,,,,,,,,,,,0.075,0.925,,,,,,,,,,,,,,,,,,,,,,,,,,,0.0115,0.9885,,,,,,,,,,,,,,,,,,,,,,,,,,,,,,,,,,,,,,,,,,,,,,,,,,,,,,,,,,,,,,,,,,,,,,,,,,,,,,,,,,,,,,,,,,,,,,,,,,,,,,,,,,,,,,,,,0.435,0.565,,,,,,,,,,,,,,,,,,,,,,,,,,,,,,
2024-06-19 00:00:00+00:00,,,,,,,,,,,,,,,,,,,,,0.5755,0.4245,0.025,0.975,,,,,,,,,,,,,,,,,,,,,,,0.095,0.905,,,,,,,0.04,0.96,0.0175,0.9825,,,,,0.325,0.675,,,,,,,,,,,,,,,,,,,0.7965,0.2035,,,0.19,0.81,0.788,0.212,0.0755,0.9245,0.075,0.925,0.32,0.68,,,,,,,,,,,,,,,,,,,,,,,,,,,,,,,,,,,,,,,,,,,,,,,,,,,,,,,,,,,,,,,,,,,,,,,,,,,,,,,,,,,,,,,,,,,,,,,,,,,,,,,,,0.0125,0.9875,,,,,,,0.915,0.085,,,,,,,,,,,,,,,0.075,0.925,,,,,,,,,,,,,,,,,,,,,,,,,,,,,,,,,,,,,,,,,,,,,,,,,0.905,0.095,,,,,,,,,,,,,0.075,0.925,,,,,,,,,,,,,,,,,,,,,,,,,,,0.0115,0.9885,,,,,,,,,,,,,,,,,,,,,,,,,,,,,,,,,,,,,,,,,,,,,,,,,,,,,,,,,,,,,,,,,,,,,,,,,,,,,,,,,,,,,,,,,,,,,,,,,,,,,,,,,,,,,,,,,0.45,0.55,,,,,,,,,,,,,,,,,,,,,,,,,,,,,,
2024-06-20 00:00:00+00:00,,,,,,,,,,,,,,,,,,,,,0.58,0.42,0.0235,0.9765,,,,,,,,,,,,,,,,,,,,,,,0.095,0.905,,,,,,,0.0375,0.9625,0.0175,0.9825,,,,,0.325,0.675,,,,,,,,,,,,,,,,,,,0.815,0.185,,,0.195,0.805,0.73,0.27,0.0775,0.9225,0.075,0.925,0.32,0.68,,,,,,,,,,,,,,,,,,,,,,,,,,,,,,,,,,,,,,,,,,,,,,,,,,,,,,,,,,,,,,,,,,,,,,,,,,,,,,,,,,,,,,,,,,,,,,,,,,,,,,,,,0.0125,0.9875,,,,,,,0.915,0.085,,,,,,,,,,,,,,,0.075,0.925,,,,,,,,,,,,,,,,,,,,,,,,,,,,,,,,,,,,,,,,,,,,,,,,,0.905,0.095,,,,,,,,,,,,,0.075,0.925,,,,,,,,,,,,,,,,,,,,,,,,,,,0.0115,0.9885,,,,,,,,,,,,,,,,,,,,,,,,,,,,,,,,,,,,,,,,,,,,,,,,,,,,,,,,,,,,,,,,,,,,,,,,,,,,,,,,,,,,,,,,,,,,,,,,,,,,,,,,,,,,,,,,,0.455,0.545,,,,,,,,,,,,,,,,,,,,,,,,,,,,,,
2024-06-21 00:00:00+00:00,,,,,,,,,,,,,,,,,,,,,0.582,0.418,0.0235,0.9765,,,,,,,,,,,,,,,,,,,,,,,0.095,0.905,,,,,,,0.0395,0.9605,0.0175,0.9825,,,,,0.325,0.675,,,,,,,,,,,,,,,,,,,0.815,0.185,,,0.195,0.805,0.7495,0.2505,0.075,0.925,0.075,0.925,0.315,0.685,,,,,,,,,,,,,,,,,,,,,,,,,,,,,,,,,,,,,,,,,,,,,,,,,,,,,,,,,,,,,,,,,,,,,,,,,,,,,,,,,,,,,,,,,,,,,,,,,,,,,,,,,0.0125,0.9875,,,,,,,0.915,0.085,,,,,,,,,,,,,,,0.075,0.925,,,,,,,,,,,,,,,,,,,,,,,,,,,,,,,,,,,,,,,,,,,,,,,,,0.905,0.095,,,,,,,,,,,,,0.075,0.925,,,,,,,,,,,,,,,,,,,,,,,,,,,0.0115,0.9885,,,,,,,,,,,,,,,,,,,,,,,,,,,,,,,,,,,,,,,,,,,,,,,,,,,,,,,,,,,,,,,,,,,,,,,,,,,,,,,,,,,,,,,,,,,,,,,,,,,,,,,,,,,,,,,,,0.365,0.635,,,,,,,,,,,,,,,,,,,,,,,,,,,,,,
2024-06-22 00:00:00+00:00,,,,,,,,,,,,,,,,,,,,,0.58,0.42,0.025,0.975,,,,,,,,,,,,,,,,,,,,,,,0.095,0.905,,,,,,,0.0395,0.9605,0.017,0.983,,,,,0.325,0.675,,,,,,,,,,,,,,,,,,,0.8,0.2,,,0.195,0.805,0.75,0.25,0.079,0.921,0.075,0.925,0.315,0.685,,,,,,,,,,,,,,,,,,,,,,,,,,,,,,,,,,,,,,,,,,,,,,,,,,,,,,,,,,,,,,,,,,,,,,,,,,,,,,,,,,,,,,,,,,,,,,,,,,,,,,,,,0.0125,0.9875,,,,,,,0.915,0.085,,,,,,,,,,,,,,,0.075,0.925,,,,,,,,,,,,,,,,,,,,,,,,,,,,,,,,,,,,,,,,,,,,,,,,,0.91,0.09,,,,,,,,,,,,,0.07,0.93,,,,,,,,,,,,,,,,,,,,,,,,,,,0.0115,0.9885,,,,,,,,,,,,,,,,,,,,,,,,,,,,,,,,,,,,,,,,,,,,,,,,,,,,,,,,,,,,,,,,,,,,,,,,,,,,,,,,,,,,,,,,,,,,,,,,,,,,,,,,,,,,,,,,,0.22,0.78,,,,,,,,,,,,,,,,,,,,,,,,,,,,,,
2024-06-23 00:00:00+00:00,,,,,,,,,,,,,,,,,,,,,0.585,0.415,0.025,0.975,,,,,,,,,,,,,,,,,,,,,,,0.095,0.905,,,,,,,0.039,0.961,0.017,0.983,,,,,0.325,0.675,,,,,,,,,,,,,,,,,,,0.8,0.2,,,0.195,0.805,0.75,0.25,0.079,0.921,0.075,0.925,0.315,0.685,,,,,,,,,,,,,,,,,,,,,,,,,,,,,,,,,,,,,,,,,,,,,,,,,,,,,,,,,,,,,,,,,,,,,,,,,,,,,,,,,,,,,,,,,,,,,,,,,,,,,,,,,0.0125,0.9875,,,,,,,0.915,0.085,,,,,,,,,,,,,,,0.075,0.925,,,,,,,,,,,,,,,,,,,,,,,,,,,,,,,,,,,,,,,,,,,,,,,,,0.91,0.09,,,,,,,,,,,,,0.07,0.93,,,,,,,,,,,,,,,,,,,,,,,,,,,0.0115,0.9885,,,,,,,,,,,,,,,,,,,,,,,,,,,,,,,,,,,,,,,,,,,,,,,,,,,,,,,,,,,,,,,,,,,,,,,,,,,,,,,,,,,,,,,,,,,,,,,,,,,,,,,,,,,,,,,,,0.2,0.8,,,,,,,,,,,,,,,,,,,,,,,,,,,,,,
2024-06-24 00:00:00+00:00,,,,,,,,,,,,,,,,,,,,,0.585,0.415,0.025,0.975,,,,,,,,,,,,,,,,,,,,,,,0.095,0.905,,,,,,,0.039,0.961,0.017,0.983,,,,,0.35,0.65,,,,,,,,,,,,,,,,,,,0.8,0.2,,,0.195,0.805,0.75,0.25,0.079,0.921,0.075,0.925,0.315,0.685,,,,,,,,,,,,,,,,,,,,,,,,,,,,,,,,,,,,,,,,,,,,,,,,,,,,,,,,,,,,,,,,,,,,,,,,,,,,,,,,,,,,,,,,,,,,,,,,,,,,,,,,,0.0125,0.9875,,,,,,,0.915,0.085,,,,,,,,,,,,,,,0.075,0.925,,,,,,,,,,,,,,,,,,,,,,,,,,,,,,,,,,,,,,,,,,,,,,,,,0.91,0.09,,,,,,,,,,,,,0.07,0.93,,,,,,,,,,,,,,,,,,,,,,,,,,,0.0115,0.9885,,,,,,,,,,,,,,,,,,,,,,,,,,,,,,,,,,,,,,,,,,,,,,,,,,,,,,,,,,,,,,,,,,,,,,,,,,,,,,,,,,,,,,,,,,,,,,,,,,,,,,,,,,,,,,,,,0.145,0.855,,,,,,,,,,,,,,,,,,,,,,,,,,,,,,
2024-06-25 00:00:00+00:00,,,,,,,,,,,,,,,,,,,,,0.5805,0.4195,0.025,0.975,,,,,,,,,,,,,,,,,,,,,,,0.1,0.9,,,,,,,0.0385,0.9615,0.017,0.983,,,,,0.34,0.66,,,,,,,,,,,,,,,,,,,0.8,0.2,,,0.195,0.805,0.75,0.25,0.079,0.921,0.075,0.925,0.315,0.685,,,,,,,,,,,,,,,,,,,,,,,,,,,,,,,,,,,,,,,,,,,,,,,,,,,,,,,,,,,,,,,,,,,,,,,,,,,,,,,,,,,,,,,,,,,,,,,,,,,,,,,,,0.0125,0.9875,,,,,,,0.915,0.085,,,,,,,,,,,,,,,0.075,0.925,,,,,,,,,,,,,,,,,,,,,,,,,,,,,0.06,0.94,,,,,,,,,,,,,,,,,,,0.91,0.09,,,,,,,,,,,,,0.07,0.93,,,,,,,,,,,,,,,,,,,,,,,,,,,0.0115,0.9885,,,,,,,,,,,,,,,,,,,,,,,,,,,,,,,,,,,,,,,,,,,,,,,,,,,,,,,,,,,,,,,,,,,,,,,,,,,,,,,,,,,,,,,,,,,,,,,,,,,,,,,,,,,,,,,,,0.11,0.89,,,,,,,,,,,,,,,,,,,,,,,,,,,,,,
2024-06-26 00:00:00+00:00,,,,,,,,,,,,,,,,,,,,,0.5855,0.4145,0.0255,0.9745,,,,,,,,,,,,,,,,,,,,,,,0.1,0.9,,,,,,,0.0385,0.9615,0.017,0.983,,,,,0.34,0.66,,,,,,,,,,,,,,,,,,,0.805,0.195,,,0.19,0.81,0.75,0.25,0.079,0.921,0.075,0.925,0.315,0.685,,,,,,,,,,,,,,,,,,,,,,,,,,,,,,,,,,,,,,,,,,,,,,,,,,,,,,,,,,,,,,,,,,,,,,,,,,,,,,,,,,,,,,,,,,,,,,,,,,,,,,,,,0.0125,0.9875,,,,,,,0.915,0.085,,,,,,,,,,,,,,,0.075,0.925,,,,,,,,,,,,,,,,,,,,,,,,,,,,,0.1,0.9,,,,,,,,,,,,,,,,,,,0.91,0.09,,,,,,,,,,,,,0.07,0.93,,,,,,,,,,,,,,,,,,,,,,,,,,,0.0115,0.9885,,,,,,,,,,,,,,,,,,,,,,,,,,,,,,,,,,,,,,,,,,,,,,,,,,,,,,,,,,,,,,,,,,,,,,,,,,,,,,,,,,,,,,,,,,,,,,,,,,,,,,,,,,,,,,,,,0.11,0.89,,,,,,,,,,,,,,,,,,,,,,,,,,,,,,
2024-06-27 00:00:00+00:00,,,,,,,,,,,,,,,,,,,,,0.582,0.418,0.0255,0.9745,,,,,,,,,,,,,,,,,,,,,,,0.1,0.9,,,,,,,0.0385,0.9615,0.017,0.983,,,,,0.34,0.66,,,,,,,,,,,,,,,,,,,0.805,0.195,,,0.19,0.81,0.75,0.25,0.0855,0.9145,0.075,0.925,0.315,0.685,,,,,,,,,,,,,,,,,,,,,,,,,,,,,,,,,,,,,,,,,,,,,,,,,,,,,,,,,,,,,,,,,,,,,,,,,,,,,,,,,,,,,,,,,,,,,,,,,,,,,,,,,0.0125,0.9875,,,,,,,0.915,0.085,,,,,,,,,,,,,,,0.075,0.925,,,,,,,,,,,,,,,,,,,,,,,,,,,,,0.17,0.83,,,,,,,,,,,,,,,,,,,0.91,0.09,,,,,,,,,,,,,0.07,0.93,,,,,,,,,,,,,,,,,,,,,,,,,,,0.0115,0.9885,,,,,,,,,,,,,,,,,,,,,,,,,,,,,,,,,,,,,,,,,,,,,,,,,,,,,,,,,,,,,,,,,,,,,,,,,,,,,,,,,,,,,,,,,,,,,,,,,,,,,,,,,,,,,,,,,0.025,0.975,,,,,,,,,,,,,,,,,,,,,,,,,,,,,,
2024-06-28 00:00:00+00:00,,,,,,,,,,,,,,,,,,,,,0.5775,0.4225,0.0295,0.9705,,,,,,,,,,,,,,,,,,,,,,,0.095,0.905,,,,,,,0.037,0.963,0.017,0.983,,,,,0.335,0.665,,,,,,,,,,,,,,,,,,,0.805,0.195,,,0.195,0.805,0.75,0.25,0.0925,0.9075,0.075,0.925,0.315,0.685,,,,,,,,,,,,,,,,,,,,,,,,,,,,,,,,,,,,,,,,,,,,,,,,,,,,,,,,,,,,,,,,,,,,,,,,,,,,,,,,,,,,,,,,,,,,,,,,,,,,,,,,,0.0125,0.9875,,,,,,,0.915,0.085,,,,,,,,,,,,,,,0.075,0.925,,,,,,,,,,,,,,,,,,,,,,,,,,,,,0.14,0.86,,,,,,,,,,,,,,,,,,,0.91,0.09,,,,,,,,,,,,,0.07,0.93,,,,,,,,,,,,,,,,,,,,,,,,,,,0.011,0.989,,,,,,,,,,,,,,,,,,,,,,,,,,,,,,,,,,,,,,,,,,,,,,,,,,,,,,,,,,,,,,,,,,,,,,,,,,,,,,,,,,,,,,,,,,,,,,,,,,,,,,,,,,,,,,,,,0.025,0.975,,,,,,,,,,,,,,,,,,,,,,,,,,,,,,
2024-06-29 00:00:00+00:00,,,,,,,,,,,,,,,,,,,,,0.575,0.425,0.033,0.967,,,,,,,,,,,,,,,,,,,,,,,0.095,0.905,,,,,,,0.0375,0.9625,0.022,0.978,,,,,0.33,0.67,,,,,,,,,,,,,,,,,,,0.8,0.2,,,0.195,0.805,0.745,0.255,0.087,0.913,0.075,0.925,0.315,0.685,,,,,,,,,,,,,,,,,,,,,,,,,,,,,,,,,,,,,,,,,,,,,,,,,,,,,,,,,,,,,,,,,,,,,,,,,,,,,,,,,,,,,,,,,,,,,,,,,,,,,,,,,0.0125,0.9875,,,,,,,0.915,0.085,,,,,,,,,,,,,,,0.07,0.93,,,,,,,,,,,,,,,,,,,,,,,,,,,,,0.13,0.87,,,,,,,,,,,,,,,,,,,0.91,0.09,,,,,,,,,,,,,0.07,0.93,,,,,,,,,,,,,,,,,,,,,,,,,,,0.011,0.989,,,,,,,,,,,,,,,,,,,,,,,,,,,,,,,,,,,,,,,,,,,,,,,,,,,,,,,,,,,,,,,,,,,,,,,,,,,,,,,,,,,,,,,,,,,,,,,,,,,,,,,,,,,,,,,,,0.0235,0.9765,,,,,,,,,,,,,,,,,,,,,,,,,,,,,,
2024-06-30 00:00:00+00:00,,,,,,,,,,,,,,,,,,,,,0.575,0.425,0.0335,0.9665,,,,,,,,,,,,,,,,,,,,,,,0.095,0.905,,,,,,,0.0375,0.9625,0.0215,0.9785,,,,,0.325,0.675,,,,,,,,,,,,,,,,,,,0.805,0.195,,,0.195,0.805,0.745,0.255,0.0775,0.9225,0.075,0.925,0.315,0.685,,,,,,,,,,,,,,,,,,,,,,,,,,,,,,,,,,,,,,,,,,,,,,,,,,,,,,,,,,,,,,,,,,,,,,,,,,,,,,,,,,,,,,,,,,,,,,,,,,,,,,,,,0.012,0.988,,,,,,,0.925,0.075,,,,,,,,,,,,,,,0.065,0.935,,,,,,,,,,,,,,,,,,,,,,,,,,,,,0.125,0.875,,,,,,,,,,,,,,,,,,,0.91,0.09,,,,,,,,,,,,,0.07,0.93,,,,,,,,,,,,,,,,,,,,,,,,,,,0.011,0.989,,,,,,,,,,,,,,,,,,,,,,,,,,,,,,,,,,,,,,,,,,,,,,,,,,,,,,,,,,,,,,,,,,,,,,,,,,,,,,,,,,,,,,,,,,,,,,,,,,,,,,,,,,,,,,,,,0.0095,0.9905,,,,,,,,,,,,,,,,,,,,,,,,,,,,,,
2024-07-01 00:00:00+00:00,,,,,,,,,,,,,,,,,,,,,0.573,0.427,0.0335,0.9665,,,,,,,,,,,,,,,,,,,,,,,0.095,0.905,,,,,,,0.0375,0.9625,0.0225,0.9775,,,,,0.325,0.675,,,,,,,,,,,,,,,,,,,0.8095,0.1905,,,0.195,0.805,0.7405,0.2595,0.076,0.924,0.065,0.935,0.315,0.685,,,,,,,,,,,,,,,,,,,,,,,,,,,,,,,,,,,,,,,,,,,,,,,,,,,,,,,,,,,,,,,,,,,,,,,,,,,,,,,,,,,,,,,,,,,,,,,,,,,,,,,,,0.012,0.988,,,,,,,0.925,0.075,,,,,,,,,,,,,,,0.065,0.935,,,,,,,,,,,,,,,,,,,,,,,,,,,,,0.065,0.935,,,,,,,,,,,,,,,,,,,0.91,0.09,,,,,,,,,,,,,0.07,0.93,,,,,,,,,,,,,,,,,,,,,,,,,,,0.011,0.989,,,,,,,,,,,,,,,,,,,,,,,,,,,,,,,,,,,,,,,,,,,,,,,,,,,,,,,,,,,,,,,,,,,,,,,,,,,,,,,,,,,,,,,,,,,,,,,,,,,,,,,,,,,,,,,,,0.009,0.991,,,,,,,,,,,,,,,,,,,,,,,,,,,,,,
2024-07-02 00:00:00+00:00,,,,,,,,,,,,,,,,,,,,,0.5755,0.4245,0.033,0.967,,,,,,,,,,,,,,,,,,,,,,,0.115,0.885,,,,,,,0.038,0.962,0.022,0.978,,,,,0.325,0.675,,,,,,,,,,,,,,,,,,,0.8095,0.1905,,,0.195,0.805,0.744,0.256,0.0805,0.9195,0.065,0.935,0.32,0.68,,,,,,,,,,,,,,,,,,,,,,,,,,,,,,,,,,,,,,,,,,,,,,,,,,,,,,,,,,,,,,,,,,,,,,,,,,,,,,,,,,,,,,,,,,,,,,,,,,,,,,,,,0.012,0.988,,,,,,,0.925,0.075,,,,,,,,,,,,,,,0.065,0.935,,,,,,,,,,,,,,,,,,,,,,,,,,,,,0.075,0.925,,,,,,,,,,,,,,,,,,,0.91,0.09,,,,,,,,,,,,,0.07,0.93,,,,,,,,,,,,,,,,,,,,,,,,,,,0.011,0.989,,,,,,,,,,,,,,,,,,,,,,,,,,,,,,,,,,,,,,,,,,,,,,,,,,,,,,,,,,,,,,,,,,,,,,,,,,,,,,,,,,,,,,,,,,,,,,,,,,,,,,,,,,,,,,,,,,,,,,,,,,,,,,,,,,,,,,,,,,,,,,,,
2024-07-03 00:00:00+00:00,,,,,,,,,,,,,,,,,,,,,0.535,0.465,0.0325,0.9675,,,,,,,,,,,,,,,,,,,,,,,0.1,0.9,,,,,,,0.0385,0.9615,0.0215,0.9785,,,,,0.325,0.675,,,,,,,,,,,,,,,,,,,0.81,0.19,,,0.155,0.845,0.7405,0.2595,0.0705,0.9295,0.065,0.935,0.315,0.685,,,,,,,,,,,,,,,,,,,,,,,,,,,,,,,,,,,,,,,,,,,,,,,,,,,,,,,,,,,,,,,,,,,,,,,,,,,,,,,,,,,,,,,,,,,,,,,,,,,,,,,,,0.012,0.988,,,,,,,0.925,0.075,,,,,,,,,,,,,,,0.065,0.935,,,,,,,,,,,,,,,,,,,,,,,,,,,,,0.075,0.925,,,,,,,,,,,,,,,,,,,0.91,0.09,,,,,,,,,,,,,0.07,0.93,,,,,,,,,,,,,,,,,,,,,,,,,,,0.011,0.989,,,,,,,,,,,,,,,,,,,,,,,,,,,,,,,,,,,,,,,,,,,,,,,,,,,,,,,,,,,,,,,,,,,,,,,,,,,,,,,,,,,,,,,,,,,,,,,,,,,,,,,,,,,,,,,,,,,,,,,,,,,,,,,,,,,,,,,,,,,,,,,,
2024-07-04 00:00:00+00:00,,,,,,,,,,,,,,,,,,,,,0.61,0.39,0.0365,0.9635,,,,,,,,,,,,,,,,,,,,,,,0.085,0.915,,,,,,,0.045,0.955,0.029,0.971,,,,,0.315,0.685,,,,,,,,,,,,,,,,,,,0.815,0.185,,,0.175,0.825,0.755,0.245,0.076,0.924,0.065,0.935,0.335,0.665,,,,,,,,,,,,,,,,,,,,,,,,,,,,,,,,,,,,,,,,,,,,,,,,,,,,,,,,,,,,,,,,,,,,,,,,,,,,,,,,,,,,,,,,,,,,,,,,,,,,,,,,,0.012,0.988,,,,,,,0.925,0.075,,,,,,,,,,,,,,,0.065,0.935,,,,,,,,,,,,,,,,,,,,,,,,,,,,,0.07,0.93,,,,,,,,,,,,,,,,,,,0.91,0.09,,,,,,,,,,,,,0.07,0.93,,,,,,,,,,,,,,,,,,,,,,,,,,,0.011,0.989,,,,,,,,,,,,,,,,,,,,,,,,,,,,,,,,,,,,,,,,,,,,,,,,,,,,,,,,,,,,,,,,,,,,,,,,,,,,,,,,,,,,,,,,,,,,,,,,,,,,,,,,,,,,,,,,,,,,,,,,,,,,,,,,,,,,,,,,,,,,,,,,
2024-07-05 00:00:00+00:00,,,,,,,,,,,,,,,,,,,,,0.6,0.4,0.0355,0.9645,,,,,,,,,,,,,,,,,,,,,,,0.095,0.905,,,,,,,0.046,0.954,0.03,0.97,,,,,0.325,0.675,,,,,,,,,,,,,,,,,,,0.815,0.185,,,0.18,0.82,0.7415,0.2585,0.087,0.913,0.065,0.935,0.34,0.66,,,,,,,,,,,,,,,,,,,,,,,,,,,,,,,,,,,,,,,,,,,,,,,,,,,,,,,,,,,,,,,,,,,,,,,,,,,,,,,,,,,,,,,,,,,,,,,,,,,,,,,,,0.0115,0.9885,,,,,,,0.925,0.075,,,,,,,,,,,,,,,0.065,0.935,,,,,,,,,,,,,,,,,,,,,,,,,,,,,0.075,0.925,,,,,,,,,,,,,,,,,,,0.91,0.09,,,,,,,,,,,,,0.07,0.93,,,,,,,,,,,,,,,,,,,,,,,,,,,0.011,0.989,,,,,,,,,,,,,,,,,,,,,,,,,,,,,,,,,,,,,,,,,,,,,,,,,,,,,,,,,,,,,,,,,,,,,,,,,,,,,,,,,,,,,,,,,,,,,,,,,,,,,,,,,,,,,,,,,,,,,,,,,,,,,,,,,,,,,,,,,,,,,,,,
2024-07-06 00:00:00+00:00,,,,,,,,,,,,,,,,,,,,,0.6545,0.3455,0.029,0.971,,,,,,,,,,,,,,,,,,,,,,,0.165,0.835,,,,,,,0.052,0.948,0.0315,0.9685,,,,,0.355,0.645,,,,,,,,,,,,,,,,,,,0.835,0.165,,,0.095,0.905,0.775,0.225,0.077,0.923,0.065,0.935,0.355,0.645,,,,,,,,,,,,,,,,,,,,,,,,,,,,,,,,,,,,,,,,,,,,,,,,,,,,,,,,,,,,,,,,,,,,,,,,,,,,,,,,,,,,,,,,,,,,,,,,,,,,,,,,,0.0115,0.9885,,,,,,,0.925,0.075,,,,,,,,,,,,,,,0.065,0.935,,,,,,,,,,,,,,,,,,,,,,,,,,,,,0.095,0.905,,,,,,,,,,,,,,,,,,,0.91,0.09,,,,,,,,,,,,,0.07,0.93,,,,,,,,,,,,,,,,,,,,,,,,,,,0.011,0.989,,,,,,,,,,,,,,,,,,,,,,,,,,,,,,,,,,,,,,,,,,,,,,,,,,,,,,,,,,,,,,,,,,,,,,,,,,,,,,,,,,,,,,,,,,,,,,,,,,,,,,,,,,,,,,,,,,,,,,,,,,,,,,,,,,,,,,,,,,,,,,,,
2024-07-07 00:00:00+00:00,,,,,,,,,,,,,,,,,,,,,0.66,0.34,0.0335,0.9665,,,,,,,,,,,,,,,,,,,,,,,0.105,0.895,,,,,,,0.0535,0.9465,0.029,0.971,,,,,0.365,0.635,,,,,,,,,,,,,,,,,,,0.845,0.155,,,0.115,0.885,0.795,0.205,0.075,0.925,0.065,0.935,0.33,0.67,,,,,,,,,,,,,,,,,,,,,,,,,,,,,,,,,,,,,,,,,,,,,,,,,,,,,,,,,,,,,,,,,,,,,,,,,,,,,,,,,,,,,,,,,,,,,,,,,,,,,,,,,0.0115,0.9885,,,,,,,0.925,0.075,,,,,,,,,,,,,,,0.065,0.935,,,,,,,,,,,,,,,,,,,,,,,,,,,,,0.1,0.9,,,,,,,,,,,,,,,,,,,0.91,0.09,,,,,,,,,,,,,0.07,0.93,,,,,,,,,,,,,,,,,,,,,,,,,,,0.011,0.989,,,,,,,,,,,,,,,,,,,,,,,,,,,,,,,,,,,,,,,,,,,,,,,,,,,,,,,,,,,,,,,,,,,,,,,,,,,,,,,,,,,,,,,,,,,,,,,,,,,,,,,,,,,,,,,,,,,,,,,,,,,,,,,,,,,,,,,,,,,,,,,,
2024-07-08 00:00:00+00:00,,,,,,,,,,,,,,,,,,,,,0.6625,0.3375,0.0315,0.9685,,,,,,,,,,,,,,,,,,,,,,,0.105,0.895,,,,,,,0.0535,0.9465,0.028,0.972,,,,,0.365,0.635,,,,,,,,,,,,,,,,,,,0.85,0.15,,,0.11,0.89,0.795,0.205,0.0725,0.9275,0.065,0.935,0.335,0.665,,,,,,,,,,,,,,,,,,,,,,,,,,,,,,,,,,,,,,,,,,,,,,,,,,,,,,,,,,,,,,,,,,,,,,,,,,,,,,,,,,,,,,,,,,,,,,,,,,,,,,,,,0.0115,0.9885,,,,,,,0.925,0.075,,,,,,,,,,,,,,,0.065,0.935,,,,,,,,,,,,,,,,,,,,,,,,,,,,,0.9975,0.0025,,,,,,,,,,,,,,,,,,,0.91,0.09,,,,,,,,,,,,,0.07,0.93,,,,,,,,,,,,,,,,,,,,,,,,,,,0.011,0.989,,,,,,,,,,,,,,,,,,,,,,,,,,,,,,,,,,,,,,,,,,,,,,,,,,,,,,,,,,,,,,,,,,,,,,,,,,,,,,,,,,,,,,,,,,,,,,,,,,,,,,,,,,,,,,,,,,,,,,,,,,,,,,,,,,,,,,,,,,,,,,,,
2024-07-09 00:00:00+00:00,,,,,,,,,,,,,,,,,,,,,0.668,0.332,0.0315,0.9685,,,,,,,,,,,,,,,,,,,,,,,0.105,0.895,,,,,,,0.0555,0.9445,0.029,0.971,,,,,0.365,0.635,,,,,,,,,,,,,,,,,,,0.8625,0.1375,,,0.115,0.885,0.8045,0.1955,0.067,0.933,0.065,0.935,0.325,0.675,,,,,,,,,,,,,,,,,,,,,,,,,,,,,,,,,,,,,,,,,,,,,,,,,,,,,,,,,,,,,,,,,,,,,,,,,,,,,,,,,,,,,,,,,,,,,,,,,,,,,,,,,0.0115,0.9885,,,,,,,0.925,0.075,,,,,,,,,,,,,,,0.065,0.935,,,,,,,,,,,,,,,,,,,,,,,,,,,,,,,,,,,,,,,,,,,,,,,,,0.91,0.09,,,,,,,,,,,,,0.07,0.93,,,,,,,,,,,,,,,,,,,,,,,,,,,0.011,0.989,,,,,,,,,,,,,,,,,,,,,,,,,,,,,,,,,,,,,,,,,,,,,,,,,,,,,,,,,,,,,,,,,,,,,,,,,,,,,,,,,,,,,,,,,,,,,,,,,,,,,,,,,,,,,,,,,,,,,,,,,,,,,,,,,,,,,,,,,,,,,,,,
2024-07-10 00:00:00+00:00,,,,,,,,,,,,,,,,,,,,,0.672,0.328,0.0335,0.9665,,,,,,,,,,,,,,,,,,,,,,,0.105,0.895,,,,,,,0.053,0.947,0.027,0.973,,,,,0.375,0.625,,,,,,,,,,,,,,,,,,,0.86,0.14,,,0.125,0.875,0.8085,0.1915,0.066,0.934,0.055,0.945,0.32,0.68,,,,,,,,,,,,,,,,,,,,,,,,,,,,,,,,,,,,,,,,,,,,,,,,,,,,,,,,,,,,,,,,,,,,,,,,,,,,,,,,,,,,,,,,,,,,,,,,,,,,,,,,,0.0115,0.9885,,,,,,,0.925,0.075,,,,,,,,,,,,,,,0.065,0.935,,,,,,,,,,,,,,,,,,,,,,,,,,,,,,,,,,,,,,,,,,,,,,,,,0.91,0.09,,,,,,,,,,,,,0.07,0.93,,,,,,,,,,,,,,,,,,,,,,,,,,,0.011,0.989,,,,,,,,,,,,,,,,,,,,,,,,,,,,,,,,,,,,,,,,,,,,,,,,,,,,,,,,,,,,,,,,,,,,,,,,,,,,,,,,,,,,,,,,,,,,,,,,,,,,,,,,,,,,,,,,,,,,,,,,,,,,,,,,,,,,,,,,,,,,,,,,
2024-07-11 00:00:00+00:00,,,,,,,,,,,,,,,,,,,,,0.685,0.315,0.032,0.968,,,,,,,,,,,,,,,,,,,,,,,0.125,0.875,,,,,,,0.052,0.948,0.0245,0.9755,,,,,0.36,0.64,,,,,,,,,,,,,,,,,,,0.8555,0.1445,,,0.125,0.875,0.818,0.182,0.0735,0.9265,0.055,0.945,0.32,0.68,,,,,,,,,,,,,,,,,,,,,,,,,,,,,,,,,,,,,,,,,,,,,,,,,,,,,,,,,,,,,,,,,,,,,,,,,,,,,,,,,,,,,,,,,,,,,,,,,,,,,,,,,0.0115,0.9885,,,,,,,0.925,0.075,,,,,,,,,,,,,,,0.065,0.935,,,,,,,,,,,,,,,,,,,,,,,,,,,,,,,,,,,,,,,,,,,,,,,,,0.91,0.09,,,,,,,,,,,,,0.07,0.93,,,,,,,,,,,,,,,,,,,,,,,,,,,0.011,0.989,,,,,,,,,,,,,,,,,,,,,,,,,,,,,,,,,,,,,,,,,,,,,,,,,,,,,,,,,,,,,,,,,,,,,,,,,,,,,,,,,,,,,,,,,,,,,,,,,,,,,,,,,,,,,,,,,,,,,,,,,,,,,,,,,,,,,,,,,,,,,,,,
2024-07-12 00:00:00+00:00,,,,,,,,,,,,,,,,,,,,,0.815,0.185,0.0295,0.9705,,,,,,,,,,,,,,,,,,,,,,,0.27,0.73,,,,,,,0.0515,0.9485,0.025,0.975,,,,,0.34,0.66,,,,,,,,,,,,,,,,,,,0.9525,0.0475,,,0.065,0.935,0.905,0.095,0.087,0.913,0.055,0.945,0.23,0.77,,,,,,,,,,,,,,,,,,,,,,,,,,,,,,,,,,,,,,,,,,,,,,,,,,,,,,,,,,,,,,,,,,,,,,,,,,,,,,,,,,,,,,,,,,,,,,,,,,,,,,,,,0.0115,0.9885,,,,,,,0.925,0.075,,,,,,,,,,,,,,,0.065,0.935,,,,,,,,,,,,,,,,,,,,,,,,,,,,,,,,,,,,,,,,,,,,,,,,,0.91,0.09,,,,,,,,,,,,,0.07,0.93,,,,,,,,,,,,,,,,,,,,,,,,,,,0.011,0.989,,,,,,,,,,,,,,,,,,,,,,,,,,,,,,,,,,,,,,,,,,,,,,,,,,,,,,,,,,,,,,,,,,,,,,,,,,,,,,,,,,,,,,,,,,,,,,,,,,,,,,,,,,,,,,,,,,,,,,,,,,,,,,,,,,,,,,,,,,,,,,,,
2024-07-13 00:00:00+00:00,,,,,,,,,,,,,,,,,,,,,0.7975,0.2025,0.0265,0.9735,,,,,,,,,,,,,,,,,,,,,,,0.27,0.73,,,,,,,0.051,0.949,0.0245,0.9755,,,,,0.345,0.655,,,,,,,,,,,,,,,,,,,0.9245,0.0755,,,0.08,0.92,0.88,0.12,0.075,0.925,0.055,0.945,0.23,0.77,,,,,,,,,,,,,,,,,,,,,,,,,,,,,,,,,,,,,,,,,,,,,,,,,,,,,,,,,,,,,,,,,,,,,,,,,,,,,,,,,,,,,,,,,,,,,,,,,,,,,,,,,0.0115,0.9885,,,,,,,0.925,0.075,,,,,,,,,,,,,,,0.065,0.935,,,,,,,,,,,,,,,,,,,,,,,,,,,,,,,,,,,,,,,,,,,,,,,,,0.91,0.09,,,,,,,,,,,,,0.07,0.93,,,,,,,,,,,,,,,,,,,,,,,,,,,0.011,0.989,,,,,,,,,,,,,,,,,,,,,,,,,,,,,,,,,,,,,,,,,,,,,,,,,,,,,,,,,,,,,,,,,,,,,,,,,,,,,,,,,,,,,,,,,,,,,,,,,,,,,,,,,,,,,,,,,,,,,,,,,,,,,,,,,,,,,,,,,,,,,,,,
2024-07-14 00:00:00+00:00,,,,,,,,,,,,,,,,,,,,,0.787,0.213,0.0265,0.9735,,,,,,,,,,,,,,,,,,,,,,,0.305,0.695,,,,,,,0.051,0.949,0.02,0.98,,,,,0.335,0.665,,,,,,,,,,,,,,,,,,,0.889,0.111,,,0.065,0.935,0.8525,0.1475,0.0725,0.9275,0.055,0.945,0.205,0.795,,,,,,,,,,,,,,,,,,,,,,,,,,,,,,,,,,,,,,,,,,,,,,,,,,,,,,,,,,,,,,,,,,,,,,,,,,,,,,,,,,,,,,,,,,,,,,,,,,,,,,,,,0.0115,0.9885,,,,,,,0.925,0.075,,,,,,,,,,,,,,,0.065,0.935,,,,,,,,,,,,,,,,,,,,,,,,,,,,,,,,,,,,,,,,,,,,,,,,,0.91,0.09,,,,,,,,,,,,,0.07,0.93,,,,,,,,,,,,,,,,,,,,,,,,,,,0.011,0.989,,,,,,,,,,,,,,,,,,,,,,,,,,,,,,,,,,,,,,,,,,,,,,,,,,,,,,,,,,,,,,,,,,,,,,,,,,,,,,,,,,,,,,,,,,,,,,,,,,,,,,,,,,,,,,,,,,,,,,,,,,,,,,,,,,,,,,,,,,,,,,,,
2024-07-15 00:00:00+00:00,,,,,,,,,,,,,,,,,,,,,0.78,0.22,0.0255,0.9745,,,,,,,,,,,,,,,,,,,,,,,0.28,0.72,,,,,,,0.052,0.948,0.0195,0.9805,,,,,0.335,0.665,,,,,,,,,,,,,,,,,,,0.8775,0.1225,,,0.095,0.905,0.8225,0.1775,0.0665,0.9335,0.055,0.945,0.205,0.795,,,,,,,,,,,,,,,,,,,,,,,,,,,,,,,,,,,,,,,,,,,,,,,,,,,,,,,,,,,,,,,,,,,,,,,,,,,,,,,,,,,,,,,,,,,,,,,,,,,,,,,,,0.0115,0.9885,,,,,,,0.925,0.075,,,,,,,,,,,,,,,0.065,0.935,,,,,,,,,,,,,,,,,,,,,,,,,,,,,,,,,,,,,,,,,,,,,,,,,0.915,0.085,,,,,,,,,,,,,0.065,0.935,,,,,,,,,,,,,,,,,,,,,,,,,,,0.011,0.989,,,,,,,,,,,,,,,,,,,,,,,,,,,,,,,,,,,,,,,,,,,,,,,,,,,,,,,,,,,,,,,,,,,,,,,,,,,,,,,,,,,,,,,,,,,,,,,,,,,,,,,,,,,,,,,,,,,,,,,,,,,,,,,,,,,,,,,,,,,,,,,,
2024-07-16 00:00:00+00:00,,,,,,,,,,,,,,,,,,,,,0.8045,0.1955,0.036,0.964,,,,,,,,,,,,,,,,,,,,,,,0.28,0.72,,,,,,,0.0635,0.9365,0.0295,0.9705,,,,,0.325,0.675,,,,,,,,,,,,,,,,,,,0.885,0.115,,,0.105,0.895,0.85,0.15,0.0775,0.9225,0.055,0.945,0.185,0.815,,,,,,,,,,,,,,,,,,,,,,,,,,,,,,,,,,,,,,,,,,,,,,,,,,,,,,,,,,,,,,,,,,,,,,,,,,,,,,,,,,,,,,,,,,,,,,,,,,,,,,,,,0.0115,0.9885,,,,,,,0.925,0.075,,,,,,,,,,,,,,,0.065,0.935,,,,,,,,,,,,,,,,,,,,,,,,,,,,,,,,,,,,,,,,,,,,,,,,,0.915,0.085,,,,,,,,,,,,,0.065,0.935,,,,,,,,,,,,,,,,,,,,,,,,,,,0.011,0.989,,,,,,,,,,,,,,,,,,,,,,,,,,,,,,,,,,,,,,,,,,,,,,,,,,,,,,,,,,,,,,,,,,,,,,,,,,,,,,,,,,,,,,,,,,,,,,,,,,,,,,,,,,,,,,,,,,,,,,,,,,,,,,,,,,,,,,,,,,,,,,,,
2024-07-17 00:00:00+00:00,,,,,,,,,,,,,,,,,,,,,0.878,0.122,0.0365,0.9635,,,,,,,,,,,,,,,,,,,,,,,0.305,0.695,,,,,,,0.065,0.935,0.0285,0.9715,,,,,0.325,0.675,,,,,,,,,,,,,,,,,,,0.91,0.09,,,0.075,0.925,0.8955,0.1045,0.065,0.935,0.045,0.955,0.175,0.825,,,,,,,,,,,,,,,,,,,,,,,,,,,,,,,,,,,,,,,,,,,,,,,,,,,,,,,,,,,,,,,,,,,,,,,,,,,,,,,,,,,,,,,,,,,,,,,,,,,,,,,,,0.0115,0.9885,,,,,,,0.925,0.075,,,,,,,,,,,,,,,0.065,0.935,,,,,,,,,,,,,,,,,,,,,,,,,,,,,,,,,,,,,,,,,,,,,,,,,0.945,0.055,,,,,,,,,,,,,0.04,0.96,,,,,,,,,,,,,,,,,,,,,,,,,,,0.011,0.989,,,,,,,,,,,,,,,,,,,,,,,,,,,,,,,,,,,,,,,,,,,,,,,,,,,,,,,,,,,,,,,,,,,,,,,,,,,,,,,,,,,,,,,,,,,,,,,,,,,,,,,,,,,,,,,,,,,,,,,,,,,,,,,,,,,,,,,,,,,,,,,,
2024-07-18 00:00:00+00:00,,,,,,,,,,,,,,,,,,,,,0.834,0.166,0.037,0.963,,,,,,,,,,,,,,,,,,,,,,,0.325,0.675,,,,,,,0.0615,0.9385,0.029,0.971,,,,,0.325,0.675,,,,,,,,,,,,,,,,,,,0.9135,0.0865,,,0.07,0.93,0.893,0.107,0.0465,0.9535,0.045,0.955,0.165,0.835,,,,,,,,,,,,,,,,,,,,,,,,,,,,,,,,,,,,,,,,,,,,,,,,,,,,,,,,,,,,,,,,,,,,,,,,,,,,,,,,,,,,,,,,,,,,,,,,,,,,,,,,,0.0105,0.9895,,,,,,,0.925,0.075,,,,,,,,,,,,,,,0.07,0.93,,,,,,,,,,,,,,,,,,,,,,,,,,,,,,,,,,,,,,,,,,,,,,,,,0.945,0.055,,,,,,,,,,,,,0.04,0.96,,,,,,,,,,,,,,,,,,,,,,,,,,,0.011,0.989,,,,,,,,,,,,,,,,,,,,,,,,,,,,,,,,,,,,,,,,,,,,,,,,,,,,,,,,,,,,,,,,,,,,,,,,,,,,,,,,,,,,,,,,,,,,,,,,,,,,,,,,,,,,,,,,,,,,,,,,,,,,,,,,,,,,,,,,,,,,,,,,
2024-07-19 00:00:00+00:00,,,,,,,,,,,,,,,,,,,,,0.8475,0.1525,0.0365,0.9635,,,,,,,,,,,,,,,,,,,,,,,0.325,0.675,,,,,,,0.0615,0.9385,0.0295,0.9705,,,,,0.315,0.685,,,,,,,,,,,,,0.145,0.855,,,,,0.9155,0.0845,,,0.055,0.945,0.891,0.109,0.05,0.95,0.045,0.955,0.175,0.825,,,,,,,,,,,,,,,,,,,,,,,,,,,,,,,,,,,,,,,,,,,,,,,,,,,,,,,,,,,,,,,,,,,,,,,,,,,,,,,,,,,,,,,,,,,,,,,,,,,,,,,,,0.0105,0.9895,,,,,,,0.925,0.075,,,,,,,,,,,,,,,0.07,0.93,,,,,,,,,,,,,,,,,,,,,,,,,,,,,,,,,,,,,,,,,,,,,,,,,0.945,0.055,,,,,,,,,,,,,0.045,0.955,,,,,,,,,,,,,,,,,,,,,,,,,,,0.011,0.989,,,,,,,,,,,,,,,,,,,,,,,,,,,,,,,,,,,,,,,,,,,,,,,,,,,,,,,,,,,,,,,,,,,,,,,,,,,,,,,,,,,,,,,,,,,,,,,,,,,,,,,,,,,,,,,,,,,,,,,,,,,,,,,,,,,,,,,,,,,,,,,,
2024-07-20 00:00:00+00:00,,,,,,,,,,,,,,,,,,,,,0.8255,0.1745,0.0285,0.9715,,,,,,,,,,,,,,,,,,,,,,,0.305,0.695,,,,,,,0.0555,0.9445,0.0265,0.9735,,,,,0.315,0.685,,,,,,,,,,,,,0.325,0.675,,,,,0.907,0.093,,,0.07,0.93,0.878,0.122,0.0525,0.9475,0.045,0.955,0.23,0.77,,,,,,,,,,,,,,,,,,,,,,,,,,,,,,,,,,,,,,,,,,,,,,,,,,,,,,,,,,,,,,,,,,,,,,,,,,,,,,,,,,,,,,,,,,,,,,,,,,,,,,,,,0.0105,0.9895,,,,,,,0.925,0.075,,,,,,,,,,,,,,,0.07,0.93,,,,,,,,,,,,,,,,,,,,,,,,,,,,,,,,,,,,,,,,,,,,,,,,,0.945,0.055,,,,,,,,,,,,,0.045,0.955,,,,,,,,,,,,,,,,,,,,,,,,,,,0.011,0.989,,,,,,,,,,,,,,,,,,,,,,,,,,,,,,,,,,,,,,,,,,,,,,,,,,,,,,,,,,,,,,,,,,,,,,,,,,,,,,,,,,,,,,,,,,,,,,,,,,,,,,,,,,,,,,,,,,,,,,,,,,,,,,,,,,,,,,,,,,,,,,,,
2024-07-21 00:00:00+00:00,,,,,,,,,,,,,,,,,,,,,0.8355,0.1645,0.0285,0.9715,,,,,,,,,,,,,,,,,,,,,,,0.305,0.695,,,,,,,0.0495,0.9505,0.018,0.982,,,,,0.315,0.685,,,,,,,,,,,,,0.245,0.755,,,,,0.91,0.09,,,0.065,0.935,0.8705,0.1295,0.047,0.953,0.045,0.955,0.215,0.785,,,,,,,,,,,,,,,,,,,,,,,,,,,,,,,,,,,,,,,,,,,,,,,,,,,,,,,,,,,,,,,,,,,,,,,,,,,,,,,,,,,,,,,,,,,,,,,,,,,,,,,,,0.01,0.99,,,,,,,0.925,0.075,,,,,,,,,,,,,,,0.075,0.925,,,,,,,,,,,,,,,,,,,,,,,,,,,,,,,,,,,,,,,,,,,,,,,,,0.945,0.055,,,,,,,,,,,,,0.045,0.955,,,,,,,,,,,,,,,,,,,,,,,,,,,0.011,0.989,,,,,,,,,,,,,,,,,,,,,,,,,,,,,,,,,,,,,,,,,,,,,,,,,,,,,,,,,,,,,,,,,,,,,,,,,,,,,,,,,,,,,,,,,,,,,,,,,,,,,,,,,,,,,,,,,,,,,,,,,,,,,,,,,,,,,,,,,,,,,,,,
2024-07-22 00:00:00+00:00,,,,,,,,,,,,,,,,,,,,,0.836,0.164,0.029,0.971,,,,,,,,,,,,,,,,,,,,,,,0.305,0.695,,,,,,,0.0475,0.9525,0.0195,0.9805,,,,,0.32,0.68,,,,,,,,,,,,,0.24,0.76,,,,,0.906,0.094,,,0.075,0.925,0.867,0.133,0.0545,0.9455,0.045,0.955,0.215,0.785,,,,,,,,,,,,,,,,,,,,,,,,,,,,,,,,,,,,,,,,,,,,,,,,,,,,,,,,,,,,,,,,,,,,,,,,,,,,,,,,,,,,,,,,,,,,,,,,,,,,,,,,,0.01,0.99,,,,,,,0.935,0.065,,,,,,,,,,,,,,,0.065,0.935,,,,,,,,,,,,,,,,,,,,,,,,,,,,,,,,,,,,,,,,,,,,,,,,,0.935,0.065,,,,,,,,,,,,,0.05,0.95,,,,,,,,,,,,,,,,,,,,,,,,,,,0.011,0.989,,,,,,,,,,,,,,,,,,,,,,,,,,,,,,,,,,,,,,,,,,,,,,,,,,,,,,,,,,,,,,,,,,,,,,,,,,,,,,,,,,,,,,,,,,,,,,,,,,,,,,,,,,,,,,,,,,,,,,,,,,,,,,,,,,,,,,,,,,,,,,,,
2024-07-23 00:00:00+00:00,,,,,,,,,,,,,,,,,,,,,0.828,0.172,0.0285,0.9715,,,,,,,,,,,,,,,,,,,,,,,0.305,0.695,,,,,,,0.0475,0.9525,0.024,0.976,,,,,0.5,0.5,,,,,,,,,,,,,0.27,0.73,,,,,0.906,0.094,,,0.075,0.925,0.8675,0.1325,0.0525,0.9475,0.045,0.955,0.2,0.8,,,,,,,,,,,,,,,,,,,,,,,,,,,,,,,,,,,,,,,,,,,,,,,,,,,,,,,,,,,,,,,,,,,,,,,,,,,,,,,,,,,,,,,,,,,,,,,,,,,,,,,,,0.0105,0.9895,,,,,,,0.925,0.075,,,,,,,,,,,,,,,0.07,0.93,,,,,,,,,,,,,,,,,,,,,,,,,,,,,,,,,,,,,,,,,,,,,,,,,0.94,0.06,,,,,,,,,,,,,0.05,0.95,,,,,,,,,,,,,,,,,,,,,,,,,,,0.011,0.989,,,,,,,,,,,,,,,,,,,,,,,,,,,,,,,,,,,,,,,,,,,,,,,,,,,,,,,,,,,,,,,,,,,,,,,,,,,,,,,,,,,,,,,,,,,,,,,,,,,,,,,,,,,,,,,,,,,,,,,,,,,,,,,,,,,,,,,,,,,,,,,,
2024-07-24 00:00:00+00:00,,,,,,,,,,,,,,,,,,,,,0.832,0.168,0.03,0.97,,,,,,,,,,,,,,,,,,,,,,,0.31,0.69,,,,,,,0.0525,0.9475,0.025,0.975,,,,,0.555,0.445,,,,,,,,,,,,,0.325,0.675,,,,,0.903,0.097,,,0.09,0.91,0.867,0.133,0.0485,0.9515,0.055,0.945,0.17,0.83,,,,,,,,,,,,,,,,,,,,,,,,,,,,,,,,,,,,,,,,,,,,,,,,,,,,,,,,,,,,,,,,,,,,,,,,,,,,,,,,,,,,,,,,,,,,,,,,,,,,,,,,,0.011,0.989,,,,,,,0.925,0.075,,,,,,,,,,,,,,,0.075,0.925,,,,,,,,,,,,,,,,,,,,,,,,,,,,,,,,,,,,,,,,,,,,,,,,,0.94,0.06,,,,,,,,,,,,,0.05,0.95,,,,,,,,,,,,,,,,,,,,,,,,,,,0.0115,0.9885,,,,,,,,,,,,,,,,,,,,,,,,,,,,,,,,,,,,,,,,,,,,,,,,,,,,,,,,,,,,,,,,,,,,,,,,,,,,,,,,,,,,,,,,,,,,,,,,,,,,,,,,,,,,,,,,,,,,,,,,,,,,,,,,,,,,,,,,,,,,,,,,
2024-07-25 00:00:00+00:00,,,,,,,,,,,,,,,,,,,,,0.836,0.164,0.045,0.955,,,,,,,,,,,,,,,,,,,,,,,0.31,0.69,,,,,,,0.0545,0.9455,0.0255,0.9745,,,,,0.35,0.65,,,,,,,,,,,,,0.295,0.705,,,,,0.9035,0.0965,,,0.075,0.925,0.8665,0.1335,0.081,0.919,0.055,0.945,0.18,0.82,,,,,,,,,,,,,,,,,,,,,,,,,,,,,,,,,,,,,,,,,,,,,,,,,,,,,,,,,,,,,,,,,,,,,,,,,,,,,,,,,,,,,,,,,,,,,,,,,,,,,,,,,0.011,0.989,,,,,,,0.925,0.075,,,,,,,,,,,,,,,0.075,0.925,,,,,,,,,,,,,,,,,,,,,,,,,,,,,,,,,,,,,,,,,,,,,,,,,0.94,0.06,,,,,,,,,,,,,0.05,0.95,,,,,,,,,,,,,,,,,,,,,,,,,,,0.0115,0.9885,,,,,,,,,,,,,,,,,,,,,,,,,,,,,,,,,,,,,,,,,,,,,,,,,,,,,,,,,,,,,,,,,,,,,,,,,,,,,,,,,,,,,,,,,,,,,,,,,,,,,,,,,,,,,,,,,,,,,,,,,,,,,,,,,,,,,,,,,,,,,,,,
2024-07-26 00:00:00+00:00,,,,,,,,,,,0.125,0.875,,,,,,,,,0.842,0.158,0.0355,0.9645,,,0.021,0.979,,,,,,,,,,,0.065,0.935,,,,,,,0.355,0.645,,,,,,,0.076,0.924,0.0255,0.9745,0.86,0.14,,,0.35,0.65,,,,,,,,,,,,,0.285,0.715,,,,,0.916,0.084,,,0.075,0.925,0.869,0.131,0.063,0.937,0.055,0.945,0.1,0.9,,,,,,,,,,,,,,,,,,,,,,,,,,,,,,,,,,,,,,,,,,,,,,,,,,,,,,,,,,,,,,,,,,,,,,,,,,,,,,,,,,,,,,,,,,,,,,,,,,,,,,,,,0.011,0.989,,,,,,,0.925,0.075,,,,,,,,,,,,,,,0.075,0.925,,,,,,,,,,,,,,,,,,,,,,,,,,,,,,,,,,,,,,,,,,,,,,,,,0.94,0.06,,,,,,,,,,,,,0.05,0.95,,,,,,,,,,,,,,,,,,,,,,,,,,,0.0115,0.9885,,,,,,,,,,,,,,,,,,,,,,,,,,,,,,,,,,,,,,,,,,,,,,,,,,,,,,,,,,,,,,,,,,,,,,,,,,,,,,,,,,,,,,,,,,,,,,,,,,,,,,,,,,,,,,,,,,,,,,,,,,,,,,,,,,,,,,,,,,,,,,,,
2024-07-27 00:00:00+00:00,,,,,,,,,,,0.135,0.865,,,,,,,,,0.839,0.161,0.0305,0.9695,,,0.0035,0.9965,,,,,,,,,,,0.075,0.925,,,,,,,0.355,0.645,,,,,,,0.078,0.922,0.024,0.976,0.805,0.195,,,0.345,0.655,,,,,,,,,,,,,0.405,0.595,,,,,0.9135,0.0865,,,0.065,0.935,0.8675,0.1325,0.0525,0.9475,0.065,0.935,0.14,0.86,,,,,,,,,,,,,,,,,,,,,,,,,,,,,,,,,,,,,,,,,,,,,,,,,,,,,,,,,,,,,,,,,,,,,,,,,,,,,,,,,,,,,,,,,,,,,,,,,,,,,,,,,0.011,0.989,,,,,,,0.925,0.075,,,,,,,,,,,,,,,0.065,0.935,,,,,,,,,,,,,,,,,,,,,,,,,,,,,,,,,,,,,,,,,,,,,,,,,0.94,0.06,,,,,,,,,,,,,0.05,0.95,,,,,,,,,,,,,,,,,,,,,,,,,,,0.0115,0.9885,,,,,,,,,,,,,,,,,,,,,,,,,,,,,,,,,,,,,,,,,,,,,,,,,,,,,,,,,,,,,,,,,,,,,,,,,,,,,,,,,,,,,,,,,,,,,,,,,,,,,,,,,,,,,,,,,,,,,,,,,,,,,,,,,,,,,,,,,,,,,,,,
2024-07-28 00:00:00+00:00,,,,,,,,,,,0.155,0.845,,,,,,,,,0.8435,0.1565,0.03,0.97,,,0.0055,0.9945,,,,,,,,,,,0.115,0.885,,,,,,,0.35,0.65,,,,,,,0.077,0.923,0.0255,0.9745,0.765,0.235,,,0.345,0.655,,,,,,,,,,,,,0.933,0.067,,,,,0.9165,0.0835,,,0.065,0.935,0.878,0.122,0.0545,0.9455,0.065,0.935,0.135,0.865,,,,,,,,,,,,,,,,,,,,,,,,,,,,,,,,,,,,,,,,,,,,,,,,,,,,,,,,,,,,,,,,,,,,,,,,,,,,,,,,,,,,,,,,,,,,,,,,,,,,,,,,,0.011,0.989,,,,,,,0.925,0.075,,,,,,,,,,,,,,,0.065,0.935,,,,,,,,,,,,,,,,,,,,,,,,,,,,,,,,,,,,,,,,,,,,,,,,,0.94,0.06,,,,,,,,,,,,,0.05,0.95,,,,,,,,,,,,,,,,,,,,,,,,,,,0.0115,0.9885,,,,,,,,,,,,,,,,,,,,,,,,,,,,,,,,,,,,,,,,,,,,,,,,,,,,,,,,,,,,,,,,,,,,,,,,,,,,,,,,,,,,,,,,,,,,,,,,,,,,,,,,,,,,,,,,,,,,,,,,,,,,,,,,,,,,,,,,,,,,,,,,
2024-07-29 00:00:00+00:00,,,,,,,,,,,0.145,0.855,,,,,,,,,0.8685,0.1315,0.041,0.959,,,0.0035,0.9965,,,,,,,,,,,0.115,0.885,,,,,,,0.35,0.65,,,,,,,0.0755,0.9245,0.0265,0.9735,0.745,0.255,,,0.345,0.655,,,,,,,,,,,,,0.986,0.014,,,,,0.9195,0.0805,,,0.065,0.935,0.879,0.121,0.0505,0.9495,0.065,0.935,0.135,0.865,,,,,,,,,,,,,,,,,,,,,,,,,,,,,,,,,,,,,,,,,,,,,,,,,,,,,,,,,,,,,,,,,,,,,,,,,,,,,,,,,,,,,,,,,,,,,,,,,,,,,,,,,0.0115,0.9885,,,,,,,0.925,0.075,,,,,,,,,,,,,,,0.065,0.935,,,,,,,,,,,,,,,,,,,,,,,,,,,,,,,,,,,,,,,,,,,,,,,,,0.94,0.06,,,,,,,,,,,,,0.05,0.95,,,,,,,,,,,,,,,,,,,,,,,,,,,0.012,0.988,,,,,,,,,,,,,,,,,,,,,,,,,,,,,,,,,,,,,,,,,,,,,,,,,,,,,,,,,,,,,,,,,,,,,,,,,,,,,,,,,,,,,,,,,,,,,,,,,,,,,,,,,,,,,,,,,,,,,,,,,,,,,,,,,,,,,,,,,,,,,,,,
2024-07-30 00:00:00+00:00,,,,,,,,,,,0.14,0.86,,,,,,,,,0.8645,0.1355,0.0305,0.9695,,,0.0025,0.9975,,,,,,,,,,,0.11,0.89,,,,,,,0.36,0.64,,,,,,,0.064,0.936,0.027,0.973,0.76,0.24,,,0.345,0.655,,,,,,,,,,,,,0.998,0.002,,,,,0.9355,0.0645,,,0.065,0.935,0.921,0.079,0.055,0.945,0.065,0.935,0.14,0.86,,,,,,,,,,,,,,,,,,,,,,,,,,,,,,,,,,,,,,,,,,,,,,,,,,,,,,,,,,,,,,,,,,,,,,,,,,,,,,,,,,,,,,,,,,,,,,,,,,,,,,,,,0.0115,0.9885,,,,,,,0.925,0.075,,,,,,,,,,,,,,,0.065,0.935,,,,,,,,,,,,,,,,,,,,,,,,,,,,,,,,,,,,,,,,,,,,,,,,,0.94,0.06,,,,,,,,,,,,,0.05,0.95,,,,,,,,,,,,,,,,,,,,,,,,,,,0.012,0.988,,,,,,,,,,,,,,,,,,,,,,,,,,,,,,,,,,,,,,,,,,,,,,,,,,,,,,,,,,,,,,,,,,,,,,,,,,,,,,,,,,,,,,,,,,,,,,,,,,,,,,,,,,,,,,,,,,,,,,,,,,,,,,,,,,,,,,,,,,,,,,,,
2024-07-31 00:00:00+00:00,,,,,,,,,,,0.135,0.865,,,,,,,,,0.852,0.148,0.0395,0.9605,,,0.0025,0.9975,,,,,,,,,,,0.125,0.875,,,,,,,0.38,0.62,,,,,,,0.0675,0.9325,0.0325,0.9675,0.745,0.255,,,0.34,0.66,,,,,,,,,,,,,0.9935,0.0065,,,,,0.947,0.053,,,0.06,0.94,0.923,0.077,0.044,0.956,0.065,0.935,0.13,0.87,,,,,,,,,,,,,,,,,,,,,,,,,,,,,,,,,,,,,,,,,,,,,,,,,,,,,,,,,,,,,,,,,,,,,,,,,,,,,,,,,,,,,,,,,,,,,,,,,,,,,,,,,0.0115,0.9885,,,,,,,0.925,0.075,,,,,,,,,,,,,,,0.065,0.935,,,,,,,,,,,,,,,,,,,,,,,,,,,,,,,,,,,,,,,,,,,,,,,,,0.94,0.06,,,,,,,,,,,,,0.05,0.95,,,,,,,,,,,,,,,,,,,,,,,,,,,0.012,0.988,,,,,,,,,,,,,,,,,,,,,,,,,,,,,,,,,,,,,,,,,,,,,,,,,,,,,,,,,,,,,,,,,,,,,,,,,,,,,,,,,,,,,,,,,,,,,,,,,,,,,,,,,,,,,,,,,,,,,,,,,,,,,,,,,,,,,,,,,,,,,,,,
2024-08-01 00:00:00+00:00,,,,,,,,,,,0.145,0.855,,,,,,,,,0.8635,0.1365,0.033,0.967,,,0.006,0.994,,,,,,,,,,,0.085,0.915,,,,,,,0.35,0.65,,,,,,,0.066,0.934,0.0345,0.9655,0.765,0.235,,,0.345,0.655,,,,,,,,,,,,,0.999,0.001,,,,,0.949,0.051,,,0.065,0.935,0.924,0.076,0.001,0.999,0.065,0.935,0.13,0.87,,,,,,,,,,,,,,,,,,,,,,,,,,,,,,,,,,,,,,,,,,,,,,,,,,,,,,,,,,,,,,,,,,,,,,,,,,,,,,,,,,,,,,,,,,,,,,,,,,,,,,,,,0.0125,0.9875,,,,,,,0.925,0.075,,,,,,,,,,,,,,,0.065,0.935,,,,,,,,,,,,,,,,,,,,,,,,,,,,,,,,,,,,,,,,,,,,,,,,,0.94,0.06,,,,,,,,,,,,,0.05,0.95,,,,,,,,,,,,,,,,,,,,,,,,,,,0.013,0.987,,,,,,,,,,,,,,,,,,,,,,,,,,,,,,,,,,,,,,,,,,,,,,,,,,,,,,,,,,,,,,,,,,,,,,,,,,,,,,,,,,,,,,,,,,,,,,,,,,,,,,,,,,,,,,,,,,,,,,,,,,,,,,,,,,,,,,,,,,,,,,,,
2024-08-02 00:00:00+00:00,,,,,,,,,,,0.07,0.93,,,,,,,,,0.8865,0.1135,0.043,0.957,,,0.004,0.996,,,,,,,,,,,0.175,0.825,,,,,,,0.45,0.55,,,,,,,0.1365,0.8635,0.039,0.961,0.755,0.245,,,0.215,0.785,,,,,,,,,,,,,,,,,,,0.952,0.048,,,0.0375,0.9625,0.9305,0.0695,,,0.065,0.935,0.09,0.91,,,,,,,,,,,,,,,,,,,,,,,,,,,,,,,,,,,,,,,,,,,,,,,,,,,,,,,,,,,,,,,,,,,,,,,,,,,,,,,,,,,,,,,,,,,,,,,,,,,,,,,,,0.012,0.988,,,,,,,0.935,0.065,,,,,,,,,,,,,,,0.065,0.935,,,,,,,,,,,,,,,,,,,,,,,,,,,,,,,,,,,,,,,,,,,,,,,,,0.94,0.06,,,,,,,,,,,,,0.05,0.95,,,,,,,,,,,,,,,,,,,,,,,,,,,0.0115,0.9885,,,,,,,,,,,,,,,,,,,,,,,,,,,,,,,,,,,,,,,,,,,,,,,,,,,,,,,,,,,,,,,,,,,,,,,,,,,,,,,,,,,,,,,,,,,,,,,,,,,,,,,,,,,,,,,,,,,,,,,,,,,,,,,,,,,,,,,,,,,,,,,,
2024-08-03 00:00:00+00:00,0.025,0.975,,,,,,,,,0.026,0.974,,,,,,,,,0.9465,0.0535,0.1585,0.8415,,,0.002,0.998,,,,,0.125,0.875,,,,,0.545,0.455,,,,,0.27,0.73,0.195,0.805,0.215,0.785,,,,,0.2455,0.7545,0.2435,0.7565,0.45,0.55,0.315,0.685,0.12,0.88,,,,,,,,,,,,,,,,,,,0.9655,0.0345,,,0.0235,0.9765,0.958,0.042,,,0.045,0.955,0.0325,0.9675,,,,,,,,,,,,,,,,,,,,,,,,,,,0.225,0.775,,,,,,,,,,,,,,,,,,,,,,,,,,,,,,,,,,,,,,,,,,,,,,,,,,,,,,,,,,,,,,,,,,,,,,,,,,,,,0.012,0.988,,,,,,,0.935,0.065,,,,,,,,,,,,,,,0.055,0.945,,,,,,,,,,,,,,,,,,,,,,,,,,,,,,,,,,,,,,,,,,,,,,,,,0.94,0.06,,,,,,,0.325,0.675,,,,,0.05,0.95,,,,,,,,,,,,,,,,,,,,,,,,,,,0.0115,0.9885,0.29,0.71,,,,,,,0.3,0.7,,,,,,,,,,,,,,,,,,,,,,,,,,,,,,,,,,,,,,,,,,,,,0.09,0.91,,,,,,,,,,,,,,,,,,,,,,,,,,,,,,,,,,,0.25,0.75,,,,,,,,,,,,,,,,,,,,,,,,,,,,,,,,,,,,,,,0.12,0.88,,,,,,,,,,,,
2024-08-04 00:00:00+00:00,0.0225,0.9775,,,,,,,,,0.0405,0.9595,,,,,,,,,0.9365,0.0635,0.101,0.899,,,0.002,0.998,,,,,0.125,0.875,,,,,0.445,0.555,,,,,0.265,0.735,0.275,0.725,0.215,0.785,,,,,0.236,0.764,0.1825,0.8175,0.505,0.495,0.37,0.63,0.135,0.865,,,,,,,,,,,,,,,,,,,0.964,0.036,,,0.0265,0.9735,0.9565,0.0435,,,0.055,0.945,0.034,0.966,,,,,,,,,,,,,,,,,,,,,,,,,,,0.225,0.775,,,,,,,,,,,,,,,,,,,,,,,,,,,,,,,,,,,,,,,,,,,,,,,,,,,,,,,,,,,,,,,,,,,,,,,,,,,,,0.013,0.987,,,,,,,0.935,0.065,,,,,,,,,,,,,,,0.055,0.945,,,,,,,,,,,,,,,,,,,,,,,,,,,,,,,,,,,,,,,,,,,,,,,,,0.945,0.055,,,,,,,0.095,0.905,,,,,0.045,0.955,,,,,,,,,,,,,,,,,,,,,,,,,,,0.0125,0.9875,0.245,0.755,,,,,,,0.28,0.72,,,,,,,,,,,,,,,,,,,,,,,,,,,,,,,,,,,,,,,,,,,,,0.11,0.89,,,,,,,,,,,,,,,,,,,,,,,,,,,,,,,,,,,0.225,0.775,,,,,,,,,,,,,,,,,,,,,,,,,,,,,,,,,,,,,,,0.125,0.875,,,,,,,,,,,,
2024-08-05 00:00:00+00:00,0.0225,0.9775,,,,,,,,,0.0465,0.9535,,,,,,,,,0.9425,0.0575,0.127,0.873,,,0.0015,0.9985,,,,,0.125,0.875,,,,,0.52,0.48,,,,,0.275,0.725,0.245,0.755,0.2,0.8,,,,,0.237,0.763,0.2215,0.7785,0.435,0.565,0.355,0.645,0.125,0.875,,,,,,,,,,,,,,,,,,,0.9645,0.0355,,,0.0275,0.9725,0.9515,0.0485,,,0.05,0.95,0.0425,0.9575,,,,,,,,,,,,,,,,,,,,,,,,,,,0.245,0.755,,,,,,,,,,,,,,,,,,,,,,,,,,,,,,,,,,,,,,,,,,,,,,,,,,,,,,,,,,,,,,,,,,,,,,,,,,,,,0.0155,0.9845,,,,,,,0.935,0.065,,,,,,,,,,,,,,,0.055,0.945,,,,,,,,,,,,,,,,,,,,,,,,,,,,,,,,,,,,,,,,,,,,,,,,,0.945,0.055,,,,,,,0.105,0.895,,,,,0.045,0.955,,,,,,,,,,,,,,,,,,,,,,,,,,,0.014,0.986,0.24,0.76,,,,,,,0.28,0.72,,,,,,,,,,,,,,,,,,,,,,,,,,,,,,,,,,,,,,,,,,,,,0.085,0.915,,,,,,,,,,,,,,,,,,,,,,,,,,,,,,,,,,,0.22,0.78,,,,,,,,,,,,,,,,,,,,,,,,,,,,,,,,,,,,,,,0.125,0.875,,,,,,,,,,,,
2024-08-06 00:00:00+00:00,0.011,0.989,,,,,,,,,0.049,0.951,,,,,,,,,0.952,0.048,0.137,0.863,,,0.003,0.997,,,,,0.11,0.89,,,,,0.59,0.41,,,,,0.325,0.675,0.185,0.815,0.17,0.83,,,,,0.242,0.758,0.261,0.739,0.375,0.625,0.345,0.655,0.085,0.915,,,,,,,,,,,,,,,,,,,0.9725,0.0275,,,0.0325,0.9675,0.9545,0.0455,,,0.055,0.945,0.0285,0.9715,,,,,,,,,,,,,,,,,,,,,0.235,0.765,,,,,0.27,0.73,,,,,,,,,,,,,,,,,,,,,,,,,0.095,0.905,,,,,0.175,0.825,,,,,,,,,,,,,,,0.125,0.875,,,,,,,,,,,,,,,,,,,,,,,,,,,,,0.003,0.997,,,,,,,0.935,0.065,,,,,,,,,,,,,,,0.055,0.945,0.115,0.885,,,,,,,,,,,,,,,,,,,,,,,,,,,,,,,,,,,,,,,,,,,,,,,0.935,0.065,,,,,,,0.225,0.775,,,,,0.05,0.95,,,,,,,,,,,,,,,,,,,,,,,,,,,0.011,0.989,0.225,0.775,,,,,,,0.265,0.735,,,,,,,,,,,,,,,,,,,,,,,,,,,,,,,,,,,,,,,,,,,,,0.0525,0.9475,,,,,,,,,,,,,,,,,,,,,,,,,,,,,,,,,,,0.185,0.815,,,,,,,,,,,,,,,,,,,,,,,,,,,,,,,,,,,,,,,0.1,0.9,,,,,,,,,,,,
2024-08-07 00:00:00+00:00,0.0125,0.9875,,,,,,,,,0.0455,0.9545,,,,,,,,,0.953,0.047,0.106,0.894,,,0.006,0.994,,,,,0.105,0.895,0.12,0.88,,,0.515,0.485,0.0445,0.9555,0.315,0.685,0.275,0.725,0.26,0.74,0.13,0.87,0.54,0.46,0.17,0.83,0.254,0.746,0.1825,0.8175,0.455,0.545,0.38,0.62,0.085,0.915,,,,,,,,,,,,,,,,,,,0.9735,0.0265,,,0.023,0.977,0.9665,0.0335,,,0.045,0.955,0.0285,0.9715,,,,,,,,,,,,,,,,,,,,,0.165,0.835,,,,,0.155,0.845,,,,,,,,,,,,,,,,,,,,,,,,,0.055,0.945,,,,,0.034,0.966,,,,,,,,,,,,,,,0.12,0.88,,,,,,,,,,,,,,,,,,,,,,,,,,,,,0.003,0.997,,,,,,,0.945,0.055,,,,,,,,,,,,,,,0.055,0.945,0.06,0.94,,,,,,,,,,,,,,,,,,,,,,,,,,,,,,,,,,,,,,,,,,,,,,,0.945,0.055,,,,,,,0.165,0.835,,,,,0.05,0.95,,,,,,,,,,,,,,,,,,,,,,,,,,,0.011,0.989,0.295,0.705,,,,,,,0.26,0.74,,,,,,,,,,,,,,,,,,,,,,,,,,,,,,,,,,,,,,,,,,,,,0.0495,0.9505,,,,,,,,,,,,,,,,,,,,,,,,,,,,,,,,,,,0.145,0.855,,,,,,,,,,,,,,,,,,,,,,,,,,,,,,,,,,,,,,,0.09,0.91,,,,,,,,,,,,
2024-08-08 00:00:00+00:00,0.014,0.986,,,,,,,,,0.0415,0.9585,,,,,,,,,0.9465,0.0535,0.105,0.895,,,0.005,0.995,,,,,0.095,0.905,0.07,0.93,,,0.54,0.46,0.0525,0.9475,0.33,0.67,0.31,0.69,0.235,0.765,0.15,0.85,0.57,0.43,0.165,0.835,0.29,0.71,0.1905,0.8095,0.43,0.57,0.4,0.6,0.135,0.865,,,,,,,,,,,,,,,,,,,0.9765,0.0235,,,0.026,0.974,0.9645,0.0355,,,0.04,0.96,0.034,0.966,,,,,,,,,,,,,,,,,,,,,0.135,0.865,,,,,0.17,0.83,,,,,,,,,,,,,,,,,,,,,,,,,0.045,0.955,,,,,0.0395,0.9605,,,,,,,,,,,,,,,0.12,0.88,,,,,,,,,,,,,,,,,,,,,,,,,,,,,0.0035,0.9965,,,,,,,0.955,0.045,,,,,,,,,,,,,,,0.045,0.955,0.045,0.955,,,,,,,,,,,,,,,,,,,,,,,,,,,,,,,,,,,,,,,,,,,,,,,0.95,0.05,,,,,,,0.165,0.835,,,,,0.05,0.95,,,,,,,,,,,,,,,,,,,,,,,,,,,0.011,0.989,0.275,0.725,,,,,,,0.255,0.745,,,,,,,,,,,,,,,,,,,,,,,,,,,,,,,,,,,,,,,,,,,,,0.0405,0.9595,,,,,,,,,,,,,,,,,,,,,,,,,,,,,,,,,,,0.14,0.86,,,,,,,,,,,,,,,,,,,,,,,,,,,,,,,,,,,,,,,0.095,0.905,,,,,,,,,,,,
2024-08-09 00:00:00+00:00,0.0135,0.9865,,,,,,,,,0.051,0.949,,,,,,,,,0.9505,0.0495,0.0905,0.9095,,,0.0055,0.9945,,,,,0.095,0.905,0.07,0.93,,,0.465,0.535,0.052,0.948,0.335,0.665,0.31,0.69,0.28,0.72,0.16,0.84,0.565,0.435,0.175,0.825,0.28,0.72,0.1665,0.8335,0.49,0.51,0.415,0.585,0.125,0.875,,,,,,,,,,,,,,,,,,,0.9745,0.0255,,,0.027,0.973,0.967,0.033,,,0.045,0.955,0.031,0.969,,,,,,,,,,,,,,,,,,,,,0.165,0.835,,,,,0.165,0.835,,,,,,,,,,,,,,,,,,,,,,,,,0.045,0.955,,,,,0.034,0.966,,,,,,,,,,,,,,,0.13,0.87,,,,,,,,,,,,,,,,,,,,,,,,,,,,,0.0025,0.9975,,,,,,,0.955,0.045,,,,,,,,,,,,,,,0.04,0.96,0.0355,0.9645,,,,,,,,,,,,,,,,,,,,,,,,,,,,,,,,,,,,,,,,,,,,,,,0.95,0.05,,,,,,,0.31,0.69,,,,,0.05,0.95,,,,,,,,,,,,,,,,,,,,,,,,,,,0.0105,0.9895,0.255,0.745,,,,,,,0.425,0.575,,,,,,,,,,,,,,,,,,,,,,,,,,,,,,,,,,,,,,,,,,,,,0.0355,0.9645,,,,,,,,,,,,,,,,,,,,,,,,,,,,,,,,,,,0.13,0.87,,,,,,,,,,,,,,,,,,,,,,,,,,,,,,,,,,,,,,,0.09,0.91,,,,,,,,,,,,
2024-08-10 00:00:00+00:00,0.008,0.992,,,,,,,,,0.052,0.948,,,,,,,,,0.9535,0.0465,0.085,0.915,,,0.006,0.994,,,,,0.09,0.91,0.07,0.93,,,0.315,0.685,0.0515,0.9485,0.09,0.91,0.31,0.69,0.32,0.68,0.15,0.85,0.605,0.395,0.175,0.825,0.2675,0.7325,0.1675,0.8325,0.64,0.36,0.48,0.52,0.125,0.875,,,,,,,,,,,,,,,,,,,0.9755,0.0245,,,0.025,0.975,0.9715,0.0285,,,0.045,0.955,0.0335,0.9665,,,,,,,,,,,,,,,,,,,,,0.145,0.855,,,,,0.15,0.85,,,,,,,,,,,,,,,,,,,,,,,,,0.045,0.955,,,,,0.026,0.974,,,,,,,,,,,,,,,0.13,0.87,,,,,,,,,,,,,,,,,,,,,,,,,,,,,0.0035,0.9965,,,,,,,0.96,0.04,,,,,,,,,,,,,,,0.0385,0.9615,0.04,0.96,,,,,,,,,,,,,,,,,,,,,,,,,,,,,,,,,,,,,,,,,,,,,,,0.95,0.05,,,,,,,0.18,0.82,,,,,0.05,0.95,,,,,,,,,,,,,,,,,,,,,,,,,,,0.01,0.99,0.245,0.755,,,,,,,0.56,0.44,,,,,,,,,,,,,,,,,,,,,,,,,,,,,,,,,,,,,,,,,,,,,0.035,0.965,,,,,,,,,,,,,,,,,,,,,,,,,,,,,,,,,,,0.13,0.87,,,,,,,,,,,,,,,,,,,,,,,,,,,,,,,,,,,,,,,0.09,0.91,,,,,,,,,,,,
2024-08-11 00:00:00+00:00,0.006,0.994,,,,,,,,,0.054,0.946,,,,,,,,,0.9605,0.0395,0.083,0.917,,,0.0035,0.9965,,,,,0.085,0.915,0.07,0.93,,,0.345,0.655,0.0515,0.9485,0.115,0.885,0.305,0.695,0.325,0.675,0.15,0.85,0.61,0.39,0.175,0.825,0.265,0.735,0.163,0.837,0.615,0.385,0.47,0.53,0.13,0.87,,,,,,,,,,,,,,,,,,,0.975,0.025,,,0.025,0.975,0.973,0.027,,,0.035,0.965,0.035,0.965,,,,,,,,,,,,,,,,,,,,,0.135,0.865,,,,,0.15,0.85,,,,,,,,,,,,,,,,,,,,,,,,,0.045,0.955,,,,,0.0205,0.9795,,,,,,,,,,,,,,,0.125,0.875,,,,,,,,,,,,,,,,,,,,,,,,,,,,,0.005,0.995,,,,,,,0.9605,0.0395,,,,,,,,,,,,,,,0.0395,0.9605,0.0415,0.9585,,,,,,,,,,,,,,,,,,,,,,,,,,,,,,,,,,,,,,,,,,,,,,,0.95,0.05,,,,,,,0.14,0.86,,,,,0.05,0.95,,,,,,,,,,,,,,,,,,,,,,,,,,,0.01,0.99,0.225,0.775,,,,,,,0.395,0.605,,,,,,,,,,,,,,,,,,,,,,,,,,,,,,,,,,,,,,,,,,,,,0.034,0.966,,,,,,,,,,,,,,,,,,,,,,,,,,,,,,,,,,,0.115,0.885,,,,,,,,,,,,,,,,,,,,,,,,,,,,,,,,,,,,,,,0.05,0.95,,,,,,,,,,,,
2024-08-12 00:00:00+00:00,0.0065,0.9935,,,,,,,,,0.068,0.932,,,,,,,,,0.9475,0.0525,0.082,0.918,,,0.0025,0.9975,,,,,0.085,0.915,0.07,0.93,,,0.295,0.705,0.0465,0.9535,0.115,0.885,0.295,0.705,0.335,0.665,0.165,0.835,0.65,0.35,0.17,0.83,0.2435,0.7565,0.1445,0.8555,0.63,0.37,0.46,0.54,0.145,0.855,,,,,,,,,,,,,,,,,,,0.977,0.023,,,0.0245,0.9755,0.9725,0.0275,,,0.033,0.967,0.039,0.961,,,,,,,,,,,,,,,,,,,,,0.135,0.865,,,,,0.145,0.855,,,,,,,,,,,,,,,,,,,,,,,,,0.045,0.955,,,,,0.023,0.977,,,,,,,,,,,,,,,0.11,0.89,,,,,,,,,,,,,,,,,,,,,,,,,,,,,0.0065,0.9935,,,,,,,0.959,0.041,,,,,,,,,,,,,,,0.0345,0.9655,0.032,0.968,,,,,,,,,,,,,,,,,,,,,,,,,,,,,,,,,,,,,,,,,,,,,,,0.95,0.05,,,,,,,0.19,0.81,,,,,0.05,0.95,,,,,,,,,,,,,,,,,,,,,,,,,,,0.0115,0.9885,0.21,0.79,,,,,,,0.245,0.755,,,,,,,,,,,,,,,,,,,,,,,,,,,,,,,,,,,,,,,,,,,,,0.0475,0.9525,,,,,,,,,,,,,,,,,,,,,,,,,,,,,,,,,,,0.135,0.865,,,,,,,,,,,,,,,,,,,,,,,,,,,,,,,,,,,,,,,0.08,0.92,,,,,,,,,,,,
2024-08-13 00:00:00+00:00,0.0065,0.9935,,,,,,,,,0.0545,0.9455,,,,,,,,,0.946,0.054,0.071,0.929,,,0.0015,0.9985,,,,,0.085,0.915,0.07,0.93,,,0.33,0.67,0.047,0.953,0.11,0.89,0.265,0.735,0.345,0.655,0.2,0.8,0.65,0.35,0.17,0.83,0.2095,0.7905,0.1255,0.8745,0.63,0.37,0.43,0.57,0.185,0.815,,,,,,,,,,,,,,,,,,,0.981,0.019,,,0.019,0.981,0.977,0.023,,,0.0325,0.9675,0.0355,0.9645,,,,,,,,,,,,,,,,,,,,,0.13,0.87,,,,,0.145,0.855,,,,,,,,,,,,,,,,,,,,,,,,,0.045,0.955,,,,,0.0255,0.9745,,,,,,,,,,,,,,,0.11,0.89,,,,,,,,,,,,,,,,,,,,,,,,,,,,,0.0055,0.9945,,,,,,,0.96,0.04,,,,,,,,,,,,,,,0.0335,0.9665,0.0345,0.9655,,,,,,,,,,,,,,,,,,,,,,,,,,,,,,,,,,,,,,,,,,,,,,,0.95,0.05,,,,,,,0.11,0.89,,,,,0.04,0.96,,,,,,,,,,,,,,,,,,,,,,,,,,,0.01,0.99,0.215,0.785,,,,,,,0.255,0.745,,,,,,,,,,,,,,,,,,,,,,,,,,,,,,,,,,,,,,,,,,,,,0.0475,0.9525,,,,,,,,,,,,,,,,,,,,,,,,,,,,,,,,,,,0.155,0.845,,,,,,,,,,,,,,,,,,,,,,,,,,,,,,,,,,,,,,,0.095,0.905,,,,,,,,,,,,
2024-08-14 00:00:00+00:00,0.0065,0.9935,,,,,,,,,0.053,0.947,,,,,,,,,0.939,0.061,0.0765,0.9235,,,0.0025,0.9975,,,,,0.085,0.915,0.065,0.935,,,0.325,0.675,0.046,0.954,0.105,0.895,0.27,0.73,0.35,0.65,0.19,0.81,0.64,0.36,0.165,0.835,0.1945,0.8055,0.125,0.875,0.63,0.37,0.455,0.545,0.185,0.815,,,,,,,,,,,,,,,,,,,0.974,0.026,,,0.021,0.979,0.9745,0.0255,,,0.0305,0.9695,0.0345,0.9655,,,,,,,,,,,,,,,,,,,,,0.13,0.87,,,,,0.14,0.86,,,,,,,,,,,,,,,,,,,,,,,,,0.045,0.955,,,,,0.0275,0.9725,,,,,,,,,,,,,,,0.1,0.9,,,,,,,,,,,,,,,,,,,,,,,,,,,,,0.0055,0.9945,,,,,,,0.963,0.037,,,,,,,,,,,,,,,0.0375,0.9625,0.0315,0.9685,,,,,,,,,,,,,,,,,,,,,,,,,,,,,,,,,,,,,,,,,,,,,,,0.95,0.05,,,,,,,0.17,0.83,,,,,0.04,0.96,,,,,,,,,,,,,,,,,,,,,,,,,,,0.01,0.99,0.225,0.775,,,,,,,0.245,0.755,,,,,,,,,,,,,,,,,,,,,,,,,,,,,,,,,,,,,,,,,,,,,0.048,0.952,,,,,,,,,,,,,,,,,,,,,,,,,,,,,,,,,,,0.15,0.85,,,,,,,,,,,,,,,,,,,,,,,,,,,,,,,,,,,,,,,0.095,0.905,,,,,,,,,,,,
2024-08-15 00:00:00+00:00,0.006,0.994,,,,,,,,,0.0515,0.9485,,,,,,,,,0.9485,0.0515,0.0675,0.9325,,,0.0015,0.9985,,,,,0.05,0.95,0.065,0.935,,,0.215,0.785,0.046,0.954,0.105,0.895,0.235,0.765,0.365,0.635,0.185,0.815,0.64,0.36,0.16,0.84,0.1945,0.8055,0.1095,0.8905,0.725,0.275,0.475,0.525,0.195,0.805,,,,,,,,,,,,,,,,,,,0.9825,0.0175,,,0.0265,0.9735,0.9785,0.0215,,,0.0305,0.9695,0.0375,0.9625,,,,,,,,,,,,,,,,,,,,,0.125,0.875,,,,,0.145,0.855,,,,,,,,,,,,,,,,,,,,,,,,,0.024,0.976,,,,,0.0175,0.9825,,,,,,,,,,,,,,,0.1,0.9,,,,,,,,,,,,,,,,,,,,,,,,,,,,,0.0105,0.9895,,,,,,,0.962,0.038,,,,,,,,,,,,,,,0.034,0.966,0.018,0.982,,,,,,,,,,,,,,,,,,,,,,,,,,,,,,,,,,,,,,,,,,,,,,,0.95,0.05,,,0.7,0.3,,,0.17,0.83,,,,,0.04,0.96,,,,,,,,,,,,,,,,,,,,,,,,,,,0.01,0.99,0.22,0.78,,,,,,,0.26,0.74,,,,,,,,,,,,,,,,,,,,,,,,,,,,,,,,,,,,,,,,,,,,,0.0495,0.9505,,,,,,,,,,,,,,,,,,,,,,,,,,,,,,,,,,,0.145,0.855,,,,,,,,,,,,,,,,,,,,,,,,,,,,,,,,,,,,,,,0.09,0.91,,,,,,,,,,,,
2024-08-16 00:00:00+00:00,0.009,0.991,,,,,,,,,0.0645,0.9355,,,,,,,,,0.9375,0.0625,0.06,0.94,,,0.0025,0.9975,,,,,0.045,0.955,0.065,0.935,,,0.125,0.875,0.037,0.963,0.155,0.845,0.24,0.76,0.385,0.615,0.205,0.795,0.57,0.43,0.17,0.83,0.1645,0.8355,0.0735,0.9265,0.815,0.185,0.485,0.515,0.255,0.745,,,,,,,,,,,,,,,,,,,0.9835,0.0165,,,0.0255,0.9745,0.983,0.017,,,0.0335,0.9665,0.0505,0.9495,,,,,,,,,,,,,,,,,,,,,0.1,0.9,,,,,0.14,0.86,,,,,,,,,,,,,,,,,,,,,,,,,0.024,0.976,,,,,0.01,0.99,,,,,,,,,,,,,,,0.085,0.915,,,,,,,,,,,,,,,,,,,,,,,,,,,,,0.009,0.991,,,,,,,0.9625,0.0375,,,,,,,,,,,,,,,0.0335,0.9665,0.0175,0.9825,,,,,,,,,,,,,,,,,,,,,,,,,,,,,,,0.695,0.305,,,,,,,,,,,,,,,0.95,0.05,,,0.675,0.325,,,0.17,0.83,,,,,0.04,0.96,,,,,,,,,,,,,,,,,,,,,,,,,,,0.01,0.99,0.225,0.775,,,,,,,0.275,0.725,,,,,,,,,,,,,,,,,,,,,,,,,,,,,,,,,,,,,,,,,,,,,0.049,0.951,,,,,,,,,,,,,,,,,,,,,,,,,,,,,,,,,,,0.145,0.855,,,,,,,,,,,,,,,,,,,,,,,,,,,,,,,,,,,,,,,0.095,0.905,,,,,,,,,,,,
2024-08-17 00:00:00+00:00,0.009,0.991,,,,,,,,,0.059,0.941,,,,,,,,,0.9415,0.0585,0.062,0.938,,,0.002,0.998,,,,,0.045,0.955,0.06,0.94,,,0.145,0.855,0.0365,0.9635,0.155,0.845,0.24,0.76,0.39,0.61,0.215,0.785,0.57,0.43,0.17,0.83,0.1445,0.8555,0.0825,0.9175,0.805,0.195,0.515,0.485,0.27,0.73,,,,,,,,,,,,,,,,,,,0.984,0.016,,,0.0235,0.9765,0.985,0.015,,,0.034,0.966,0.046,0.954,,,,,,,,,,,,,,,,,,,,,0.105,0.895,,,,,0.14,0.86,,,,,,,,,,,,,,,,,,,,,,,,,0.025,0.975,,,,,0.009,0.991,,,,,,,,,,,,,,,0.095,0.905,,,,,,,,,,,,,,,,,0.925,0.075,,,,,,,,,,,0.0075,0.9925,0.27,0.73,,,,,0.963,0.037,,,,,,,,,,,,,,,0.0325,0.9675,0.0145,0.9855,,,,,,,,,,,,,,,,,,,,,,,,,,,,,,,,,,,,,,,,,,,,,,,0.95,0.05,,,0.685,0.315,,,0.15,0.85,,,,,0.04,0.96,,,,,,,,,,,,,,,,,,,,,,,,,,,0.01,0.99,0.225,0.775,,,,,,,0.255,0.745,,,,,,,,,,,,,,,,,,,,,,,,,,,,,,,,,,,,,,,,,,,,,0.0445,0.9555,,,,,,,,,,,,,,,,,,,,,,,,,,,,,,,,,,,0.145,0.855,,,,,,,,,,,,,,,,,,,,,,,,,,,,,,,,,,,,,,,0.085,0.915,,,,,,,,,,,,
2024-08-18 00:00:00+00:00,0.0075,0.9925,,,,,,,,,0.0565,0.9435,,,,,,,,,0.9365,0.0635,0.056,0.944,,,0.002,0.998,,,,,0.0355,0.9645,0.06,0.94,,,0.14,0.86,0.036,0.964,0.155,0.845,0.23,0.77,0.385,0.615,0.225,0.775,0.57,0.43,0.17,0.83,0.145,0.855,0.0835,0.9165,0.815,0.185,0.525,0.475,0.275,0.725,,,,,,,,,,,,,,,,,,,0.9825,0.0175,,,0.0235,0.9765,0.979,0.021,,,0.034,0.966,0.0505,0.9495,,,,,,,,,,,,,,,,,,,,,0.085,0.915,,,,,0.135,0.865,,,,,,,,,,,,,,,,,,,,,,,,,0.025,0.975,,,,,0.0085,0.9915,,,,,,,,,,,,,,,0.085,0.915,,,,,,,,,,,,,,,,,0.925,0.075,,,,,,,,,,,0.007,0.993,0.155,0.845,,,,,0.9635,0.0365,,,,,,,,,,,,,,,0.0325,0.9675,0.0145,0.9855,,,,,,,,,,,,,,,,,,,,,,,,,,,,,,,,,,,,,,,,,,,,,,,0.95,0.05,,,0.685,0.315,,,0.16,0.84,,,,,0.04,0.96,,,,,,,,,,,,,,,,,,,,,,,,,,,0.009,0.991,0.22,0.78,,,,,,,0.265,0.735,,,,,,,,,,,,,,,,,,,,,,,,,,,,,,,,,,,,,,,,,,,,,0.045,0.955,,,,,,,,,,,,,,,,,,,,,,,,,,,,,,,,,,,0.15,0.85,,,,,,,,,,,,,,,,,,,,,,,,,,,,,,,,,,,,,,,0.085,0.915,,,,,,,,,,,,
2024-08-19 00:00:00+00:00,0.0075,0.9925,,,,,,,,,0.065,0.935,,,,,,,,,0.933,0.067,0.0595,0.9405,,,0.0015,0.9985,,,,,0.0375,0.9625,0.06,0.94,,,0.145,0.855,0.035,0.965,0.155,0.845,0.225,0.775,0.345,0.655,0.215,0.785,0.57,0.43,0.175,0.825,0.1465,0.8535,0.0815,0.9185,0.795,0.205,0.525,0.475,0.285,0.715,,,,,,,,,,,,,,,,,,,0.975,0.025,,,0.0375,0.9625,0.9745,0.0255,,,0.0335,0.9665,0.055,0.945,,,,,,,,,,,,,,,,,,,,,0.085,0.915,,,,,0.135,0.865,,,,,,,,,,,,,,,,,,,,,,,,,0.025,0.975,,,,,0.012,0.988,,,,,,,,,,,,,,,0.085,0.915,,,,,,,,,,,,,,,,,0.9625,0.0375,,,,,,,,,,,0.0075,0.9925,0.14,0.86,,,,,0.964,0.036,,,,,,,,,,,,,,,0.0325,0.9675,0.015,0.985,,,,,,,,,,,,,,,,,,,,,,,,,,,,,,,,,,,,,,,,,,,,,,,0.95,0.05,,,0.645,0.355,,,0.15,0.85,,,,,0.04,0.96,,,,,,,,,,,,,,,,,,,,,,,,,,,0.009,0.991,0.225,0.775,,,,,,,0.265,0.735,,,,,,,,,,,,,,,,,,,,,,,,,,,,,,,,,,,,,,,,,,,,,0.045,0.955,,,,,,,,,,,,,,,,,,,,,,,,,,,,,,,,,,,0.15,0.85,,,,,,,,,,,,,,,,,,,,,,,,,,,,,,,,,,,,,,,0.085,0.915,,,,,,,,,,,,
2024-08-20 00:00:00+00:00,0.0075,0.9925,,,,,,,,,0.0605,0.9395,,,,,,,,,0.9425,0.0575,0.063,0.937,,,0.0015,0.9985,,,,,0.0305,0.9695,0.06,0.94,,,0.15,0.85,0.0335,0.9665,0.16,0.84,0.23,0.77,0.355,0.645,0.215,0.785,0.57,0.43,0.175,0.825,0.151,0.849,0.0795,0.9205,0.8,0.2,0.525,0.475,0.275,0.725,,,,,,,,,,,,,,,,,,,0.973,0.027,,,0.036,0.964,0.973,0.027,,,0.034,0.966,0.068,0.932,,,,,,,,,,,,,,,,,,,,,0.09,0.91,,,,,0.13,0.87,,,,,,,,,,,,,,,,,,,,,,,,,0.025,0.975,,,,,0.011,0.989,,,,,,,,,,,,,,,0.085,0.915,,,,,,,,,,,,,,,,,0.9675,0.0325,,,,,,,0.76,0.24,,,0.006,0.994,0.155,0.845,,,,,0.966,0.034,,,,,,,,,,,,,,,0.033,0.967,0.015,0.985,,,,,,,,,,,,,,,,,,,,,,,,,,,,,,,,,,,,,,,,,,,,,,,0.955,0.045,,,0.635,0.365,,,0.15,0.85,,,,,0.045,0.955,,,,,,,,,,,,,,,,,,,,,,,,,,,0.009,0.991,0.23,0.77,,,,,,,0.28,0.72,,,,,,,,,,,,,,,,,,,,,,,,,,,,,,,,,,,,,,,,,,,,,0.045,0.955,,,,,,,,,,,,,,,,,,,,,,,,,,,,,,,,,,,0.15,0.85,,,,,,,,,,,,,,,,,,,,,,,,,,,,,,,,,,,,,,,0.09,0.91,,,,,,,,,,,,
2024-08-21 00:00:00+00:00,0.0075,0.9925,,,,,,,,,0.0605,0.9395,,,,,,,,,0.933,0.067,0.068,0.932,,,0.0015,0.9985,,,,,0.0315,0.9685,0.055,0.945,,,0.165,0.835,0.034,0.966,0.16,0.84,0.23,0.77,0.355,0.645,0.21,0.79,0.56,0.44,0.175,0.825,0.1575,0.8425,0.086,0.914,0.78,0.22,0.505,0.495,0.245,0.755,,,,,,,,,,,,,,,,,,,0.976,0.024,,,0.035,0.965,0.9575,0.0425,,,0.037,0.963,0.065,0.935,,,,,,,,,,,,,,,,,,,,,0.09,0.91,,,,,0.13,0.87,,,,,,,,,,,,,,,,,,,,,,,,,0.026,0.974,,,,,0.0075,0.9925,,,,,,,,,,,,,,,0.085,0.915,,,,,,,,,,,,,,,,,0.9695,0.0305,,,,,,,,,,,0.0035,0.9965,0.135,0.865,,,,,0.9715,0.0285,,,,,,,,,,,,,,,0.0265,0.9735,0.0135,0.9865,,,,,,,,,,,,,,,,,,,,,,,,,,,,,,,,,,,,,,,,,,,,,,,0.955,0.045,,,0.64,0.36,,,0.16,0.84,,,,,0.045,0.955,,,,,,,,,,,,,,,,,,,,,,,,,,,0.009,0.991,0.23,0.77,,,,,,,0.28,0.72,,,,,,,,,,,,,,,,,,,,,,,,,,,,,,,,,,,,,,,,,,,,,0.045,0.955,,,,,,,,,,,,,,,,,,,,,,,,,,,,,,,,,,,0.15,0.85,,,,,,,,,,,,,,,,,,,,,,,,,,,,,,,,,,,,,,,0.09,0.91,,,,,,,,,,,,
2024-08-22 00:00:00+00:00,0.0075,0.9925,,,,,,,,,0.0505,0.9495,,,,,,,,,0.937,0.063,0.0765,0.9235,,,0.0015,0.9985,,,,,0.0345,0.9655,0.055,0.945,,,0.225,0.775,0.0325,0.9675,0.16,0.84,0.23,0.77,0.35,0.65,0.18,0.82,0.56,0.44,0.175,0.825,0.2135,0.7865,0.135,0.865,0.72,0.28,0.515,0.485,0.155,0.845,,,,,,,,,,,,,,,,,,,0.9565,0.0435,,,0.029,0.971,0.952,0.048,,,0.0375,0.9625,0.0505,0.9495,,,,,,,,,,,,,,,,,,,,,0.095,0.905,,,,,0.14,0.86,,,,,,,,,,,,,,,,,,,,,,,,,0.027,0.973,,,,,0.0105,0.9895,,,,,,,,,,,,,,,0.085,0.915,,,,,,,,,,,,,,,,,0.969,0.031,,,,,,,,,,,0.0035,0.9965,0.145,0.855,,,,,0.9735,0.0265,,,,,,,,,,,,,,,0.024,0.976,0.0125,0.9875,,,,,,,,,,,,,,,,,,,,,,,0.55,0.45,,,,,,,,,,,,,,,,,,,,,,,0.955,0.045,,,0.655,0.345,,,0.155,0.845,,,,,0.045,0.955,,,,,,,,,,,,,,,,,,,,,,,,,,,0.009,0.991,0.235,0.765,,,,,,,0.28,0.72,,,,,,,,,,,,,,,,,,,,,,,,,0.88,0.12,,,,,,,,,,,,,,,,,,,0.045,0.955,,,,,,,,,,,,,,,,,,,,,,,,,,,,,,,,,,,0.15,0.85,,,,,,,,,,,,,,,,,,,,,,,,,,,,,,,,,,,,,,,0.09,0.91,,,,,,,,,,,,
2024-08-23 00:00:00+00:00,0.0075,0.9925,,,,,,,,,0.0575,0.9425,,,,,,,,,0.9455,0.0545,0.0765,0.9235,,,0.002,0.998,,,,,0.035,0.965,0.065,0.935,,,0.17,0.83,0.03,0.97,0.16,0.84,0.235,0.765,0.36,0.64,0.125,0.875,0.525,0.475,0.17,0.83,0.2275,0.7725,0.126,0.874,0.76,0.24,0.515,0.485,0.145,0.855,,,,,,,,,,,,,,,,,,,0.9685,0.0315,,,0.029,0.971,0.9555,0.0445,,,0.037,0.963,0.068,0.932,,,,,,,,,,,,,,,,,,,,,0.095,0.905,,,,,0.145,0.855,,,,,,,,,,,,,,,,,,,,,,,,,0.029,0.971,,,,,0.0075,0.9925,,,,,,,,,,,,,,,0.085,0.915,,,,,,,,,,,,,,,,,0.973,0.027,,,,,,,,,,,0.0025,0.9975,0.17,0.83,,,,,0.974,0.026,,,,,,,,,,,,,,,0.0225,0.9775,0.0105,0.9895,,,,,,,,,,,,,,,,,,,,,,,0.59,0.41,,,,,,,,,,,,,,,,,,,,,,,0.955,0.045,,,0.645,0.355,,,0.16,0.84,,,,,0.045,0.955,,,,,,,,,,,,,,,,,,,,,,,,,,,0.009,0.991,0.23,0.77,,,,,,,0.28,0.72,,,,,,,,,,,,,,,,,,,,,,,,,0.615,0.385,,,,,,,,,,,,,,,,,,,0.0445,0.9555,,,,,,,,,,,,,,,,,,,,,,,,,,,,,,,,,,,0.14,0.86,,,,,,,,,,,,,,,,,,,,,,,,,,,,,,,,,,,,,,,0.08,0.92,,,,,,,,,,,,
2024-08-24 00:00:00+00:00,0.008,0.992,,,,,,,,,0.033,0.967,,,,,,,,,0.972,0.028,0.064,0.936,,,0.0025,0.9975,,,,,0.035,0.965,0.065,0.935,,,0.225,0.775,0.0305,0.9695,0.23,0.77,0.24,0.76,0.38,0.62,0.065,0.935,0.525,0.475,0.145,0.855,0.24,0.76,0.133,0.867,0.745,0.255,0.625,0.375,0.145,0.855,,,,,,,,,,,,,,,,,,,0.978,0.022,,,0.014,0.986,0.979,0.021,,,0.037,0.963,0.0455,0.9545,,,,,,,,,,,,,,,,,,,,,0.095,0.905,,,,,0.135,0.865,,,,,,,,,,,,,,,,,,,,,,,,,0.03,0.97,,,,,0.0025,0.9975,,,,,,,,,,,,,,,0.075,0.925,,,,,,,,,,,,,,,,,0.9735,0.0265,,,,,,,,,,,0.0025,0.9975,,,,,,,0.974,0.026,,,,,,,,,,,,,,,0.023,0.977,0.003,0.997,,,,,,,,,,,,,,,,,,,,,,,0.545,0.455,,,,,,,,,,,,,,,,,,,,,,,0.955,0.045,,,0.645,0.355,,,0.165,0.835,,,,,0.045,0.955,,,,,,,,,,,,,,,,,,,,,,,,,,,0.0085,0.9915,0.235,0.765,,,,,,,0.275,0.725,,,,,,,,,,,,,,,,,,,,,,,,,,,,,,,,,,,,,,,,,,,,,0.042,0.958,,,,,,,,,,,,,,,,,,,,,,,,,,,,,,,,,,,0.18,0.82,,,,,,,,,,,,,,,,,,,,,,,,,,,,,,,,,,,,,,,0.06,0.94,,,,,,,,,,,,
2024-08-25 00:00:00+00:00,0.0105,0.9895,,,,,,,,,0.047,0.953,,,,,,,,,0.9675,0.0325,0.0755,0.9245,,,0.0025,0.9975,,,,,0.0335,0.9665,0.065,0.935,,,0.205,0.795,0.03,0.97,0.275,0.725,0.25,0.75,0.355,0.645,0.145,0.855,0.5,0.5,0.13,0.87,0.246,0.754,0.138,0.862,0.745,0.255,0.565,0.435,0.145,0.855,,,,,,,,,,,,,,,,,,,0.981,0.019,,,0.0195,0.9805,0.9755,0.0245,,,0.04,0.96,0.0365,0.9635,,,,,,,,,,,,,,,,,,,,,0.095,0.905,,,,,0.115,0.885,,,,,,,,,,,,,,,,,,,,,,,,,0.0255,0.9745,,,,,0.004,0.996,,,,,,,,,,,,,,,0.075,0.925,,,,,,,,,,,,,,,,,0.973,0.027,,,,,,,,,,,0.0025,0.9975,,,,,,,0.9745,0.0255,,,,,,,,,,,,,,,0.0215,0.9785,0.0015,0.9985,,,,,,,,,,,,,,,,,,,,,,,0.525,0.475,,,,,,,,,,,,,,,,,,,,,,,0.955,0.045,,,0.645,0.355,,,0.165,0.835,,,,,0.045,0.955,,,,,,,,,,,,,,,,,,,,,,,,,,,0.009,0.991,0.23,0.77,,,,,,,0.28,0.72,,,,,,,,,,,,,,,,,,,,,,,,,,,,,,,,,,,,,,,,,,,,,0.045,0.955,,,,,,,,,,,,,,,,,,,,,,,,,,,,,,,,,,,0.175,0.825,,,,,,,,,,,,,,,,,,,,,,,,,,,,,,,,,,,,,,,0.06,0.94,,,,,,,,,,,,
2024-08-26 00:00:00+00:00,0.009,0.991,,,,,,,,,0.04,0.96,,,,,,,,,0.9685,0.0315,0.0735,0.9265,,,0.0025,0.9975,,,,,0.0335,0.9665,0.065,0.935,,,0.215,0.785,0.031,0.969,0.275,0.725,0.245,0.755,0.355,0.645,0.125,0.875,0.495,0.505,0.135,0.865,0.248,0.752,0.1405,0.8595,0.745,0.255,0.555,0.445,0.125,0.875,,,,,,,,,,,,,,,,,,,0.9835,0.0165,,,0.02,0.98,0.9785,0.0215,,,0.0385,0.9615,0.0435,0.9565,,,,,,,,,,,,,,,,,,,,,0.095,0.905,,,,,0.115,0.885,,,,,,,,,,,,,,,,,,,,,,,,,0.0255,0.9745,,,,,0.004,0.996,,,,,,,,,,,,,,,0.085,0.915,,,,,,,,,,,,,,,,,0.9675,0.0325,,,,,,,,,,,0.0025,0.9975,,,,,,,0.9755,0.0245,,,,,,,,,,,,,,,0.0205,0.9795,0.006,0.994,,,,,,,,,,,,,,,,,,,,,,,0.535,0.465,,,,,,,,,,,,,,,,,,,,,,,0.955,0.045,,,0.645,0.355,,,0.165,0.835,,,,,0.045,0.955,,,,,,,,,,,,,,,,,,,,,,,,,,,0.0075,0.9925,0.24,0.76,,,,,,,0.29,0.71,,,,,,,,,,,,,,,,,,,,,,,,,,,,,,,,,,,,,,,,,,,,,0.047,0.953,,,,,,,,,,,,,,,,,,,,,,,,,,,,,,,,,,,0.18,0.82,,,,,,,,,,,,,,,,,,,,,,,,,,,,,,,,,,,,,,,0.06,0.94,,,,,,,,,,,,
2024-08-27 00:00:00+00:00,0.009,0.991,,,,,,,,,0.038,0.962,,,,,,,,,0.9615,0.0385,0.079,0.921,,,0.0025,0.9975,,,,,0.0365,0.9635,0.065,0.935,,,0.225,0.775,0.0285,0.9715,0.275,0.725,0.245,0.755,0.36,0.64,0.115,0.885,0.495,0.505,0.135,0.865,0.2455,0.7545,0.1435,0.8565,0.745,0.255,0.555,0.445,0.105,0.895,,,,,,,,,,,,,,,,,,,0.9815,0.0185,,,0.02,0.98,0.977,0.023,,,0.0395,0.9605,0.0395,0.9605,,,,,,,,,,,,,,,,,,,,,0.09,0.91,,,,,0.105,0.895,,,,,,,,,,,,,,,,,,,,,,,,,0.026,0.974,,,,,0.0035,0.9965,,,,,,,,,,,,,,,0.075,0.925,,,,,,,,,,,,,,,,,0.9595,0.0405,,,,,,,,,,,0.0025,0.9975,,,,,,,0.975,0.025,,,,,,,,,,,,,,,0.0205,0.9795,0.006,0.994,,,,,,,,,,,,,,,,,,,,,,,0.57,0.43,,,,,,,,,,,,,,,,,,,,,,,0.955,0.045,,,0.645,0.355,,,0.165,0.835,,,,,0.045,0.955,,,,,,,,,,,,,,,,,,,,,,,,,,,0.0085,0.9915,0.25,0.75,,,,,,,0.315,0.685,,,,,,,,,,,,,,,,,,,,,,,,,,,,,,,,,,,,,,,,,,,,,0.059,0.941,,,,,,,,,,,,,,,,,,,,,,,,,,,,,,,,,,,0.175,0.825,,,,,,,,,,,,,,,,,,,,,,,,,,,,,,,,,,,,,,,0.06,0.94,,,,,,,,,,,,
2024-08-28 00:00:00+00:00,0.0105,0.9895,,,,,,,,,0.0345,0.9655,,,,,,,,,0.962,0.038,0.078,0.922,,,0.0025,0.9975,,,,,0.0365,0.9635,0.065,0.935,,,0.245,0.755,0.028,0.972,0.275,0.725,0.245,0.755,0.36,0.64,0.12,0.88,0.495,0.505,0.125,0.875,0.2485,0.7515,0.151,0.849,0.725,0.275,0.555,0.445,0.12,0.88,,,,,,,,,,,,,,,,,,,0.981,0.019,,,0.0185,0.9815,0.98,0.02,,,0.0395,0.9605,0.04,0.96,,,,,,,,,,,,,,,,,,,,,0.085,0.915,,,,,0.075,0.925,,,,,,,,,,,,,,,,,,,,,,,,,0.029,0.971,,,,,0.0025,0.9975,,,,,,,,,,,,,,,0.075,0.925,,,,,,,,,,,,,,,,,0.9625,0.0375,,,0.0085,0.9915,,,,,,,0.0025,0.9975,,,,,,,0.975,0.025,,,,,,,,,,,,,,,0.0205,0.9795,0.005,0.995,,,,,,,,,,,,,,,,,,,,,,,0.47,0.53,,,,,,,,,,,,,,,,,,,,,,,0.9645,0.0355,,,0.655,0.345,,,0.155,0.845,,,,,0.0345,0.9655,,,,,,,,,,,,,,,,,,,,,,,,,,,0.007,0.993,0.24,0.76,,,,,,,0.33,0.67,,,,,,,,,,,,,,,,,,,,,,,,,,,,,,,,,,,,,,,,,,,,,0.0565,0.9435,,,,,,,,,,,,,,,,,,,,,,,,,,,,,,,,,,,0.17,0.83,,,,,,,,,,,,,,,,,,,,,,,,,,,,,,,,,,,,,,,0.06,0.94,,,,,,,,,,,,
2024-08-29 00:00:00+00:00,0.007,0.993,,,,,,,,,0.0315,0.9685,,,,,,,,,0.964,0.036,0.08,0.92,,,0.0025,0.9975,,,,,0.0405,0.9595,0.075,0.925,,,0.245,0.755,0.0265,0.9735,0.315,0.685,0.285,0.715,0.36,0.64,0.125,0.875,0.48,0.52,0.115,0.885,0.2425,0.7575,0.154,0.846,0.725,0.275,0.55,0.45,0.125,0.875,,,,,,,,,,,,,,,,,,,0.982,0.018,,,0.0165,0.9835,0.9805,0.0195,,,0.0395,0.9605,0.047,0.953,,,,,,,,,,,,,,,,,,,,,0.085,0.915,,,,,0.085,0.915,,,,,,,,,,,,,,,,,,,,,,,,,0.0325,0.9675,,,,,0.0025,0.9975,,,,,,,,,,,,,,,0.075,0.925,,,,,,,,,,,,,,,,,0.9825,0.0175,,,0.006,0.994,,,,,,,0.0025,0.9975,,,,,,,0.975,0.025,,,0.565,0.435,,,,,,,,,,,0.0205,0.9795,0.005,0.995,,,,,,,,,,,,,,,,,,,,,,,0.405,0.595,,,,,,,,,,,,,,,,,,,,,,,0.965,0.035,,,0.645,0.355,,,0.14,0.86,,,,,0.04,0.96,,,,,,,,,,,,,,,,,,,,,,,,,,,0.0075,0.9925,0.235,0.765,,,,,,,0.34,0.66,,,,,,,,,,,,,,,,,,,,,,,,,,,,,,,,,,,,,0.4,0.6,,,,,,,0.0615,0.9385,,,,,,,,,,,,,,,,,,,,,,,,,,,,,,,,,,,0.185,0.815,,,,,,,,,,,,,,,,,,,,,,,,,,,,,,,,,,,,,,,0.06,0.94,,,,,,,,,,,,
2024-08-30 00:00:00+00:00,0.0065,0.9935,,,,,,,,,0.043,0.957,,,,,,,,,0.9495,0.0505,0.0805,0.9195,,,0.0025,0.9975,,,,,0.037,0.963,0.075,0.925,,,0.225,0.775,0.0265,0.9735,0.31,0.69,0.285,0.715,0.365,0.635,0.125,0.875,0.485,0.515,0.125,0.875,0.2425,0.7575,0.1455,0.8545,0.735,0.265,0.555,0.445,0.115,0.885,,,,,,,,,,,,,,,,,,,0.9815,0.0185,,,0.016,0.984,0.978,0.022,,,0.0395,0.9605,0.047,0.953,,,,,,,,,,,,,,,,,,,,,0.085,0.915,,,,,0.085,0.915,,,,,,,,,,,,,,,,,,,,,,,,,0.0325,0.9675,,,,,0.0025,0.9975,,,,,,,,,,,,,,,0.07,0.93,,,,,,,,,,,,,,,,,0.9795,0.0205,,,0.005,0.995,,,,,,,0.0025,0.9975,,,,,,,0.975,0.025,,,0.996,0.004,,,,,,,,,,,0.0205,0.9795,0.0045,0.9955,,,,,,,,,,,,,,,,,,,,,,,0.415,0.585,,,,,,,,,,,,,,,,,,,,,,,0.965,0.035,,,0.555,0.445,,,0.14,0.86,,,,,0.0335,0.9665,,,,,,,,,,,,,,,,,,,,,,,,,,,0.0065,0.9935,0.24,0.76,,,,,,,0.33,0.67,,,,,,,,,,,,,,,,,,,,,,,,,,,,,,,,,,,,,0.485,0.515,,,,,,,0.0615,0.9385,,,,,,,,,,,,,,,,,,,,,,,,,,,,,,,,,,,0.185,0.815,,,,,,,,,,,,,,,,,,,,,,,,,,,,,,,,,,,,,,,0.06,0.94,,,,,,,,,,,,
2024-08-31 00:00:00+00:00,0.0065,0.9935,,,,,,,,,0.0365,0.9635,,,,,,,,,0.961,0.039,0.0775,0.9225,,,0.0025,0.9975,,,,,0.037,0.963,0.075,0.925,,,0.22,0.78,0.0255,0.9745,0.305,0.695,0.285,0.715,0.365,0.635,0.115,0.885,0.485,0.515,0.125,0.875,0.243,0.757,0.145,0.855,0.745,0.255,0.555,0.445,0.125,0.875,,,,,,,,,,,,,,,,,,,0.9895,0.0105,,,0.0105,0.9895,0.9865,0.0135,,,0.0395,0.9605,0.047,0.953,,,,,,,,,,,,,,,,,,,,,0.085,0.915,,,,,0.095,0.905,,,,,,,,,,,,,,,,,,,,,,,,,0.0315,0.9685,,,,,0.0015,0.9985,,,,,,,,,,,,,,,0.065,0.935,,,,,,,,,,,,,,,,,0.98,0.02,,,0.0055,0.9945,,,,,,,0.0025,0.9975,,,,,,,0.975,0.025,,,,,,,,,,,,,,,0.0205,0.9795,0.0015,0.9985,,,,,,,,,,,,,,,,,,,,,,,0.355,0.645,,,,,,,,,,,,,,,,,,,,,,,0.9655,0.0345,,,0.555,0.445,,,0.13,0.87,,,,,0.0335,0.9665,,,,,,,,,,,,,,,,,,,,,,,,,,,0.0055,0.9945,0.24,0.76,,,,,,,0.35,0.65,,,,,,,,,,,,,,,,,,,,,,,,,,,,,,,,,,,,,,,,,,,,,0.0555,0.9445,,,,,,,,,,,,,,,,,,,,,,,,,,,,,,,,,,,0.18,0.82,,,,,,,,,,,,,,,,,,,,,,,,,,,,,,,,,,,,,,,0.06,0.94,,,,,,,,,,,,
2024-09-01 00:00:00+00:00,0.0065,0.9935,,,,,,,,,0.051,0.949,,,,,,,,,0.9565,0.0435,0.0725,0.9275,,,0.002,0.998,,,,,0.0365,0.9635,0.075,0.925,,,0.215,0.785,0.0215,0.9785,0.31,0.69,0.29,0.71,0.365,0.635,0.115,0.885,0.485,0.515,0.125,0.875,0.2445,0.7555,0.142,0.858,0.74,0.26,0.555,0.445,0.125,0.875,,,,,,,,,,,,,,,,,,,0.9895,0.0105,,,0.0085,0.9915,0.989,0.011,,,0.04,0.96,0.049,0.951,,,,,,,,,,,,,,,,,,,,,0.085,0.915,,,,,0.095,0.905,,,,,,,,,,,,,,,,,,,,,,,,,0.0325,0.9675,,,,,0.0005,0.9995,,,,,,,,,,,,,,,0.075,0.925,,,,,,,,,,,,,,,,,0.972,0.028,,,0.004,0.996,,,,,,,0.0025,0.9975,,,,,,,0.975,0.025,,,,,,,,,,,,,,,0.0205,0.9795,0.0015,0.9985,,,,,,,,,,,,,,,,,,,,,,,0.37,0.63,,,,,,,,,,,,,,,,,,,,,,,0.966,0.034,,,0.57,0.43,,,0.13,0.87,,,,,0.0335,0.9665,,,,,,,,,,,,,,,,,,,,,,,,,,,0.0055,0.9945,0.235,0.765,,,,,,,0.365,0.635,,,,,,,,,,,,,,,,,,,,,,,,,,,,,,,,,,,,,,,,,,,,,0.0565,0.9435,,,,,,,,,,,,,,,,,,,,,,,,,,,,,,,,,,,0.175,0.825,,,,,,,,,,,,,,,,,,,,,,,,,,,,,,,,,,,,,,,0.06,0.94,,,,,,,,,,,,
2024-09-02 00:00:00+00:00,0.0065,0.9935,,,,,,,,,0.044,0.956,,,,,,,,,0.9615,0.0385,0.0725,0.9275,,,0.0015,0.9985,,,,,0.0385,0.9615,0.075,0.925,,,0.205,0.795,0.022,0.978,0.315,0.685,0.29,0.71,0.365,0.635,0.115,0.885,0.485,0.515,0.125,0.875,0.2445,0.7555,0.1455,0.8545,0.755,0.245,0.555,0.445,0.125,0.875,,,,,,,,,,,,,,,,,,,0.9895,0.0105,,,0.0095,0.9905,0.9885,0.0115,,,0.0385,0.9615,0.046,0.954,,,,,,,,,,,,,,,,,,,,,0.085,0.915,,,,,0.095,0.905,,,,,,,,,,,,,,,,,,,,,,,,,0.021,0.979,,,,,,,,,,,,,,,,,,,,,0.065,0.935,,,,,,,,,,,,,,,,,0.981,0.019,,,0.0025,0.9975,,,,,,,0.0025,0.9975,,,,,,,0.9755,0.0245,,,,,,,,,,,,,,,0.0205,0.9795,,,,,,,,,,,,,,,,,,,,,,,,,0.38,0.62,,,,,,,,,,,,,,,,,,,,,,,0.9615,0.0385,,,0.575,0.425,,,0.105,0.895,,,,,0.0345,0.9655,,,,,,,,,,,,,,,,,,,,,,,,,,,0.0055,0.9945,0.215,0.785,,,,,,,0.365,0.635,,,,,,,,,,,,,,,,,,,,,,,,,,,,,,,,,,,,,,,,,,,,,0.054,0.946,,,,,,,,,,,,,,,,,,,,,,,,,,,,,,,,,,,0.18,0.82,,,,,,,,,,,,,,,,,,,,,,,,,,,,,,,,,,,,,,,0.06,0.94,,,,,,,,,,,,
2024-09-03 00:00:00+00:00,0.0065,0.9935,,,,,,,,,0.039,0.961,,,,,,,,,0.9635,0.0365,0.0725,0.9275,,,0.002,0.998,,,,,0.0385,0.9615,0.075,0.925,,,0.205,0.795,0.012,0.988,0.315,0.685,0.29,0.71,0.365,0.635,0.115,0.885,0.485,0.515,0.12,0.88,0.2445,0.7555,0.147,0.853,0.765,0.235,0.555,0.445,0.125,0.875,,,,,,,,,,,,,,,,,,,0.991,0.009,,,0.009,0.991,0.988,0.012,,,0.0385,0.9615,0.046,0.954,,,,,,,,,,,,,,,,,,,,,0.085,0.915,,,,,0.095,0.905,,,,,,,,,,,,,,,,,,,,,,,,,0.013,0.987,,,,,,,,,,,,,,,,,,,,,0.05,0.95,,,,,,,,,,,,,,,,,0.985,0.015,,,0.0025,0.9975,,,,,,,0.002,0.998,,,,,,,0.9775,0.0225,,,,,,,,,,,,,,,0.0205,0.9795,,,,,,,,,,,,,,,,,,,,,,,,,0.38,0.62,,,,,,,,,,,,,,,,,,,,,,,0.9655,0.0345,,,0.635,0.365,,,0.135,0.865,,,,,0.035,0.965,,,,,,,,,,,,,,,,,,,,,,,,,,,0.0055,0.9945,0.225,0.775,,,,,,,0.365,0.635,,,,,,,,,,,,,,,,,,,,,,,,,,,,,,,,,,,,,,,,,,,,,0.0565,0.9435,,,,,,,,,,,,,,,,,,,,,,,,,,,,,,,,,,,0.185,0.815,,,,,,,,,,,,,,,,,,,,,,,,,,,,,,,,,,,,,,,0.055,0.945,,,,,,,,,,,,
2024-09-04 00:00:00+00:00,0.0065,0.9935,,,0.12,0.88,,,,,0.0315,0.9685,,,,,,,,,0.969,0.031,0.074,0.926,,,0.0015,0.9985,,,,,0.038,0.962,0.075,0.925,,,0.225,0.775,0.0155,0.9845,0.315,0.685,0.315,0.685,0.365,0.635,0.105,0.895,0.495,0.505,0.12,0.88,0.25,0.75,0.16,0.84,0.745,0.255,0.545,0.455,0.115,0.885,,,,,,,,,,,,,,,,,,,0.9915,0.0085,,,0.008,0.992,0.9895,0.0105,,,0.039,0.961,0.045,0.955,,,,,,,,,,,,,,,,,,,,,0.085,0.915,,,,,0.095,0.905,,,,,,,,,,,,,,,,,,,,,,,,,0.0155,0.9845,,,,,,,,,,,,,,,,,,,,,0.045,0.955,,,,,,,,,,,,,,,,,0.978,0.022,,,0.0035,0.9965,,,,,,,0.002,0.998,,,,,,,0.9765,0.0235,,,,,,,,,,,,,,,0.0205,0.9795,,,,,,,,,,,,,,,,,,,,,,,,,0.39,0.61,,,,,,,,,,,,,,,,,,,,,,,0.9655,0.0345,,,0.58,0.42,,,0.125,0.875,,,,,0.033,0.967,,,,,,,,,,,,,0.93,0.07,,,,,,,,,,,,,0.0055,0.9945,0.22,0.78,,,,,,,0.415,0.585,,,,,,,,,,,,,,,,,,,,,,,,,,,,,,,,,,,,,,,,,,,,,0.0535,0.9465,,,,,,,,,,,,,,,,,,,,,,,,,,,,,,,,,,,0.18,0.82,,,0.5,0.5,,,,,,,,,,,,,,,,,,,,,,,,,,,,,,,,,,,0.06,0.94,,,,,,,,,,,,
2024-09-05 00:00:00+00:00,0.006,0.994,,,0.18,0.82,,,,,0.0245,0.9755,,,,,,,,,0.9735,0.0265,0.105,0.895,,,0.0015,0.9985,,,,,0.036,0.964,0.075,0.925,,,0.365,0.635,0.0185,0.9815,0.325,0.675,0.355,0.645,0.29,0.71,0.105,0.895,0.485,0.515,0.115,0.885,0.257,0.743,0.2195,0.7805,0.615,0.385,0.515,0.485,0.055,0.945,,,,,,,,,,,,,,,,,,,0.9915,0.0085,,,0.0065,0.9935,0.9885,0.0115,,,0.0395,0.9605,0.0375,0.9625,,,,,,,,,,,,,,,,,,,,,0.085,0.915,,,,,0.095,0.905,,,,,,,,,,,,,,,,,,,,,,,,,0.02,0.98,,,,,,,,,,,,,,,,,,,,,0.0375,0.9625,,,,,,,,,,,,,,,,,0.978,0.022,,,0.0035,0.9965,,,,,,,0.002,0.998,,,,,,,0.977,0.023,,,,,,,,,,,,,,,0.0205,0.9795,,,,,,,,,,,,,,,,,,,,,,,,,0.43,0.57,,,,,,,,,,,,,,,,,,,,,,,0.9655,0.0345,,,0.585,0.415,,,0.105,0.895,,,,,0.0325,0.9675,,,,,,,,,,,,,0.875,0.125,,,,,,,,,,,,,0.005,0.995,0.25,0.75,,,,,,,0.4,0.6,,,,,,,,,,,,,,,,,,,,,,,,,,,,,,,,,,,,,,,,,,,,,0.0315,0.9685,,,,,,,,,,,,,,,,,,,,,,,,,,,,,,,0.555,0.445,,,0.165,0.835,,,0.13,0.87,,,,,,,,,,,,,,,,,,,,,,,,,,,,,,,,,,,0.06,0.94,,,,,,,,,,,,
2024-09-06 00:00:00+00:00,0.006,0.994,,,0.26,0.74,,,,,0.041,0.959,,,,,,,,,0.958,0.042,0.09,0.91,,,0.0015,0.9985,,,,,0.0415,0.9585,0.065,0.935,,,0.325,0.675,0.019,0.981,0.305,0.695,0.34,0.66,0.315,0.685,0.105,0.895,0.505,0.495,0.115,0.885,0.2575,0.7425,0.1885,0.8115,0.645,0.355,0.515,0.485,0.085,0.915,,,,,,,,,,,,,,,,,,,0.9905,0.0095,,,0.0065,0.9935,0.9865,0.0135,,,0.0395,0.9605,0.041,0.959,,,,,,,,,,,,,,,,,,,,,0.085,0.915,,,,,0.09,0.91,,,,,,,,,,,,,,,,,,,,,,,,,0.023,0.977,,,,,,,,,,,,,,,,,,,,,0.039,0.961,,,,,,,,,,,,,,,,,0.979,0.021,,,0.0015,0.9985,,,,,,,0.002,0.998,,,,,,,0.9765,0.0235,,,,,,,,,,,,,,,0.0205,0.9795,,,,,,,,,,,,,,,,,,,,,,,,,0.415,0.585,,,,,,,,,,,,,,,,,,,,,,,0.966,0.034,,,0.56,0.44,,,0.125,0.875,,,,,0.0315,0.9685,,,,,,,,,,,,,0.865,0.135,,,,,,,,,,,,,0.0035,0.9965,0.27,0.73,,,,,,,0.415,0.585,,,,,,,,,,,,,,,,,,,,,,,,,,,,,,,,,,,,,,,,,,,,,0.0265,0.9735,,,,,,,,,,,,,,,,,,,,,,,,,,,,,,,0.56,0.44,,,0.155,0.845,,,0.13,0.87,,,,,,,,,,,,,,,,,,,,,,,,,,,,,,,,,,,0.045,0.955,,,,,,,,,,,,
2024-09-07 00:00:00+00:00,0.005,0.995,,,0.18,0.82,,,,,0.024,0.976,,,,,,,,,0.9765,0.0235,0.0905,0.9095,,,0.0015,0.9985,,,,,0.0455,0.9545,0.065,0.935,,,0.245,0.755,0.0195,0.9805,0.36,0.64,0.415,0.585,0.255,0.745,0.08,0.92,0.48,0.52,0.095,0.905,0.2525,0.7475,0.25,0.75,0.73,0.27,0.445,0.555,0.085,0.915,,,,,,,,,,,,,,,,,,,0.991,0.009,,,0.0055,0.9945,0.9885,0.0115,,,0.04,0.96,0.031,0.969,,,,,,,,,,,,,,,,,,,,,0.085,0.915,,,,,0.085,0.915,,,,,,,,,,,,,,,,,,,,,,,,,0.016,0.984,,,,,,,,,,,,,,,,,,,,,0.058,0.942,,,,,,,,,,,,,,,,,0.973,0.027,,,0.0005,0.9995,,,,,,,0.002,0.998,,,,,,,0.9765,0.0235,,,,,,,,,,,,,,,0.0215,0.9785,,,,,,,,,,,,,,,,,,,,,,,,,0.38,0.62,,,,,,,,,,,,,,,,,,,,,,,0.9775,0.0225,,,0.59,0.41,,,,,,,0.13,0.87,0.0215,0.9785,,,,,,,,,,,,,0.805,0.195,0.135,0.865,,,,,,,,,,,0.003,0.997,,,,,0.45,0.55,,,,,,,,,0.375,0.625,,,,,,,,,,,,,,,,,,,,,,,0.255,0.745,,,,,,,,,,,,,,,,,,,,,,,,,,,,,,,,,,,,,,,,,,,,,,,,,,,,,,,0.13,0.87,,,,,,,,,,,,,,,,,,,,,,,,,,,,,,,,,,,,,,,,,,,,,,,,
2024-09-08 00:00:00+00:00,0.006,0.994,,,0.18,0.82,,,,,0.0165,0.9835,,,,,,,,,0.9815,0.0185,0.1075,0.8925,,,0.0015,0.9985,,,,,0.0565,0.9435,0.075,0.925,,,0.265,0.735,0.019,0.981,0.375,0.625,0.435,0.565,0.255,0.745,0.065,0.935,0.43,0.57,0.095,0.905,0.253,0.747,0.2575,0.7425,0.725,0.275,0.44,0.56,0.075,0.925,,,,,,,,,,,,,,,,,,,0.991,0.009,,,0.0065,0.9935,0.988,0.012,,,0.0395,0.9605,0.024,0.976,,,,,,,,,,,,,,,,,,,,,0.085,0.915,,,,,0.085,0.915,,,,,,,,,,,,,,,,,,,,,,,,,0.008,0.992,,,,,,,,,,,,,,,,,,,,,0.063,0.937,,,,,,,,,,,,,,,,,0.986,0.014,,,0.0005,0.9995,,,,,,,0.002,0.998,,,,,,,0.9765,0.0235,,,,,,,,,,,,,,,0.0215,0.9785,,,,,,,,,,,,,,,,,,,,,,,,,0.415,0.585,,,,,,,,,,,,,,,,,,,,,,,0.9745,0.0255,,,0.6,0.4,,,,,,,0.075,0.925,0.0245,0.9755,,,,,,,,,,,,,0.84,0.16,0.135,0.865,,,,,,,,,,,0.003,0.997,,,,,0.385,0.615,,,,,,,,,0.285,0.715,,,,,,,,,,,,,,,,,,,,,,,0.135,0.865,,,,,,,,,,,,,,,,,,,,,,,,,,,,,,,,,,,,,,,,,,,,,,,,,,,,,,,0.13,0.87,,,,,,,,,,,,,,,,,,,,,,,,,,,,,,,,,,,,,,,,,,,,,,,,
2024-09-09 00:00:00+00:00,0.005,0.995,,,0.175,0.825,,,,,0.0245,0.9755,,,,,,,,,0.9745,0.0255,0.09,0.91,,,0.0025,0.9975,,,,,0.0605,0.9395,0.075,0.925,,,0.255,0.745,0.017,0.983,0.375,0.625,0.44,0.56,0.255,0.745,0.075,0.925,0.425,0.575,0.105,0.895,0.248,0.752,0.241,0.759,0.725,0.275,0.43,0.57,0.085,0.915,,,,,,,,,,,,,,,,,,,0.9925,0.0075,,,0.0065,0.9935,0.9895,0.0105,,,0.0395,0.9605,0.0275,0.9725,,,,,,,,,,,,,,,,,,,,,0.085,0.915,,,,,0.085,0.915,,,,,,,,,,,,,,,,,,,,,,,,,0.012,0.988,,,,,,,,,,,,,,,,,,,,,0.0655,0.9345,,,,,,,,,,,,,,,,,0.978,0.022,,,0.0005,0.9995,,,,,,,0.002,0.998,,,,,,,0.9765,0.0235,,,,,,,,,,,,,,,0.022,0.978,,,,,,,,,,,,,,,,,,,,,,,,,0.425,0.575,,,,,,,,,,,,,,,,,,,,,,,0.976,0.024,,,0.605,0.395,,,,,,,0.075,0.925,0.023,0.977,,,,,,,,,,,,,0.84,0.16,0.155,0.845,,,,,,,,,,,0.003,0.997,,,,,0.385,0.615,,,,,,,,,0.295,0.705,,,,,,,,,,,,,,,,,,,,,,,0.115,0.885,,,,,,,,,,,,,,,,,,,,,,,,,,,,,,,,,,,,,,,,,,,,,,,,,,,,,,,0.125,0.875,,,,,,,,,,,,,,,,,,,,,,,,,,,,,,,,,,,,,,,,,,,,,,,,
2024-09-10 00:00:00+00:00,0.005,0.995,,,0.22,0.78,,,,,0.026,0.974,,,,,,,,,0.973,0.027,0.09,0.91,,,0.003,0.997,,,,,0.06,0.94,0.075,0.925,,,0.225,0.775,0.017,0.983,0.375,0.625,0.455,0.545,0.295,0.705,0.065,0.935,0.42,0.58,0.105,0.895,0.2565,0.7435,0.2295,0.7705,0.755,0.245,0.425,0.575,0.085,0.915,,,,,,,,,,,,,,,,,,,0.9895,0.0105,,,0.0045,0.9955,0.9865,0.0135,,,0.0415,0.9585,0.025,0.975,,,,,,,,,,,,,,,,,,,,,0.07,0.93,,,,,0.085,0.915,,,,,,,,,,,,,,,,,,,,,,,,,0.011,0.989,,,,,,,,,,,,,,,,,,,,,0.0585,0.9415,,,,,,,,,,,,,,,,,0.982,0.018,,,0.0005,0.9995,,,,,,,0.002,0.998,,,,,,,0.9765,0.0235,,,,,,,,,,,,,,,0.0205,0.9795,,,,,,,,,,,,,,,,,,,,,,,,,0.44,0.56,,,,,,,,,,,,,,,,,,,,,,,0.9745,0.0255,,,0.57,0.43,,,,,,,0.055,0.945,0.0245,0.9755,,,,,,,,,,,,,0.84,0.16,0.145,0.855,,,,,,,,,,,0.003,0.997,,,,,0.395,0.605,,,,,,,,,0.295,0.705,,,,,,,,,,,,,,,,,,,,,,,0.115,0.885,,,,,,,,,,,,,,,,,,,,,,,,,,,,,,,,,,,,,,,,,,,,,,,,,,,,,,,0.12,0.88,,,,,,,,,,,,,,,,,,,,,,,,,,,,,,,,,,,,,,,,,,,,,,,,
2024-09-11 00:00:00+00:00,0.004,0.996,,,0.225,0.775,,,,,0.0295,0.9705,,,,,,,,,0.9695,0.0305,0.0885,0.9115,,,0.0025,0.9975,,,,,0.0465,0.9535,0.075,0.925,,,0.235,0.765,0.0165,0.9835,0.385,0.615,0.465,0.535,0.255,0.745,0.055,0.945,0.425,0.575,0.1,0.9,0.2535,0.7465,0.235,0.765,0.745,0.255,0.445,0.555,0.085,0.915,,,,,,,,,,,,,,,,,,,0.993,0.007,,,0.004,0.996,0.983,0.017,,,0.04,0.96,0.0245,0.9755,,,,,,,,,,,,,,,,,,,,,0.075,0.925,,,,,0.085,0.915,,,,,,,,,,,,,,,,,,,,,,,,,0.011,0.989,,,,,,,,,,,,,,,,,,,,,0.06,0.94,,,,,,,,,,,,,,,,,0.991,0.009,,,0.0005,0.9995,,,,,,,0.002,0.998,,,,,,,0.9765,0.0235,,,,,,,,,,,,,,,0.0205,0.9795,,,,,,,,,,,,,,,,,,,,,,,,,0.43,0.57,,,,,,,,,,,,,,,,,,,,,,,0.9755,0.0245,,,0.62,0.38,,,,,,,0.055,0.945,0.024,0.976,,,,,,,,,,,,,0.9,0.1,0.17,0.83,,,,,,,,,,,0.003,0.997,,,,,0.395,0.605,,,,,,,,,0.295,0.705,,,,,,,,,,,,,,,,,,,,,,,0.11,0.89,,,,,,,,,,,,,,,,,,,,,,,,,,,,,,,,,,,,,,,,,,,,,,,,,,,,,,,0.12,0.88,,,,,,,,,,,,,,,,,,,,,,,,,,,,,,,,,,,,,,,,,,,,,,,,
2024-09-12 00:00:00+00:00,0.0035,0.9965,,,0.3,0.7,,,,,0.02,0.98,,,,,,,,,0.983,0.017,0.072,0.928,,,0.003,0.997,,,,,0.042,0.958,0.075,0.925,,,0.075,0.925,0.0155,0.9845,0.385,0.615,0.46,0.54,0.325,0.675,0.055,0.945,0.415,0.585,0.1,0.9,0.2945,0.7055,0.178,0.822,0.905,0.095,0.455,0.545,0.095,0.905,,,,,,,,,,,,,,,,,,,0.9955,0.0045,,,0.0025,0.9975,0.996,0.004,,,0.04,0.96,0.0255,0.9745,,,,,,,,,,,,,,,,,,,,,0.065,0.935,,,,,0.075,0.925,,,,,,,,,,,,,,,,,,,,,,,,,0.0065,0.9935,,,,,,,,,,,,,,,,,,,,,0.0555,0.9445,,,,,,,,,,,,,,,,,,,,,0.001,0.999,,,,,,,0.0025,0.9975,,,,,,,0.9765,0.0235,,,,,,,,,,,,,,,0.0205,0.9795,,,,,,,,,,,,,,,,,,,,,,,,,,,,,,,,,,,,,,,,,,,,,,,,,0.9755,0.0245,,,,,,,,,,,0.055,0.945,0.0235,0.9765,,,,,,,,,,,,,,,0.17,0.83,,,,,,,,,,,0.003,0.997,,,,,0.395,0.605,,,,,,,,,0.295,0.705,,,,,,,,,,,,,,,,,,,,,,,0.11,0.89,,,,,,,,,,,,,,,,,,,,,,,,,,,,,,,,,,,,,,,,,,,,,,,,,,,,,,,0.12,0.88,,,,,,,,,,,,,,,,,,,,,,,,,,,,,,,,,,,,,,,,,,,,,,,,
2024-09-13 00:00:00+00:00,0.0035,0.9965,,,0.225,0.775,,,,,0.019,0.981,,,,,,,,,0.9815,0.0185,0.089,0.911,,,0.0015,0.9985,,,,,0.043,0.957,0.065,0.935,,,0.265,0.735,0.015,0.985,0.385,0.615,0.41,0.59,0.285,0.715,0.055,0.945,0.435,0.565,0.105,0.895,0.3165,0.6835,0.2195,0.7805,0.72,0.28,0.445,0.555,0.085,0.915,,,,,,,,,,,,,,,,,,,0.9955,0.0045,,,0.0035,0.9965,0.996,0.004,,,0.0405,0.9595,0.027,0.973,,,,,,,,,,,,,,,,,,,,,0.065,0.935,,,,,0.075,0.925,,,,,,,,,,,,,,,,,,,,,,,,,0.006,0.994,,,,,,,,,,,,,,,,,,,,,0.0545,0.9455,,,,,,,,,,,,,,,,,,,,,0.001,0.999,,,,,,,0.0025,0.9975,,,,,,,0.977,0.023,,,,,,,,,,,,,,,0.0205,0.9795,,,,,,,,,,,,,,,,,,,,,,,0.42,0.58,,,,,,,,,,,,,,,,,0.66,0.34,,,,,,,0.9765,0.0235,,,,,,,,,,,0.055,0.945,0.018,0.982,,,,,,,,,,,,,,,0.17,0.83,,,,,,,,,,,0.003,0.997,,,,,0.395,0.605,,,,,,,,,0.295,0.705,,,,,,,,,,,,,,,,,,,,,,,0.11,0.89,,,,,,,,,,,,,,,,,,,,,,,,,,,,,,,,,,,,,,,,,,,,,,,,,,,,,,,0.12,0.88,,,,,,,,,,,,,,,,,,,,,,,,,,,,,,,,,,,,,,,,,,,,,,,,
2024-09-14 00:00:00+00:00,0.0035,0.9965,,,0.22,0.78,,,,,0.015,0.985,,,,,,,,,0.9845,0.0155,0.12,0.88,,,0.0005,0.9995,,,,,0.0475,0.9525,0.065,0.935,,,0.345,0.655,0.0135,0.9865,0.39,0.61,0.425,0.575,0.235,0.765,0.065,0.935,0.43,0.57,0.105,0.895,0.314,0.686,0.263,0.737,0.65,0.35,0.475,0.525,0.065,0.935,,,,,,,,,,,,,,,,,,,0.9945,0.0055,,,0.002,0.998,0.9955,0.0045,,,0.0415,0.9585,0.018,0.982,,,,,,,,,,,,,,,,,,,,,0.045,0.955,,,,,0.08,0.92,,,,,,,,,,,,,,,,,,,,,,,,,0.006,0.994,,,,,,,,,,,,,,,,,,,,,0.051,0.949,,,,,,,,,,,,,,,,,,,,,0.0005,0.9995,,,,,,,0.0025,0.9975,,,,,,,0.977,0.023,,,,,,,,,,,,,,,0.0205,0.9795,,,,,,,,,,,,,,,,,,,,,,,0.35,0.65,,,,,,,,,,,,,,,,,0.625,0.375,,,,,,,0.975,0.025,,,,,,,,,,,0.055,0.945,0.021,0.979,,,,,,,,,,,,,,,0.17,0.83,,,,,,,,,,,0.005,0.995,,,,,0.39,0.61,,,,,,,,,0.285,0.715,,,,,,,,,,,,,,,,,,,,,,,0.12,0.88,,,,,,,,,,,,,,,,,,,,,,,,,,,,,,,,,,,,,,,,,,,,,,,,,,,,,,,0.11,0.89,,,,,,,,,,,,,,,,,,,,,,,,,,,,,,,,,,,,,,,,,,,,,,,,
2024-09-15 00:00:00+00:00,0.005,0.995,,,0.21,0.79,,,,,0.016,0.984,,,,,,,,,0.9825,0.0175,0.1165,0.8835,,,0.0005,0.9995,,,,,0.043,0.957,0.075,0.925,,,0.345,0.655,0.014,0.986,0.385,0.615,0.445,0.555,0.235,0.765,0.055,0.945,0.435,0.565,0.105,0.895,0.314,0.686,0.2615,0.7385,0.645,0.355,0.465,0.535,0.065,0.935,,,,,,,,,,,,,,,,,,,0.995,0.005,,,0.0035,0.9965,0.9935,0.0065,,,0.0395,0.9605,0.0195,0.9805,,,,,,,,,,,,,,,,,,,,,0.055,0.945,,,,,0.075,0.925,,,,,,,,,,,,,,,,,,,,,,,,,0.006,0.994,,,,,,,,,,,,,,,,,,,,,0.0445,0.9555,,,,,,,,,,,,,,,,,,,,,0.0015,0.9985,,,,,,,0.0025,0.9975,,,,,,,0.977,0.023,,,,,,,,,,,,,,,0.0205,0.9795,,,,,,,,,,,,,,,,,,,,,,,0.42,0.58,,,,,,,,,,,,,,,,,0.585,0.415,,,,,,,0.975,0.025,,,,,,,,,,,0.055,0.945,0.0215,0.9785,,,,,,,,,,,,,,,0.165,0.835,,,,,,,,,,,0.0055,0.9945,,,,,0.395,0.605,,,,,,,,,0.275,0.725,,,,,,,,,,,,,,,,,,,,,,,0.12,0.88,,,,,,,,,,,,,,,,,,,,,,,,,,,,,,,,,,,,,,,,,,,,,,,,,,,,,,,0.11,0.89,,,,,,,,,,,,,,,,,,,,,,,,,,,,,,,,,,,,,,,,,,,,,,,,
2024-09-16 00:00:00+00:00,0.0045,0.9955,,,0.21,0.79,,,,,0.0165,0.9835,,,,,,,,,0.983,0.017,0.125,0.875,,,0.0005,0.9995,,,,,0.0495,0.9505,0.07,0.93,,,0.425,0.575,0.014,0.986,0.38,0.62,0.445,0.555,0.24,0.76,0.07,0.93,0.44,0.56,0.11,0.89,0.311,0.689,0.2525,0.7475,0.55,0.45,0.455,0.545,0.075,0.925,,,,,,,,,,,,,,,,,,,0.9945,0.0055,,,0.002,0.998,0.9935,0.0065,,,0.0395,0.9605,0.0175,0.9825,,,,,,,,,,,,,,,,,,,,,0.06,0.94,,,,,0.085,0.915,,,,,,,,,,,,,,,,,,,,,,,,,0.0075,0.9925,,,,,,,,,,,,,,,,,,,,,0.043,0.957,,,,,,,,,,,,,,,,,,,,,0.0015,0.9985,,,,,,,0.0025,0.9975,,,,,,,0.977,0.023,,,,,,,,,,,,,,,0.0195,0.9805,,,,,,,,,,,,,,,,,,,,,,,0.38,0.62,,,,,,,,,,,,,,,,,0.585,0.415,,,,,,,0.975,0.025,,,,,,,,,,,0.055,0.945,0.021,0.979,,,,,,,,,,,,,,,0.165,0.835,,,,,,,,,,,0.0045,0.9955,,,,,0.395,0.605,,,,,,,,,0.28,0.72,,,,,,,,,,,,,,,,,,,,,,,0.115,0.885,,,,,,,,,,,,,,,,,,,,,,,,,,,,,,,,,,,,,,,,,,,,,,,,,,,,,,,0.095,0.905,,,,,,,,,,,,,,,,,,,,,,,,,,,,,,,,,,,,,,,,,,,,,,,,
2024-09-17 00:00:00+00:00,0.004,0.996,,,0.235,0.765,,,,,0.015,0.985,,,,,,,,,0.985,0.015,0.143,0.857,,,0.0005,0.9995,,,,,0.051,0.949,0.08,0.92,,,0.585,0.415,0.0135,0.9865,0.38,0.62,0.45,0.55,0.185,0.815,0.065,0.935,0.45,0.55,0.1,0.9,0.296,0.704,0.313,0.687,0.395,0.605,0.435,0.565,0.0355,0.9645,,,,,,,,,,,,,,,,,,,0.994,0.006,,,0.0015,0.9985,0.993,0.007,,,0.041,0.959,0.008,0.992,,,,,,,,,,,,,,,,,,,,,0.07,0.93,,,,,0.08,0.92,,,,,,,,,,,,,,,,,,,,,,,,,0.0115,0.9885,,,,,,,,,,,,,,,,,,,,,0.043,0.957,,,,,,,,,,,,,,,,,,,,,0.0015,0.9985,,,,,,,0.0025,0.9975,,,,,,,0.977,0.023,,,,,,,,,,,,,,,0.0195,0.9805,,,,,,,,,,,,,,,,,,,,,,,0.36,0.64,,,,,,,,,,,,,,,,,0.585,0.415,,,,,,,0.975,0.025,,,,,,,,,,,0.055,0.945,0.0215,0.9785,,,,,,,,,,,,,,,0.165,0.835,0.625,0.375,,,,,,,0.16,0.84,0.0045,0.9955,,,,,0.395,0.605,,,,,,,,,0.28,0.72,,,,,,,,,,,,,,,,,,,,,,,0.12,0.88,,,,,,,,,,,,,,,,,,,,,,,,,,,,,,,,,,,,,,,,,,,,,,,,,,,,,,,0.095,0.905,,,,,0.57,0.43,,,,,,,,,,,,,,,,,,,,,,,,,,,,,,,,,,,,,,,,,,
2024-09-18 00:00:00+00:00,0.004,0.996,,,0.225,0.775,,,,,0.013,0.987,,,,,,,,,0.9865,0.0135,0.1285,0.8715,,,0.0005,0.9995,,,,,0.067,0.933,0.07,0.93,,,0.542,0.458,0.0135,0.9865,0.38,0.62,0.37,0.63,0.195,0.805,0.075,0.925,0.45,0.55,0.105,0.895,0.305,0.695,0.294,0.706,0.449,0.551,0.445,0.555,0.0405,0.9595,,,,,,,,,,,,,,,,,,,0.993,0.007,,,0.0035,0.9965,0.9915,0.0085,,,0.0415,0.9585,0.0115,0.9885,,,,,,,,,,,,,,,,,,,,,0.065,0.935,,,,,0.075,0.925,,,,,,,,,,,,,,,,,,,,,,,,,0.0115,0.9885,,,,,,,,,,,,,,,,,,,,,0.0425,0.9575,,,,,,,,,,,,,,,,,,,,,0.0015,0.9985,,,,,,,0.0025,0.9975,,,,,,,0.977,0.023,,,,,,,,,,,,,,,0.0195,0.9805,,,,,,,,,,,,,,,,,,,,,,,0.305,0.695,,,,,,,,,,,,,,,,,0.585,0.415,,,,,,,0.975,0.025,,,,,,,,,,,0.055,0.945,0.0215,0.9785,,,,,,,,,,,,,,,0.195,0.805,0.59,0.41,,,,,,,0.115,0.885,0.0045,0.9955,,,,,0.39,0.61,,,,,,,,,0.265,0.735,,,,,,,,,,,,,,,,,,,,,,,0.12,0.88,,,,,,,,,,,,,,,,,,,,,,,,,,,,,,,,,,,,,,,,,,,,,,,,,,,,,,,0.085,0.915,,,,,0.54,0.46,,,,,,,,,,,,,,,,,,,,,,,,,,,,,,,,,,,,,,,,,,
2024-09-19 00:00:00+00:00,0.0025,0.9975,,,0.255,0.745,,,,,,,,,,,,,,,,,0.136,0.864,0.0025,0.9975,,,,,,,0.0225,0.9775,0.06,0.94,0.0125,0.9875,,,0.011,0.989,0.37,0.63,0.31,0.69,0.085,0.915,0.07,0.93,0.45,0.55,0.125,0.875,0.3885,0.6115,0.3835,0.6165,,,0.615,0.385,0.0155,0.9845,,,,,,,,,,,,,,,,,,,,,,,,,,,,,0.0405,0.9595,,,,,,,,,,,,,,,,,,,,,,,0.06,0.94,,,,,0.065,0.935,,,,,,,,,,,,,,,,,,,,,,,,,,,,,,,,,,,,,,,,,,,,,,,0.037,0.963,,,,,,,,,,,,,,,,,,,,,,,,,,,,,0.0025,0.9975,,,,,,,0.977,0.023,,,,,,,,,,,,,,,0.0195,0.9805,,,,,,,,,,,,,,,,,,,,,,,0.325,0.675,,,,,,,,,,,,,,,,,0.585,0.415,,,,,,,0.975,0.025,,,,,,,,,,,0.045,0.955,0.0215,0.9785,,,,,,,,,,,,,,,0.215,0.785,0.145,0.855,,,,,,,0.05,0.95,0.0045,0.9955,,,,,0.375,0.625,,,,,,,,,0.275,0.725,,,,,,,,,,,,,,,,,,,,,,,0.115,0.885,,,,,,,,,,,,,,,,,,,,,,,,,,,,,,,,,,,,,,,,,,,,,,,,,,,,,0.245,0.755,0.09,0.91,,,,,0.61,0.39,,,,,,,,,,,,,,,,,,,,,,,,,,,,,,,,,,,,,,,,,,
2024-09-20 00:00:00+00:00,0.0025,0.9975,,,0.21,0.79,,,,,,,,,,,,,,,,,0.1575,0.8425,0.0065,0.9935,,,,,,,0.026,0.974,0.055,0.945,0.0065,0.9935,,,0.0115,0.9885,0.355,0.645,0.34,0.66,0.065,0.935,0.065,0.935,0.495,0.505,0.095,0.905,0.384,0.616,0.3865,0.6135,,,0.56,0.44,0.0145,0.9855,,,,,,,,,,,,,,,,,,,,,,,,,,,,,0.0375,0.9625,,,,,,,,,,,,,,,,,,,,,,,0.055,0.945,,,,,0.065,0.935,,,,,,,,,,,,,,,,,,,,,,,,,,,,,,,,,,,,,,,,,,,,,,,0.0345,0.9655,,,,,,,,,,,,,,,,,,,,,,,,,,,,,0.0025,0.9975,,,,,,,0.977,0.023,,,,,,,,,,,,,,,0.0195,0.9805,,,,,,,,,,,,,,,,,,,,,,,0.32,0.68,,,,,,,,,,,,,,,,,0.635,0.365,,,,,,,0.975,0.025,,,,,,,,,,,0.05,0.95,0.0205,0.9795,,,,,,,,,,,,,,,0.22,0.78,,,,,,,,,,,0.005,0.995,,,,,0.375,0.625,,,,,,,,,0.27,0.73,,,,,,,,,,,,,,,,,,,,,,,0.12,0.88,0.05,0.95,,,,,,,,,,,,,,,,,,,,,,,,,,,,,,,,,,,,,,,,,,,,,,,,,,,,,0.08,0.92,,,,,0.55,0.45,,,,,,,,,,,,,,,,,,,,,,,,,,,,,,,,,,,,,,,,,,
2024-09-21 00:00:00+00:00,0.002,0.998,,,0.145,0.855,,,,,,,,,,,,,,,,,0.174,0.826,0.003,0.997,,,,,,,0.0205,0.9795,0.05,0.95,0.004,0.996,,,0.012,0.988,0.33,0.67,0.425,0.575,0.065,0.935,0.06,0.94,0.535,0.465,0.085,0.915,0.366,0.634,0.393,0.607,,,0.515,0.485,0.017,0.983,,,,,,,,,,,,,,,,,,,,,,,,,,,,,0.034,0.966,,,,,,,,,,,,,,,,,,,,,,,0.055,0.945,,,,,0.065,0.935,,,,,,,,,,,,,,,,,,,,,,,,,,,,,,,,,,,,,,,,,,,,,,,0.034,0.966,,,,,,,,,,,,,,,,,,,,,,,,,,,,,0.0025,0.9975,,,,,,,0.977,0.023,,,,,,,,,,,,,,,0.019,0.981,,,,,,,,,,,,,,,,,,,,,,,0.33,0.67,,,,,,,,,,,,,,,,,0.645,0.355,,,,,,,0.975,0.025,,,,,,,,,,,0.05,0.95,0.0205,0.9795,,,,,,,,,,,,,,,0.225,0.775,,,,,,,,,,,0.005,0.995,,,,,0.365,0.635,,,,,,,,,0.265,0.735,,,,,,,,,,,,,,,,,,,,,,,0.12,0.88,0.045,0.955,,,,,,,,,,,,,,,,,,,,,,,,,,,,,,,,,,,,,,,,,,,,,,,,,,,,,0.095,0.905,,,,,0.56,0.44,,,,,,,,,,,,,,,,,,,,,,,,,,,,,,,,,,,,,,,,,,
2024-09-22 00:00:00+00:00,0.0015,0.9985,,,0.155,0.845,,,,,,,,,,,,,,,,,0.1745,0.8255,0.0025,0.9975,,,,,,,0.0205,0.9795,0.05,0.95,0.0035,0.9965,,,0.01,0.99,0.33,0.67,0.435,0.565,0.065,0.935,0.045,0.955,0.535,0.465,0.085,0.915,0.367,0.633,0.389,0.611,,,0.505,0.495,0.0145,0.9855,,,,,,,,,,,,,,,,,,,,,,,,,,,,,0.034,0.966,,,,,,,,,,,,,,,,,,,,,,,0.06,0.94,,,,,0.065,0.935,,,,,,,,,,,,,,,,,,,,,,,,,,,,,,,,,,,,,,,,,,,,,,,0.033,0.967,,,,,,,,,,,,,,,,,,,,,,,,,,,,,0.0025,0.9975,,,,,,,0.977,0.023,,,,,,,,,,,,,,,0.016,0.984,,,,,,,,,,,,,,,,,,,,,,,0.31,0.69,,,,,,,,,,,,,,,,,0.645,0.355,,,,,,,0.975,0.025,,,,,,,,,,,0.045,0.955,0.0205,0.9795,,,,,,,,,,,,,,,0.22,0.78,,,,,,,,,,,0.005,0.995,,,,,0.37,0.63,,,,,,,,,0.275,0.725,,,,,,,,,,,,,,,,,,,,,,,0.12,0.88,0.045,0.955,,,,,,,,,,,,,,,,,,,,,,,,,,,,,,,,,,,,,,,,,,,,,,,,,,,,,0.095,0.905,,,,,0.58,0.42,,,,,,,,,,,,,,,,,,,,,,,,,,,,,,,,,,,,,,,,,,
2024-09-23 00:00:00+00:00,0.0015,0.9985,,,0.095,0.905,,,,,,,,,,,,,,,,,0.178,0.822,0.0025,0.9975,,,,,,,0.024,0.976,0.05,0.95,0.0035,0.9965,,,0.0095,0.9905,0.33,0.67,0.485,0.515,0.055,0.945,0.055,0.945,0.54,0.46,0.085,0.915,0.367,0.633,0.394,0.606,,,0.445,0.555,0.015,0.985,,,,,,,,,,,,,,,,,,,,,,,,,,,,,0.034,0.966,,,,,,,,,,,,,,,,,,,,,,,0.065,0.935,,,,,0.065,0.935,,,,,,,,,,,,,,,,,,,,,,,,,,,,,,,,,,,,,,,,,,,,,,,0.033,0.967,,,,,,,,,,,,,,,,,,,,,,,,,,,,,0.0025,0.9975,,,,,,,0.9765,0.0235,,,,,,,,,,,,,,,0.0155,0.9845,,,,,,,,,,,,,,,,,,,,,,,0.31,0.69,,,,,,,,,,,,,,,,,0.64,0.36,,,,,,,0.975,0.025,,,,,,,,,,,0.045,0.955,0.0205,0.9795,,,,,,,,,,,,,,,0.22,0.78,,,,,,,,,,,0.0045,0.9955,,,,,0.37,0.63,,,,,,,,,0.275,0.725,,,,,,,,,,,,,,,,,,,,,,,0.12,0.88,0.035,0.965,,,,,,,,,,,,,,,,,,,,,,,,,,,,,,,,,,,,,,,,,,,,,,,,,,,,,0.09,0.91,,,,,0.575,0.425,,,,,,,,,,,,,,,,,,,,,,,,,,,,,,,,,,,,,,,,,,
2024-09-24 00:00:00+00:00,0.0015,0.9985,,,0.125,0.875,,,,,,,,,,,,,,,,,0.1855,0.8145,0.0025,0.9975,,,,,,,0.0245,0.9755,0.055,0.945,0.0035,0.9965,,,0.0085,0.9915,0.37,0.63,0.42,0.58,0.055,0.945,0.055,0.945,0.495,0.505,0.085,0.915,0.3535,0.6465,0.3935,0.6065,,,0.51,0.49,0.013,0.987,,,,,,,,,,,,,,,,,,,,,,,,,,,,,0.0335,0.9665,,,,,,,,,,,,,,,,,,,,,,,0.055,0.945,,,,,0.065,0.935,,,,,,,,,,,,,,,,,,,,,,,,,,,,,,,,,,,,,,,,,,,,,,,0.0265,0.9735,,,,,,,,,,,,,,,,,,,,,,,,,,,,,0.0025,0.9975,,,,,,,0.9765,0.0235,,,,,,,,,,,,,,,0.0155,0.9845,,,,,,,,,,,,,,,,,,,,,,,0.38,0.62,,,,,,,,,,,,,,,,,0.64,0.36,,,,,,,0.975,0.025,,,,,,,,,,,0.045,0.955,0.0205,0.9795,,,,,,,,,,,,,,,0.225,0.775,,,0.045,0.955,,,,,,,0.0045,0.9955,,,,,0.37,0.63,,,,,,,,,0.27,0.73,,,,,,,,,,,,,,,,,,,,,,,0.115,0.885,0.026,0.974,,,,,,,,,,,,,,,,,,,,,,,,,,,,,,,,,,,,,,,,,,,,,,,,,,,,,0.095,0.905,,,,,0.53,0.47,,,,,,,,,,,,,,,,,,,,,,,,,,,,,,,,,,,,,,,,,,
2024-09-25 00:00:00+00:00,0.0015,0.9985,,,0.11,0.89,,,,,,,,,,,,,,,,,0.2525,0.7475,0.0025,0.9975,,,,,,,0.022,0.978,0.05,0.95,0.0035,0.9965,,,0.007,0.993,0.39,0.61,0.485,0.515,0.034,0.966,0.05,0.95,0.48,0.52,0.075,0.925,0.3065,0.6935,0.404,0.596,,,0.44,0.56,0.0095,0.9905,,,,,,,,,,,,,,,,,,,,,,,,,,,,,0.033,0.967,,,,,,,,,,,,,,,,,,,,,,,0.06,0.94,,,,,0.065,0.935,,,,,,,,,,,,,,,,,,,,,,,,,,,,,,,,,,,,,,,,,,,,,,,0.0215,0.9785,,,,,,,,,,,,,,,,,,,,,,,,,,,,,0.0025,0.9975,,,,,,,0.9765,0.0235,,,,,,,,,,,,,,,0.0155,0.9845,,,,,,,,,,,,,,,,,,,,,,,0.51,0.49,,,,,,,,,,,,,,,,,0.64,0.36,,,,,,,0.975,0.025,,,,,,,,,,,0.045,0.955,0.0205,0.9795,,,,,,,,,,,,,,,0.23,0.77,,,,,,,,,,,0.0045,0.9955,,,,,0.375,0.625,0.79,0.21,,,,,,,0.27,0.73,,,,,,,,,,,,,,,,,,,,,,,0.11,0.89,0.026,0.974,,,0.5,0.5,,,,,,,,,,,,,,,,,,,,,,,,,,,,,,,,,,,,,,,,,,,,,,,,,0.095,0.905,,,,,0.53,0.47,,,,,,,,,,,,,,,,,,,,,,,,,,,,,,,,,,,,,,,,,,
2024-09-26 00:00:00+00:00,0.0015,0.9985,,,0.1,0.9,,,,,,,,,,,,,,,,,0.224,0.776,0.0025,0.9975,,,,,,,0.0215,0.9785,0.05,0.95,0.0035,0.9965,,,0.005,0.995,0.405,0.595,0.515,0.485,0.0405,0.9595,0.05,0.95,0.465,0.535,0.065,0.935,0.305,0.695,0.413,0.587,,,0.425,0.575,0.0205,0.9795,,,,,,,,,,,,,,,,,,,,,,,,,,,,,0.033,0.967,,,,,,,,,,,,,,,,,,,,,,,0.055,0.945,,,,,0.065,0.935,,,,,,,,,,,,,,,,,,,,,,,,,,,,,,,,,,,,,,,,,,,,,,,0.0215,0.9785,,,,,,,,,,,,,,,,,,,,,,,,,,,,,0.0025,0.9975,,,,,,,0.976,0.024,,,,,,,,,,,,,,,0.0155,0.9845,,,,,,,,,,,,,,,,,,,,,,,0.625,0.375,,,,,,,,,,,,,,,,,0.675,0.325,,,,,,,0.975,0.025,,,,,,,,,,,0.045,0.955,0.0205,0.9795,,,,,,,,,,,,,,,0.23,0.77,,,,,,,,,,,0.005,0.995,,,,,0.375,0.625,,,,,,,,,0.27,0.73,,,,,,,,,,,,,,,0.265,0.735,,,,,,,0.11,0.89,0.026,0.974,,,0.935,0.065,,,,,,,,,,,,,,,,,,,,,,,,,,,,,,,,,,,0.095,0.905,,,,,,,,,,,,,0.115,0.885,,,,,0.6,0.4,,,,,,,,,,,,,,,,,,,,,,,,,,,,,,,,,,,,,,,,,,
2024-09-27 00:00:00+00:00,0.002,0.998,,,0.105,0.895,,,,,,,,,,,,,,,,,0.1745,0.8255,0.0025,0.9975,,,,,,,0.02,0.98,0.05,0.95,0.0035,0.9965,,,0.0045,0.9955,0.41,0.59,0.455,0.545,0.0405,0.9595,0.0425,0.9575,0.47,0.53,0.065,0.935,0.335,0.665,0.415,0.585,,,0.48,0.52,0.0265,0.9735,,,,,,,,,,,,,,,,,,,,,,,,,,,,,0.033,0.967,,,,,,,,,,,,,,,,,,,,,,,0.045,0.955,0.32,0.68,,,0.065,0.935,,,,,,,,,,,,,,,,,,,,,,,,,,,,,,,,,,,,,,,,,,,,,,,0.0215,0.9785,,,,,,,,,,,,,,,,,,,,,,,,,,,,,0.003,0.997,,,,,,,0.976,0.024,,,,,,,,,,,,,,,0.0145,0.9855,,,,,,,,,,,,,,,,,,,,,,,0.66,0.34,,,,,,,,,,,,,,,,,0.675,0.325,,,,,,,0.975,0.025,,,,,,,,,,,0.04,0.96,0.0205,0.9795,,,,,,,0.105,0.895,,,,,,,0.23,0.77,,,,,,,,,,,0.005,0.995,,,,,0.36,0.64,,,,,,,,,0.27,0.73,,,,,,,,,,,,,,,0.305,0.695,,,,,,,0.11,0.89,0.026,0.974,,,0.935,0.065,,,,,,,,,,,0.07,0.93,,,,,,,,,,,,,,,,,,,,,,,0.055,0.945,,,,,,,,,,,,,0.115,0.885,,,,,0.685,0.315,,,,,,,,,,,,,,,,,,,,,,,,,,,,,,,,,,,,,,,,,,
2024-09-28 00:00:00+00:00,0.0025,0.9975,,,0.1,0.9,,,,,,,,,,,,,,,,,0.1945,0.8055,0.0025,0.9975,,,,,,,0.0205,0.9795,0.045,0.955,0.0035,0.9965,,,0.0045,0.9955,0.41,0.59,0.455,0.545,0.0525,0.9475,0.036,0.964,0.475,0.525,0.065,0.935,0.3305,0.6695,0.4035,0.5965,,,0.495,0.505,0.0225,0.9775,,,,,,,,,,,,,,,,,,,,,,,,,,,,,0.0325,0.9675,,,,,,,,,,,,,,,,,,,,,,,0.05,0.95,0.255,0.745,,,0.065,0.935,,,,,,,,,,,,,,,,,,,,,,,,,,,,,,,,,,,,,,,,,,,,,,,0.0215,0.9785,,,,,,,,,,,,,,,,,,,,,,,,,,,,,0.003,0.997,,,,,,,0.9765,0.0235,,,,,,,,,,,,,,,0.0145,0.9855,,,,,,,,,,,,,,,,,,,,,,,0.79,0.21,,,,,,,,,,,,,,,,,0.675,0.325,,,,,,,0.9755,0.0245,,,,,,,,,,,0.04,0.96,0.019,0.981,,,,,,,0.145,0.855,,,,,,,0.225,0.775,,,,,,,,,,,0.005,0.995,,,,,0.395,0.605,,,,,,,,,0.275,0.725,,,,,,,,,,,,,,,0.9995,0.0005,,,,,,,0.11,0.89,0.026,0.974,,,0.935,0.065,,,,,,,,,,,0.055,0.945,,,,,,,,,,,,,,,,,,,,,,,0.055,0.945,,,,,,,,,,,,,0.105,0.895,,,,,0.72,0.28,,,,,,,,,,,,,,,,,,,,,,,,,,,,,,,,,,,,,,,,,,
2024-09-29 00:00:00+00:00,0.002,0.998,,,0.1,0.9,,,,,,,,,,,,,,,,,0.1995,0.8005,0.0015,0.9985,,,,,,,0.022,0.978,0.05,0.95,0.004,0.996,,,0.0045,0.9955,0.405,0.595,0.465,0.535,0.0495,0.9505,0.0325,0.9675,0.465,0.535,0.065,0.935,0.3325,0.6675,0.401,0.599,,,0.485,0.515,0.0225,0.9775,,,,,,,,,,,,,,,,,,,,,,,,,,,,,0.0335,0.9665,,,,,,,,,,,,,,,,,,,,,,,0.055,0.945,0.245,0.755,,,0.065,0.935,,,,,,,,,,,,,,,,,,,,,,,,,,,,,,,,,,,,,,,,,,,,,,,0.0215,0.9785,,,,,,,,,,,,,,,,,,,,,,,,,,,,,0.0025,0.9975,,,,,,,0.976,0.024,,,,,,,,,,,,,,,0.0145,0.9855,,,,,,,,,,,,,,,,,,,,,,,0.83,0.17,,,,,,,,,,,,,,,,,0.675,0.325,,,,,,,0.9755,0.0245,,,,,,,,,,,0.04,0.96,0.019,0.981,,,,,,,0.12,0.88,,,,,,,0.21,0.79,,,,,,,,,,,0.005,0.995,,,,,0.405,0.595,,,,,,,,,0.265,0.735,,,,,,,,,,,,,,,,,,,,,,,0.105,0.895,0.026,0.974,,,0.935,0.065,,,,,,,,,,,,,,,,,,,,,,,,,,,,,,,,,,,,,,,,,,,,,,,,,0.11,0.89,,,,,0.705,0.295,,,,,,,,,,,,,,,,,,,,,,,,,,,,,,,,,,,,,,,,,,
2024-09-30 00:00:00+00:00,0.002,0.998,,,0.095,0.905,,,,,,,,,,,,,,,,,0.1925,0.8075,0.002,0.998,,,,,,,0.023,0.977,0.05,0.95,0.004,0.996,,,0.0045,0.9955,0.405,0.595,0.445,0.555,0.0455,0.9545,0.0325,0.9675,0.465,0.535,0.065,0.935,0.3415,0.6585,0.401,0.599,,,0.505,0.495,0.0225,0.9775,,,,,,,,,,,,,,,,,,,,,,,,,,,,,0.0335,0.9665,,,,,,,,,,,,,,,,,,,,,,,0.05,0.95,0.205,0.795,,,0.065,0.935,,,,,,,,,,,,,,,,,,,,,,,,,,,,,,,,,,,,,,,,,,,,,,,0.0185,0.9815,,,,,,,,,,,,,,,,,,,,,,,,,,,,,0.0025,0.9975,,,,,,,0.9765,0.0235,,,,,,,,,,,,,,,0.0145,0.9855,,,,,,,,,,,,,,,,,,,,,,,0.865,0.135,,,,,,,,,,,,,,,,,0.675,0.325,,,,,,,0.9755,0.0245,,,,,,,,,,,0.045,0.955,0.019,0.981,,,,,,,0.095,0.905,,,,,,,0.205,0.795,,,,,,,,,,,0.005,0.995,,,,,0.395,0.605,,,,,,,,,0.275,0.725,,,,,,,,,,,,,,,,,,,,,,,0.105,0.895,0.0245,0.9755,,,0.945,0.055,,,,,,,,,,,,,,,,,,,,,,,,,,,,,,,,,,,,,,,,,,,,,,,,,0.11,0.89,,,,,0.69,0.31,,,,,,,,,,,,,,,,,,,,,,,,,,,,,,,,,,,,,,,,,,
2024-10-01 00:00:00+00:00,0.0015,0.9985,,,0.095,0.905,,,,,,,,,,,,,,,,,0.13,0.87,0.0015,0.9985,,,,,,,0.013,0.987,0.05,0.95,0.004,0.996,,,0.0045,0.9955,0.39,0.61,0.32,0.68,0.0595,0.9405,0.035,0.965,0.5,0.5,0.06,0.94,0.3985,0.6015,0.403,0.597,,,0.64,0.36,0.0245,0.9755,,,,,,,,,,,,,,,,,,,,,,,,,,,,,0.0335,0.9665,,,,,,,,,,,,,,,,,,,,,,,0.05,0.95,0.235,0.765,,,0.055,0.945,,,,,,,,,,,,,,,,,,,,,,,,,,,,,,,,,,,,,,,,,,,,,,,0.0185,0.9815,,,,,,,,,,,,,,,,,,,,,,,,,,,,,0.0025,0.9975,,,,,,,0.9775,0.0225,,,,,,,,,,,,,,,0.0145,0.9855,,,,,,,,,,,,,,,,,,,,,,,0.91,0.09,,,,,,,,,,,,,,,,,0.675,0.325,,,,,,,0.9755,0.0245,,,,,,,,,,,0.0395,0.9605,0.019,0.981,,,,,,,,,,,,,,,0.225,0.775,,,,,,,,,,,0.005,0.995,,,,,0.4,0.6,,,,,,,,,0.27,0.73,,,,,,,,,,,,,,,,,,,,,,,0.1,0.9,0.0245,0.9755,,,0.945,0.055,,,,,,,,,,,,,,,,,,,,,,,,,,,,,,,,,,,,,,,,,,,,,,,,,0.175,0.825,,,,,0.69,0.31,,,,,,,,,,,,,,,,,,,,,,,,,,,,,,,,,,,,,,,,,,
2024-10-02 00:00:00+00:00,0.0015,0.9985,,,0.11,0.89,,,,,,,,,,,,,,,,,0.139,0.861,0.0015,0.9985,,,,,,,0.014,0.986,0.05,0.95,0.0055,0.9945,,,0.0045,0.9955,0.39,0.61,0.335,0.665,0.05,0.95,0.0375,0.9625,0.495,0.505,0.06,0.94,0.387,0.613,0.3885,0.6115,,,0.62,0.38,0.0255,0.9745,,,,,,,,,,,,,,,,,,,,,,,,,,,,,0.033,0.967,,,,,,,,,,,,,,,,,,,,,,,0.045,0.955,0.225,0.775,,,0.06,0.94,,,,,,,,,,,,,,,,,,,,,,,,,,,,,,,,,,,,,,,,,,,,,,,0.0185,0.9815,,,,,,,,,,,,,,,,,,,,,,,,,,,,,0.0025,0.9975,,,,,,,0.9775,0.0225,,,,,,,,,,,,,,,0.0145,0.9855,,,,,,,,,,,,,,,,,,,,,,,0.925,0.075,,,,,,,,,,,,,,,,,0.665,0.335,,,,,,,0.9755,0.0245,,,,,,,,,,,0.033,0.967,0.019,0.981,,,,,,,,,,,,,,,0.15,0.85,,,,,,,,,,,0.0045,0.9955,,,,,0.455,0.545,,,,,,,,,0.275,0.725,,,,,,,,,,,,,,,,,,,,,,,0.0815,0.9185,0.024,0.976,,,0.935,0.065,,,,,,,,,,,,,,,,,,,,,,,,,,,,,,,,,,,,,,,,,,,,,,,,,0.17,0.83,,,,,0.595,0.405,,,,,,,,,,,,,,,,,,,,,,,,,,,,,,,,,,,,,,,,,,
2024-10-03 00:00:00+00:00,0.0015,0.9985,,,0.11,0.89,,,,,,,,,,,,,,,,,0.127,0.873,0.0015,0.9985,,,,,,,0.0145,0.9855,0.05,0.95,0.006,0.994,,,0.004,0.996,0.385,0.615,0.32,0.68,0.0605,0.9395,0.048,0.952,0.5,0.5,0.055,0.945,0.402,0.598,0.3875,0.6125,,,0.63,0.37,0.027,0.973,,,,,,,,,,,,,,,,,,,,,,,,,,,,,0.033,0.967,,,,,,,,,,,,,,,,,,,,,,,0.045,0.955,0.23,0.77,,,0.055,0.945,,,,,,,,,,,,,,,,,,,,,,,,,,,,,,,,,,,,,,,,,,,,,,,0.0185,0.9815,,,,,,,,,,,,,,,,,,,,,,,,,,,,,0.0025,0.9975,,,,,,,0.9775,0.0225,,,,,,,,,,,,,,,0.0145,0.9855,,,,,,,,,,,,,,,,,,,,,,,0.925,0.075,,,,,,,,,,,,,,,,,0.705,0.295,,,,,,,0.9755,0.0245,,,,,,,,,,,0.039,0.961,0.019,0.981,,,,,,,,,,,,,,,0.13,0.87,,,,,,,,,,,0.0045,0.9955,,,,,0.48,0.52,,,,,,,,,0.275,0.725,,,,,,,,,,,,,,,,,,,,,,,0.0975,0.9025,0.024,0.976,,,,,,,,,,,,,,,,,,,,,,,,,,,,,,,,,,,,,,,,,,,,,,,,,,,,,0.13,0.87,,,,,0.605,0.395,,,,,,,,,,,,,,,,,,,,,,,,,,,,,,,,,,,,,,,,,,
2024-10-04 00:00:00+00:00,0.0015,0.9985,,,0.11,0.89,,,,,,,,,,,,,,,,,0.1145,0.8855,0.0015,0.9985,,,,,,,0.0145,0.9855,0.036,0.964,0.006,0.994,,,0.004,0.996,0.355,0.645,0.29,0.71,0.0615,0.9385,0.043,0.957,0.555,0.445,0.055,0.945,0.4295,0.5705,0.3765,0.6235,,,0.66,0.34,0.024,0.976,,,,,,,,,,,,,,,,,,,,,,,,,,,,,0.033,0.967,,,,,,,,,,,,,,,,,,,,,,,0.055,0.945,0.215,0.785,,,0.055,0.945,,,,,,,,,,,,,,,,,,,,,,,,,,,,,,,,,,,,,,,,,,,,,,,0.0185,0.9815,,,,,,,,,,,,,,,,,,,,,,,,,,,,,0.0025,0.9975,,,,,,,0.978,0.022,,,,,,,,,,,,,,,0.0145,0.9855,,,,,,,,,,,,,,,,,,,,,,,0.94,0.06,,,,,,,,,,,,,,,,,0.745,0.255,,,,,,,0.979,0.021,,,,,,,,,,,0.041,0.959,0.0135,0.9865,,,,,,,,,,,,,,,0.12,0.88,,,,,,,,,,,0.0045,0.9955,,,,,0.39,0.61,,,,,,,,,0.325,0.675,,,,,,,,,,,,,,,,,,,,,,,0.144,0.856,0.024,0.976,,,,,,,,,,,,,,,,,,,,,,,,,,,,,,,,,,,,,,,,,,,,,,,,,,,,,0.125,0.875,,,,,0.625,0.375,,,,,,,,,,,,,,,,,,,,,,,,,,,,,,,,,,,,,,,,,,
2024-10-05 00:00:00+00:00,0.0025,0.9975,,,0.105,0.895,,,,,,,,,,,,,,,,,0.033,0.967,0.0015,0.9985,,,,,,,0.0035,0.9965,0.02,0.98,0.0045,0.9955,,,0.004,0.996,0.15,0.85,0.115,0.885,0.102,0.898,0.085,0.915,0.73,0.27,0.065,0.935,0.6825,0.3175,0.156,0.844,,,0.79,0.21,0.026,0.974,,,,,,,,,,,,,,,,,,,,,,,,,,,,,0.0355,0.9645,,,,,,,,,,,,,,,,,,,,,,,0.0395,0.9605,0.21,0.79,,,0.065,0.935,,,,,,,,,,,,,,,,,,,,,,,,,,,,,,,,,,,,,,,,,,,,,,,0.019,0.981,,,,,,,,,,,,,,,,,,,,,,,,,,,,,0.002,0.998,,,,,,,0.9775,0.0225,,,,,,,,,,,,,,,0.0145,0.9855,,,,,,,,,,,,,,,,,,,,,,,0.935,0.065,,,,,,,,,,,,,,,,,0.725,0.275,,,,,,,0.9795,0.0205,,,,,,,,,,,,,0.013,0.987,,,,,,,,,,,,,,,,,,,,,,,,,,,0.0045,0.9955,,,,,,,,,,,,,,,,,,,,,,,,,,,,,,,,,,,,,,,,,0.023,0.977,,,,,,,,,,,,,,,,,,,,,,,,,,,,,,,,,,,,,,,,,,,,,,,,,,,,,0.165,0.835,,,,,,,,,,,,,,,,,,,,,,,,,,,,,,,,,,,,,,,,,,,,,,,,
2024-10-06 00:00:00+00:00,0.003,0.997,,,0.105,0.895,,,,,,,,,,,,,,,,,0.037,0.963,0.0015,0.9985,,,,,,,0.003,0.997,0.02,0.98,0.004,0.996,,,0.005,0.995,0.245,0.755,0.125,0.875,0.101,0.899,0.075,0.925,0.69,0.31,0.065,0.935,0.6355,0.3645,0.158,0.842,,,0.805,0.195,0.027,0.973,,,,,,,,,,,,,,,,,,,,,,,,,,,,,0.0355,0.9645,,,,,,,,,,,,,,,,,,,,,,,0.043,0.957,0.195,0.805,,,0.065,0.935,,,,,,,,,,,,,,,,,,,,,,,,,,,,,,,,,,,,,,,,,,,,,,,0.0165,0.9835,,,,,,,,,,,,,,,,,,,,,,,,,,,,,0.0015,0.9985,,,,,,,0.978,0.022,,,,,,,,,,,,,,,0.0145,0.9855,,,,,,,,,,,,,,,,,,,,,,,0.935,0.065,,,,,,,,,,,,,,,,,0.725,0.275,,,,,,,0.9795,0.0205,,,,,,,,,,,,,0.013,0.987,,,,,,,,,,,,,,,,,,,,,,,,,,,0.0035,0.9965,,,,,,,,,,,,,,,,,,,,,,,,,,,,,,,,,,,,,,,,,0.023,0.977,,,,,,,,,,,,,,,,,,,,,,,,,,,,,,,,,,,,,,,,,,,,,,,,,,,,,0.065,0.935,,,,,,,,,,,,,,,,,,,,,,,,,,,,,,,,,,,,,,,,,,,,,,,,
2024-10-07 00:00:00+00:00,0.0025,0.9975,,,0.11,0.89,,,,,,,,,,,,,,,,,0.031,0.969,0.0015,0.9985,,,,,,,0.003,0.997,0.0215,0.9785,0.0035,0.9965,,,0.005,0.995,0.16,0.84,0.105,0.895,0.103,0.897,0.0765,0.9235,0.735,0.265,0.07,0.93,0.668,0.332,0.145,0.855,,,0.82,0.18,0.035,0.965,,,,,,,,,,,,,,,,,,,,,,,,,,,,,0.0345,0.9655,,,,,,,,,,,,,,,,,,,,,,,0.042,0.958,0.195,0.805,,,0.065,0.935,,,,,,,,,,,,,,,,,,,,,,,,,,,,,,,,,,,,,,,,,,,,,,,0.0175,0.9825,,,,,,,,,,,,,,,,,,,,,,,,,,,,,0.002,0.998,,,,,,,0.979,0.021,,,,,,,,,,,,,,,0.0145,0.9855,,,,,,,,,,,,,,,,,,,,,,,0.85,0.15,,,,,,,,,,,,,,,,,0.735,0.265,,,,,,,0.9795,0.0205,,,,,,,,,,,,,0.013,0.987,,,,,,,,,,,,,,,,,,,,,,,,,,,0.0035,0.9965,,,,,,,,,,,,,,,,,,,,,,,,,,,,,,,,,,,,,,,,,0.023,0.977,,,,,,,,,,,,,,,,,,,,,,,,,,,,,,,,,,,,,,,,,,,,,,,,,,,,,0.19,0.81,,,,,,,,,,,,,,,,,,,,,,,,,,,,,,,,,,,,,,,,,,,,,,,,
2024-10-08 00:00:00+00:00,0.0025,0.9975,,,0.17,0.83,,,,,,,,,,,,,,,,,0.0345,0.9655,0.0025,0.9975,,,,,,,0.0035,0.9965,0.015,0.985,0.003,0.997,,,0.0055,0.9945,0.145,0.855,0.095,0.905,0.176,0.824,0.1685,0.8315,0.695,0.305,0.095,0.905,0.6305,0.3695,0.093,0.907,,,0.735,0.265,0.049,0.951,,,,,,,,,,,,,,,,,,,,,,,,,,,,,0.036,0.964,,,,,,,,,,,,,,,,,,,,,,,0.0465,0.9535,0.195,0.805,,,0.045,0.955,,,,,,,,,,,,,,,,,,,,,,,,,,,,,,,,,,,,,,,,,,,,,,,0.018,0.982,,,,,,,,,,,,,,,,,,,,,,,,,,,,,0.002,0.998,,,,,,,0.9825,0.0175,,,,,,,,,,,,,,,0.0105,0.9895,,,,,,,,,,,,,,,,,,,,,,,0.855,0.145,,,,,,,,,,,,,,,,,0.78,0.22,,,,,,,0.983,0.017,,,,,,,,,,,,,0.0105,0.9895,,,,,,,,,,,,,,,,,,,,,,,,,,,0.0035,0.9965,,,,,,,,,,,,,,,,,0.5,0.5,,,,,,,,,,,,,,,,,,,,,,,0.022,0.978,,,,,,,,,,,,,,,,,,,,,,,,,,,,,,,,,,,,,,,,,,,,,,,,,,,,,0.205,0.795,,,,,,,,,,,,,,,,,,,,,,,,,,,,,,,,,,,,,,,,,,,,,,,,
2024-10-09 00:00:00+00:00,0.0025,0.9975,,,0.12,0.88,,,,,,,,,,,,,,,,,0.0295,0.9705,0.0025,0.9975,,,,,,,0.004,0.996,0.0185,0.9815,0.0025,0.9975,,,0.0045,0.9955,0.16,0.84,0.085,0.915,0.161,0.839,0.1295,0.8705,0.695,0.305,0.115,0.885,0.631,0.369,0.115,0.885,,,0.785,0.215,0.05,0.95,,,,,,,,,,,,,,,,,,,,,,,,,,,,,0.0315,0.9685,,,,,,,,,,,,,,,,,,,,,,,0.047,0.953,0.195,0.805,,,0.045,0.955,,,,,,,,,,,,,,,,,,,,,0.485,0.515,,,,,,,,,,,,,,,,,,,,,,,,,0.0175,0.9825,,,,,,,,,,,,,,,,,,,,,,,,,,,,,0.002,0.998,,,,,,,0.9825,0.0175,,,,,,,,,,,,,,,0.0105,0.9895,,,,,,,,,,,,,,,,,,,,,,,0.88,0.12,,,,,,,,,,,,,,,,,0.8,0.2,,,,,,,0.982,0.018,,,,,,,,,,,,,0.009,0.991,,,,,,,,,,,0.185,0.815,,,,,,,,,,,,,,,0.0035,0.9965,,,,,,,,,,,,,,,,,0.235,0.765,,,,,,,,,,,,,,,,,,,,,,,0.0225,0.9775,,,,,,,0.365,0.635,,,0.13,0.87,,,,,,,,,,,,,,,,,,,,,,,,,,,,,,,,,,,,,,,,,0.115,0.885,,,,,,,,,,,,,,,,,,,,,,,,,,,,,,,,,,,,,,,,,,,,,,,,
2024-10-10 00:00:00+00:00,0.0025,0.9975,,,0.12,0.88,,,,,,,,,,,,,,,,,0.0335,0.9665,0.0025,0.9975,,,,,,,0.004,0.996,0.023,0.977,0.007,0.993,,,0.006,0.994,0.145,0.855,0.075,0.925,0.195,0.805,0.172,0.828,0.685,0.315,0.13,0.87,0.6255,0.3745,0.099,0.901,,,0.75,0.25,0.058,0.942,,,,,,,,,,,,,,,,,,,,,,,,,,,,,0.0345,0.9655,,,,,,,,,,,,,,,,,,,,,,,0.048,0.952,0.205,0.795,,,0.05,0.95,,,,,,,,,,,,,,,,,,,,,0.385,0.615,,,,,,,,,,,,,,,,,,,,,,,,,0.018,0.982,,,,,,,,,,,,,,,,,,,,,,,,,,,,,0.002,0.998,,,,,,,0.983,0.017,,,,,,,,,,,,,,,0.01,0.99,,,,,,,,,,,,,,,,,,,,,,,0.945,0.055,,,,,,,,,,,,,,,,,0.845,0.155,,,,,,,0.9815,0.0185,,,,,,,,,,,,,0.0085,0.9915,,,,,,,,,,,0.17,0.83,,,,,,,,,,,,,,,0.0035,0.9965,,,,,,,,,,,,,,,,,0.125,0.875,,,,,,,,,,,,,,,,,,,,,,,0.0125,0.9875,,,,,,,0.32,0.68,,,0.08,0.92,,,,,,,0.017,0.983,,,,,,,,,,,,,,,,,,,,,,,,,,,,,,,,,,,,,,,,,,,,,,,,,,,,,,,,,,,,,,,,,,,,,,,0.17,0.83,,,,,,,,,,
2024-10-11 00:00:00+00:00,0.0025,0.9975,,,0.125,0.875,,,,,,,,,,,,,,,,,0.027,0.973,0.0025,0.9975,,,,,,,0.0035,0.9965,0.0175,0.9825,0.005,0.995,,,0.0065,0.9935,0.095,0.905,0.075,0.925,0.207,0.793,0.157,0.843,0.715,0.285,0.165,0.835,0.6315,0.3685,0.074,0.926,,,0.765,0.235,0.049,0.951,,,,,,,,,,,,,,,,,,,,,,,,,,,,,0.036,0.964,,,,,,,,,,,,,,,,,,,,,,,0.0485,0.9515,0.2,0.8,,,0.055,0.945,,,,,,,,,,,,,,,,,,,,,0.41,0.59,,,,,,,,,,,,,,,,,,,,,,,,,0.016,0.984,,,,,,,,,,,,,,,,,,,,,,,,,,,,,0.002,0.998,,,,,,,0.9815,0.0185,,,,,,,,,,,,,,,0.01,0.99,,,,,,,,,,,,,,,,,,,,,,,0.969,0.031,,,,,,,,,,,,,,,,,,,,,0.625,0.375,,,0.9785,0.0215,,,,,,,,,,,,,0.0125,0.9875,,,,,,,,,,,0.165,0.835,,,,,,,,,,,,,,,0.0035,0.9965,,,,,,,,,,,,,,,,,0.075,0.925,,,,,,,,,,,,,,,,,,,,,,,0.012,0.988,,,,,,,0.27,0.73,,,0.115,0.885,,,,,,,0.012,0.988,,,,,,,,,,,,,,,,,,,,,,,,,,,,,,,,,,,,,,,,,,,,,,,,,,,,,,,,,,,,,,,,,,,,,,,0.18,0.82,,,,,,,,,,
2024-10-12 00:00:00+00:00,0.0025,0.9975,,,0.105,0.895,,,,,,,,,,,,,,,,,0.0245,0.9755,0.0025,0.9975,,,,,,,0.0035,0.9965,0.0195,0.9805,0.0035,0.9965,,,0.0035,0.9965,0.12,0.88,0.075,0.925,0.186,0.814,0.118,0.882,0.71,0.29,0.16,0.84,0.6615,0.3385,0.072,0.928,,,0.795,0.205,0.0555,0.9445,,,,,,,,,,,,,,,,,,,,,,,,,,,,,0.035,0.965,,,,,,,,,,,,,,,,,,,,,,,0.047,0.953,0.2,0.8,,,0.055,0.945,,,,,,,,,,,,,,,,,,,,,0.42,0.58,,,,,,,,,,,,,,,,,,,,,,,,,0.0155,0.9845,,,,,,,,,,,,,,,,,,,,,,,,,,,,,0.002,0.998,,,,,,,0.982,0.018,,,,,,,,,,,,,,,0.01,0.99,,,,,,,,,,,,,,,,,,,,,,,0.954,0.046,,,,,,,,,,,,,,,,,,,,,0.815,0.185,,,0.979,0.021,,,,,,,,,,,,,0.0135,0.9865,,,,,,,,,,,0.155,0.845,,,,,,,,,,,,,,,0.0035,0.9965,,,,,,,,,,,,,,,,,0.065,0.935,,,,,,,,,,,,,,,,,,,,,,,0.011,0.989,,,,,,,0.255,0.745,,,0.12,0.88,,,,,,,0.008,0.992,,,,,,,,,,,,,,,,,,,,,,,,,,,,,,,,,,,,,,,,,,,,,,,,,,,,,,,,,,,,,,,,,,,,,,,,,,,,,,,,,,
2024-10-13 00:00:00+00:00,0.0025,0.9975,,,0.11,0.89,,,,,,,,,,,,,,,,,0.024,0.976,0.0025,0.9975,,,,,,,0.0055,0.9945,0.0185,0.9815,0.0035,0.9965,,,0.0045,0.9955,0.115,0.885,0.085,0.915,0.1775,0.8225,0.119,0.881,0.71,0.29,0.15,0.85,0.6715,0.3285,0.0735,0.9265,,,0.795,0.205,0.056,0.944,,,,,,,,,,,,,,,,,,,,,,,,,,,,,0.03,0.97,,,,,,,,,,,,,,,,,,,,,,,0.049,0.951,0.185,0.815,,,0.05,0.95,,,,,,,,,,,,,,,,,,,,,0.435,0.565,,,,,,,,,,,,,,,,,,,,,,,,,0.0245,0.9755,,,,,,,,,,,,,,,,,,,,,,,,,,,,,0.002,0.998,,,,,,,0.9815,0.0185,,,,,,,,,,,,,,,0.01,0.99,,,,,,,,,,,,,,,,,,,,,,,0.955,0.045,,,,,,,,,,,,,,,,,,,,,0.795,0.205,,,0.979,0.021,,,,,,,,,,,,,0.0135,0.9865,,,,,,,,,,,0.155,0.845,,,,,,,,,,,,,,,0.0035,0.9965,,,,,,,,,,,,,,,,,0.065,0.935,,,,,,,,,,,,,,,,,,,,,,,0.012,0.988,,,,,,,0.265,0.735,,,0.13,0.87,,,,,,,0.0075,0.9925,,,,,,,,,,,,,,,,,,,,,,,,,,,,,,,,,,,,,,,,,,,,,,,,,,,,,,,,,,,,,,,,,,,,,,,,,,,,,,,,,,
2024-10-14 00:00:00+00:00,0.003,0.997,,,0.11,0.89,,,,,,,,,,,,,,,,,0.0235,0.9765,0.0025,0.9975,,,,,,,0.004,0.996,0.0205,0.9795,0.0035,0.9965,,,0.004,0.996,0.115,0.885,0.085,0.915,0.179,0.821,0.1095,0.8905,0.71,0.29,0.155,0.845,0.672,0.328,0.073,0.927,,,0.795,0.205,0.051,0.949,,,,,,,,,,,,,,,,,,,,,,,,,,,,,0.03,0.97,,,,,,,,,,,,,,,,,,,,,,,0.054,0.946,0.185,0.815,,,0.055,0.945,,,,,,,,,,,,,,,,,,,,,0.525,0.475,,,,,,,,,,,,,,,,,,,,,,,,,0.0215,0.9785,,,,,,,,,,,,,,,,,,,,,,,,,,,,,0.002,0.998,,,,,,,0.9815,0.0185,,,,,,,,,,,,,,,0.01,0.99,,,,,,,,,,,,,,,,,,,,,,,0.961,0.039,,,,,,,,,,,,,,,,,,,,,0.81,0.19,,,0.979,0.021,,,,,,,,,,,,,0.0175,0.9825,,,,,,,,,,,0.14,0.86,,,,,,,,,,,,,,,0.0035,0.9965,,,,,,,,,,,,,,,,,0.065,0.935,,,,,,,,,,,,,,,,,,,,,,,0.0125,0.9875,,,,,,,0.26,0.74,,,0.155,0.845,,,,,,,0.0075,0.9925,,,,,,,,,,,,,,,,,,,,,,,,,,,,,,,,,,,,,,,,,,,,,,,,,,,,,,,,,,,,,,,,,,,,,,,,,,,,,,,,,,
2024-10-15 00:00:00+00:00,0.0025,0.9975,,,0.11,0.89,,,,,,,,,,,,,,,,,0.02,0.98,0.0025,0.9975,,,,,,,0.0035,0.9965,0.0225,0.9775,0.0035,0.9965,,,0.004,0.996,0.115,0.885,0.075,0.925,0.1925,0.8075,0.1585,0.8415,0.71,0.29,0.165,0.835,0.6675,0.3325,0.0645,0.9355,,,0.755,0.245,0.0495,0.9505,,,,,,,,,,,,,,,,,,,,,,,,,,,,,0.0295,0.9705,,,,,,,,,,,,,,,,,,,,,,,0.0505,0.9495,0.185,0.815,,,0.045,0.955,,,,,,,,,,,,,,,,,,,,,0.46,0.54,,,,,,,,,,,,,,,,,,,,,,,,,0.0155,0.9845,,,,,,,,,,,,,,,,,,,,,,,,,,,,,0.002,0.998,,,,,,,0.9815,0.0185,,,,,,,,,,,,,,,0.01,0.99,,,,,,,,,,,,,,,,,,,,,,,0.975,0.025,,,,,,,,,,,,,,,,,,,,,0.8,0.2,,,0.978,0.022,,,,,,,,,,,,,0.016,0.984,,,,,,,,,,,0.15,0.85,,,,,,,,,,,,,,,0.0035,0.9965,,,,,,,,,,,,,,,,,0.065,0.935,,,,,,,,,,,,,,,,,,,,,,,0.015,0.985,0.75,0.25,,,,,0.27,0.73,,,0.195,0.805,,,,,,,0.0075,0.9925,,,,,,,,,,,,,,,,,,,,,,,,,,,,,,,,,,,,,,,,,,,,,,,,,,,,,,,,,,,,,,,,,,,,,,,,,,,,,,,,,,
2024-10-16 00:00:00+00:00,0.0025,0.9975,,,0.11,0.89,,,,,,,,,,,,,,,,,0.0225,0.9775,0.0025,0.9975,,,,,,,0.0035,0.9965,0.0155,0.9845,0.0035,0.9965,,,0.004,0.996,0.115,0.885,0.045,0.955,0.175,0.825,0.108,0.892,0.725,0.275,0.16,0.84,0.6665,0.3335,0.0765,0.9235,,,0.805,0.195,0.0515,0.9485,,,,,,,,,,,,,,,,,,,,,,,,,,,,,0.0305,0.9695,,,,,,,,,,,,,,,,,,,,,,,0.055,0.945,0.185,0.815,,,0.05,0.95,,,,,,,,,,,,,,,,,,,,,0.6,0.4,,,,,,,,,,,,,,,,,,,,,,,,,0.022,0.978,,,,,,,,,,,,,,,,,,,,,,,,,,,,,0.0025,0.9975,,,,,,,0.9815,0.0185,,,,,,,,,,,,,,,0.01,0.99,,,,,,,,,,,,,,,,,,,,,,,0.9805,0.0195,,,,,,,,,,,,,,,,,,,,,0.8,0.2,,,0.977,0.023,,,,,,,,,,,,,0.016,0.984,,,,,,,,,,,0.125,0.875,,,,,,,,,,,,,,,0.0035,0.9965,,,,,,,,,,,,,,,,,0.065,0.935,,,,,,,,,,,,,,,,,,,,,,,0.017,0.983,0.865,0.135,,,,,0.265,0.735,,,0.26,0.74,,,,,,,0.0075,0.9925,,,,,,,,,,,,,,,,,,,,,,,,,,,,,,,,,,,,,,,,,,,,,,,,,,,,,,,,,,,,,,,,,,,,,,,,,,,,,,,,,,
2024-10-17 00:00:00+00:00,0.0025,0.9975,,,0.1,0.9,,,,,,,,,,,,,,,,,0.0205,0.9795,0.0025,0.9975,,,,,,,0.0045,0.9955,0.0195,0.9805,0.0035,0.9965,,,0.004,0.996,0.115,0.885,0.045,0.955,0.1685,0.8315,0.1075,0.8925,0.715,0.285,0.165,0.835,0.653,0.347,0.0755,0.9245,,,0.8,0.2,0.0515,0.9485,,,,,,,,,,,,,,,,,,,,,,,,,,,,,0.0305,0.9695,,,,,,,,,,,,,,,,,,,,,,,0.053,0.947,0.17,0.83,,,0.05,0.95,,,,,,,,,,,,,,,,,,,,,0.695,0.305,,,,,,,,,,,,,,,,,,,,,,,,,0.027,0.973,,,,,,,,,,,,,,,,,,,,,,,,,,,,,0.002,0.998,,,,,,,0.9815,0.0185,,,,,,,,,,,,,,,0.0085,0.9915,,,,,,,,,,,,,,,,,,,,,,,0.964,0.036,,,,,,,,,,,,,,,,,,,,,0.795,0.205,,,0.975,0.025,,,,,,,,,,,,,0.018,0.982,,,,,,,,,,,0.095,0.905,,,,,,,,,,,,,,,0.0035,0.9965,,,,,,,,,,,,,,,,,0.05,0.95,,,,,,,,,,,,,,,,,,,,,,,0.017,0.983,,,,,,,0.3,0.7,,,0.35,0.65,,,,,,,0.0065,0.9935,,,,,,,,,,,,,,,,,,,,,,,,,,,,,,,,,,,,,,,,,,,,,,,,,,,,,,,,,,,,,,,,,,,,,,,,,,,,,,,,,,
2024-10-18 00:00:00+00:00,0.0025,0.9975,,,0.105,0.895,,,,,,,,,,,,,,,,,0.0165,0.9835,0.0015,0.9985,,,,,,,0.0045,0.9955,0.0155,0.9845,0.003,0.997,,,0.005,0.995,0.095,0.905,0.041,0.959,0.2115,0.7885,0.13,0.87,0.705,0.295,0.175,0.825,0.63,0.37,0.0675,0.9325,,,0.79,0.21,0.0575,0.9425,,,,,,,,,,,,,,,,,,,,,,,,,,,,,0.0325,0.9675,,,,,,,,,,,,,,,,,,,,,,,0.045,0.955,0.16,0.84,,,0.045,0.955,,,,,,,,,,,,,,,,,,,,,0.58,0.42,,,,,,,,,,,,,,,,,,,,,,,,,0.022,0.978,,,,,,,,,,,,,,,,,,,,,,,,,,,,,0.002,0.998,,,,,,,0.9815,0.0185,,,,,,,,,,,,,,,0.006,0.994,,,,,,,,,,,,,,,,,,,,,,,,,,,,,,,,,,,,,,,,,,,,,0.755,0.245,,,0.9755,0.0245,,,,,,,,,,,,,0.0175,0.9825,,,,,,,,,,,0.1,0.9,,,,,,,,,,,,,,,0.0035,0.9965,,,,,,,,,,,,,,,,,0.05,0.95,,,,,,,,,,,,,,,,,,,,,,,0.017,0.983,,,,,,,0.3,0.7,,,0.345,0.655,,,,,,,0.0065,0.9935,,,,,,,,,,,,,,,,,,,,,,,,,,,,,,,,,,,,,,,,,,,,,,,,,,,,,,,,,,,,,,,,,,,,,,,,,,,,,,,,,,
2024-10-19 00:00:00+00:00,0.0025,0.9975,,,0.105,0.895,,,,,,,,,,,,,,,,,0.0235,0.9765,0.0015,0.9985,,,,,,,0.0035,0.9965,0.0155,0.9845,0.0035,0.9965,,,0.0055,0.9945,0.095,0.905,0.038,0.962,0.207,0.793,0.1065,0.8935,0.695,0.305,0.195,0.805,0.6355,0.3645,0.0725,0.9275,,,0.84,0.16,0.052,0.948,,,,,,,,,,,,,,,,,,,,,,,,,,,,,0.0325,0.9675,,,,,,,,,,,,,,,,,,,,,,,0.043,0.957,0.16,0.84,,,0.045,0.955,,,,,,,,,,,,,,,,,,,,,0.59,0.41,,,,,,,,,,,,,,,,,,,,,,,,,0.0125,0.9875,,,,,,,,,,,,,,,,,,,,,,,,,,,,,0.002,0.998,,,,,,,0.981,0.019,,,,,,,,,,,,,,,0.006,0.994,,,,,,,,,,,,,,,,,,,,,,,,,,,,,,,,,,,,,,,,,,,,,0.845,0.155,,,0.9755,0.0245,,,,,,,,,,,,,0.0175,0.9825,,,,,,,,,,,0.1,0.9,,,,,,,,,,,,,,,0.003,0.997,,,,,,,,,,,,,,,,,0.0265,0.9735,,,,,,,,,,,,,,,,,,,,,,,0.016,0.984,,,,,,,0.29,0.71,,,0.36,0.64,,,,,0.56,0.44,0.006,0.994,,,,,,,,,,,,,,,,,,,,,,,,,,,,,,,,,,,,,,,,,,,,,,,,,,,,,,,,,,,,,,,,,,,,,,,,,,,,,,,,,,
2024-10-20 00:00:00+00:00,0.0025,0.9975,,,0.105,0.895,,,,,,,,,,,,,,,,,0.023,0.977,0.0025,0.9975,,,,,,,0.004,0.996,0.0175,0.9825,0.004,0.996,,,0.0055,0.9945,0.095,0.905,0.0385,0.9615,0.206,0.794,0.0925,0.9075,0.695,0.305,0.195,0.805,0.649,0.351,0.0705,0.9295,,,0.85,0.15,0.0545,0.9455,,,,,,,,,,,,,,,,,,,,,,,,,,,,,0.0325,0.9675,,,,,,,,,,,,,,,,,,,,,,,0.045,0.955,0.17,0.83,,,0.045,0.955,,,,,,,,,,,,,,,,,,,,,0.6,0.4,,,,,,,,,,,,,,,,,,,,,,,,,0.0105,0.9895,,,,,,,,,,,,,,,,,,,,,,,,,,,,,0.002,0.998,,,,,,,0.9795,0.0205,,,,,,,,,,,,,,,0.005,0.995,,,,,,,,,,,,,,,,,,,,,,,,,,,,,,,,,,,,,,,,,,,,,0.81,0.19,,,0.9755,0.0245,,,,,,,,,,,,,0.018,0.982,,,,,,,,,,,0.1,0.9,,,,,,,,,,,,,,,0.003,0.997,,,,,,,,,,,,,,,,,0.0215,0.9785,,,,,,,,,,,,,,,,,,,,,,,0.0095,0.9905,,,,,,,0.29,0.71,,,0.365,0.635,,,,,0.645,0.355,0.004,0.996,,,,,,,,,,,,,,,,,,,,,,,,,,,,,,,,,,,,,,,,,,,,,,,,,,,,,,,,,,,,,,,,,,,,,,,,,,,,,,,,,,
2024-10-21 00:00:00+00:00,0.0025,0.9975,,,0.105,0.895,,,,,,,,,,,,,,,,,0.024,0.976,0.0025,0.9975,,,,,,,0.0035,0.9965,0.0205,0.9795,0.004,0.996,,,0.006,0.994,0.095,0.905,0.0415,0.9585,0.2045,0.7955,0.0955,0.9045,0.695,0.305,0.2,0.8,0.652,0.348,0.0675,0.9325,,,0.865,0.135,0.0565,0.9435,,,,,,,,,,,,,,,,,,,,,,,,,,,,,0.032,0.968,,,,,,,,,,,,,,,,,,,,,,,0.045,0.955,0.285,0.715,,,0.045,0.955,,,,,,,,,,,,,,,,,,,,,0.635,0.365,,,,,,,,,,,,,,,,,,,,,,,,,0.0115,0.9885,,,,,,,,,,,,,,,,,,,,,,,,,,,,,0.002,0.998,,,,,,,0.98,0.02,,,,,,,,,,,,,,,0.015,0.985,,,,,,,,,,,,,,,,,,,,,,,,,,,,,,,,,,,,,,,,,,,,,0.71,0.29,,,0.975,0.025,,,,,,,,,,,,,0.0185,0.9815,,,,,,,,,,,0.1,0.9,,,,,,,,,,,,,,,0.003,0.997,,,,,,,,,,,,,,,,,0.021,0.979,,,,,,,,,,,,,,,,,,,,,,,0.013,0.987,,,,,,,0.27,0.73,,,0.335,0.665,,,,,,,0.006,0.994,,,,,,,,,,,,,,,,,,,,,,,,,,,,,,,,,,,,,,,,,,,,,,,,,,,,,,,,,,,,,,,,,,,,,,,,,,,,,,,,,,
2024-10-22 00:00:00+00:00,0.0025,0.9975,,,0.105,0.895,,,,,,,,,,,,,,,,,0.016,0.984,0.0025,0.9975,,,,,,,0.004,0.996,0.0165,0.9835,0.0035,0.9965,,,0.006,0.994,0.085,0.915,0.048,0.952,0.261,0.739,0.1115,0.8885,0.695,0.305,0.215,0.785,0.602,0.398,0.063,0.937,,,0.835,0.165,0.0655,0.9345,,,,,,,,,,,,,,,,,,,,,,,,,,,,,0.032,0.968,,,,,,,,,,,,,,,,,,,,,,,0.0405,0.9595,0.215,0.785,,,0.045,0.955,,,,,,,,,,,,,,,,,,,,,0.52,0.48,,,,,,,,,,,,,,,,,,,,,,,,,0.0125,0.9875,,,,,,,,,,,,,,,,,,,,,,,,,,,,,0.002,0.998,,,,,,,0.9805,0.0195,,,,,,,,,,,,,,,0.0125,0.9875,,,,,,,,,,,,,,,,,,,,,,,,,,,,,,,,,,,,,,,,,,,,,0.785,0.215,,,0.9755,0.0245,,,,,,,,,,,,,0.0185,0.9815,,,,,,,,,,,0.09,0.91,,,,,,,,,,,,,,,0.003,0.997,,,,,,,,,,,,,,,,,0.015,0.985,,,,,,,,,,,,,,,,,,,,,,,0.012,0.988,,,,,,,0.27,0.73,,,0.375,0.625,,,,,,,0.006,0.994,,,,,,,,,,,,,,,,,,,,,,,,,,,,,,,,,,,,,,,,,,,,,,,,,,,,,,,,,,,,,,,,,,,,,,,,,,,,,,,,,,
2024-10-23 00:00:00+00:00,0.002,0.998,,,0.1,0.9,,,,,,,,,,,,,,,,,0.015,0.985,0.002,0.998,,,,,,,0.0035,0.9965,0.0155,0.9845,0.0035,0.9965,,,0.005,0.995,0.085,0.915,0.054,0.946,0.2245,0.7755,0.121,0.879,0.675,0.325,0.23,0.77,0.616,0.384,0.054,0.946,,,0.82,0.18,0.074,0.926,,,,,,,,,,,,,,,,,,,,,,,,,,,,,0.0355,0.9645,,,,,,,,,,,,,,,,,,,,,,,0.038,0.962,0.21,0.79,,,0.045,0.955,,,,,,,,,,,,,,,,,,,,,0.4,0.6,,,,,,,,,,,,,,,,,,,,,,,,,0.0105,0.9895,,,,,,,,,,,,,,,,,,,,,,,,,,,,,0.002,0.998,,,,,,,0.9805,0.0195,,,,,,,,,,,,,,,0.015,0.985,,,,,,,,,,,,,,,,,,,,,,,,,,,,,,,,,,,,,,,,,,,,,0.755,0.245,,,0.9755,0.0245,,,,,,,,,,,,,0.018,0.982,,,,,,,,,,,0.09,0.91,,,,,,,,,,,,,,,0.003,0.997,,,,,,,,,,,,,,,,,0.0205,0.9795,,,,,0.51,0.49,,,,,,,,,,,,,,,,,0.011,0.989,,,,,,,0.275,0.725,,,0.37,0.63,,,,,,,0.005,0.995,,,,,,,,,,,,,,,,,,,,,,,,,,,,,,,,,,,,,,,,,,,,,,,,,,,,,,,,,,,,,,,,,,,,,,,,,,,,,,,,,,
2024-10-24 00:00:00+00:00,0.002,0.998,,,0.1,0.9,,,,,,,,,,,,,,,,,0.019,0.981,0.002,0.998,,,,,,,0.004,0.996,0.016,0.984,0.0035,0.9965,,,0.005,0.995,0.085,0.915,0.0525,0.9475,0.2225,0.7775,0.133,0.867,0.67,0.33,0.235,0.765,0.6085,0.3915,0.0545,0.9455,,,0.82,0.18,0.0735,0.9265,,,,,,,,,,,,,,,,,,,,,,,,,,,,,0.0355,0.9645,,,,,,,,,,,,,,,,,,,,,,,0.0395,0.9605,0.21,0.79,,,0.05,0.95,,,,,,,,,,,,,,,,,,,,,0.445,0.555,,,,,,,,,,,,,,,,,,,,,,,,,0.0125,0.9875,,,,,,,,,,,,,,,,,,,,,,,,,,,,,0.002,0.998,,,,,,,0.9805,0.0195,,,,,,,,,,,,,,,0.0155,0.9845,,,,,,,,,,,,,,,,,,,,,,,,,,,,,,,,,,,,,,,,,,,,,0.715,0.285,,,0.9755,0.0245,,,,,,,,,,,,,0.018,0.982,,,,,,,,,,,0.255,0.745,,,,,,,,,,,,,,,0.003,0.997,,,,,,,,,,,,,,,,,0.0195,0.9805,,,,,0.515,0.485,,,,,,,,,,,,,,,,,0.015,0.985,,,,,,,0.225,0.775,,,0.245,0.755,,,,,,,0.005,0.995,,,,,,,,,,,,,,,,,,,,,,,,,,,,,,,,,,,,,,,,,,,,,,,,,,,,,,,,,,,,,,,,,,,,,,,,,,,,,,,,,,
2024-10-25 00:00:00+00:00,0.002,0.998,,,0.1,0.9,,,,,,,,,,,,,,,,,0.0195,0.9805,0.002,0.998,,,,,,,0.004,0.996,0.017,0.983,0.0035,0.9965,,,0.005,0.995,0.085,0.915,0.0475,0.9525,0.215,0.785,0.1175,0.8825,0.665,0.335,0.23,0.77,0.624,0.376,0.055,0.945,,,0.835,0.165,0.066,0.934,,,,,,,,,,,,,,,,,,,,,,,,,,,,,0.0355,0.9645,,,,,,,,,,,,,,,,,,,,,,,0.039,0.961,0.21,0.79,,,0.055,0.945,,,,,,,,,,,,,,,,,,,,,0.42,0.58,,,,,,,,,,,,,,,,,,,,,,,,,0.0135,0.9865,,,,,,,,,,,,,,,,,,,,,,,,,,,,,0.002,0.998,,,,,,,0.981,0.019,,,,,,,,,,,,,,,0.015,0.985,,,,,,,,,,,,,,,,,,,,,,,,,,,,,,,,,,,,,,,,,,,,,0.655,0.345,,,0.9755,0.0245,,,,,,,,,,,,,0.018,0.982,,,,,,,,,,,0.155,0.845,,,,,,,,,,,,,,,0.003,0.997,,,,,,,,,,,,,,,,,0.02,0.98,,,,,0.52,0.48,,,,,,,,,,,,,,,,,0.0155,0.9845,,,,,,,0.25,0.75,,,0.315,0.685,,,,,,,0.004,0.996,,,,,,,,,,,,,,,,,,,,,,,,,,,,,,,,,,,,,,,,,,,,,,,,,,,,,,,,,,,,,,,,,,,,,,,,,,,,,,,,,,
2024-10-26 00:00:00+00:00,0.0015,0.9985,,,0.1,0.9,,,,,,,,,,,,,,,,,0.022,0.978,0.0025,0.9975,,,,,,,0.0035,0.9965,0.0165,0.9835,0.0035,0.9965,,,0.0045,0.9955,0.085,0.915,0.0555,0.9445,0.233,0.767,0.1195,0.8805,0.675,0.325,0.21,0.79,0.616,0.384,0.0595,0.9405,,,0.825,0.175,0.0395,0.9605,,,,,,,,,,,,,,,,,,,,,,,,,,,,,0.032,0.968,,,,,,,,,,,,,,,,,,,,,,,0.0365,0.9635,0.205,0.795,,,0.045,0.955,,,,,,,,,,,,,,,,,,,,,0.45,0.55,,,,,,,,,,,,,,,,,,,,,,,,,0.0135,0.9865,,,,,,,,,,,,,,,,,,,,,,,,,,,,,0.002,0.998,,,,,,,0.9805,0.0195,,,,,,,,,,,,,,,0.016,0.984,,,,,,,,,,,,,,,,,,,,,,,,,,,,,,,,,,,,,,,,,,,,,0.71,0.29,,,0.9755,0.0245,,,,,,,,,,,,,0.018,0.982,,,,,,,,,,,0.155,0.845,,,,,,,,,,,,,,,0.003,0.997,,,,,,,,,,,,,,,,,0.0195,0.9805,,,,,0.425,0.575,,,,,,,,,,,,,,,,,0.0155,0.9845,,,,,,,0.295,0.705,,,0.285,0.715,,,,,,,0.004,0.996,,,,,,,,,,,,,,,,,,,,,,,,,,,,,,,,,,,,,,,,,,,,,,,,,,,,,,,,,,,,,,,,,,,,,,,,,,,,,,,,,,
2024-10-27 00:00:00+00:00,0.002,0.998,,,0.1,0.9,,,,,,,,,,,,,,,,,0.022,0.978,0.003,0.997,,,,,,,0.0025,0.9975,0.017,0.983,0.0045,0.9955,,,0.004,0.996,0.055,0.945,0.049,0.951,0.228,0.772,0.1165,0.8835,0.695,0.305,0.21,0.79,0.613,0.387,0.0615,0.9385,,,0.835,0.165,0.0315,0.9685,,,,,,,,,,,,,,,,,,,,,,,,,,,,,0.0315,0.9685,,,,,,,,,,,,,,,,,,,,,,,0.0365,0.9635,0.205,0.795,,,0.05,0.95,,,,,,,,,,,,,,,,,,,,,0.415,0.585,,,,,,,,,,,,,,,,,,,,,,,,,0.0125,0.9875,,,,,,,,,,,,,,,,,,,,,,,,,,,,,0.002,0.998,,,,,,,0.9805,0.0195,,,,,,,,,,,,,,,0.018,0.982,,,,,,,,,,,,,,,,,,,,,,,,,,,,,,,,,,,,,,,,,,,,,0.76,0.24,,,0.9755,0.0245,,,,,,,,,,,,,0.018,0.982,,,,,,,,,,,0.12,0.88,,,,,,,,,,,,,,,0.0015,0.9985,,,,,,,,,,,,,,,,,0.0185,0.9815,,,,,0.49,0.51,,,,,,,,,,,,,,,,,0.014,0.986,,,,,,,0.275,0.725,,,0.31,0.69,,,,,,,0.0035,0.9965,,,,,,,,,,,,,,,,,,,,,,,,,,,,,,,,,,,,,,,,,,,,,,,,,,,,,,,,,,,,,,,,,,,,,,,,,,,,,,,,,,
2024-10-28 00:00:00+00:00,0.0015,0.9985,,,0.1,0.9,,,,,,,,,,,,,,,,,0.0235,0.9765,0.0015,0.9985,,,,,,,0.0025,0.9975,0.0145,0.9855,0.004,0.996,,,0.0065,0.9935,0.055,0.945,0.0515,0.9485,0.231,0.769,0.125,0.875,0.695,0.305,0.21,0.79,0.607,0.393,0.062,0.938,,,0.825,0.175,0.0515,0.9485,,,,,,,,,,,,,,,,,,,,,,,,,,,,,0.0315,0.9685,,,,,,,,,,,,,,,,,,,,,,,0.032,0.968,0.17,0.83,,,0.055,0.945,,,,,,,,,,,,,,,,,,,,,0.49,0.51,,,,,,,,,,,,,,,,,,,,,,,,,0.015,0.985,,,,,,,,,,,,,,,,,,,,,,,,,,,,,0.002,0.998,,,,,,,0.981,0.019,,,,,,,,,,,,,,,0.018,0.982,,,,,,,,,,,,,,,,,,,,,,,,,,,,,,,,,,,,,,,,,,,,,0.73,0.27,,,0.9755,0.0245,,,,,,,,,,,,,0.018,0.982,,,,,,,,,,,0.135,0.865,,,,,,,,,,,,,,,0.0015,0.9985,,,,,,,,,,,,,,,,,0.0135,0.9865,,,,,0.9995,0.0005,,,,,,,,,,,,,,,,,0.014,0.986,,,,,,,0.25,0.75,,,0.305,0.695,,,,,,,0.004,0.996,,,,,,,,,,,,,,,,,,,,,,,,,,,,,,,,,,,,,,,,,,,,,,,,,,,,,,,,,,,,,,,,,,,,,,,,,,,,,,,,,,
2024-10-29 00:00:00+00:00,0.002,0.998,,,0.1,0.9,,,,,,,,,,,,,,,,,0.021,0.979,0.002,0.998,,,,,,,0.0025,0.9975,0.0145,0.9855,0.006,0.994,,,0.0065,0.9935,0.055,0.945,0.0475,0.9525,0.227,0.773,0.1145,0.8855,0.685,0.315,0.22,0.78,0.5955,0.4045,0.062,0.938,,,0.84,0.16,0.047,0.953,,,,,,,,,,,,,,,,,,,,,,,,,,,,,0.0315,0.9685,,,,,,,,,,,,,,,,,,,,,,,0.032,0.968,0.17,0.83,,,0.055,0.945,,,,,,,,,,,,,,,,,,,,,0.43,0.57,,,,,,,,,,,,,,,,,,,,,,,,,0.016,0.984,,,,,,,,,,,,,,,,,,,,,,,,,,,,,0.0025,0.9975,,,,,,,0.981,0.019,,,,,,,,,,,,,,,0.0105,0.9895,,,,,,,,,,,,,,,,,,,,,,,,,,,,,,,,,,,,,,,,,,,,,0.75,0.25,,,0.976,0.024,,,,,,,,,,,,,0.0175,0.9825,,,,,,,,,,,0.12,0.88,,,,,,,,,,,,,,,0.0015,0.9985,,,,,,,,,,,,,,,,,0.0055,0.9945,,,,,,,,,,,,,,,,,,,,,,,0.0135,0.9865,,,,,,,0.315,0.685,,,0.285,0.715,,,,,,,0.0035,0.9965,,,,,,,,,,,,,,,,,,,,,,,,,,,,,,,,,,,,,,,,,,,,,,,,,,,,,,,,,,,,,,,,,,,,,,,,,,,,,,,,,,
2024-10-30 00:00:00+00:00,0.0015,0.9985,,,0.1,0.9,,,,,,,,,,,,,,,,,0.0165,0.9835,0.0015,0.9985,,,,,,,0.003,0.997,0.016,0.984,0.004,0.996,,,0.007,0.993,0.055,0.945,0.056,0.944,0.2,0.8,0.1005,0.8995,0.68,0.32,0.23,0.77,0.6395,0.3605,0.0565,0.9435,,,0.845,0.155,0.0445,0.9555,,,,,,,,,,,,,,,,,,,,,,,,,,,,,0.0315,0.9685,,,,,,,,,,,,,,,,,,,,,,,0.03,0.97,0.17,0.83,,,0.055,0.945,,,,,,,,,,,,,,,,,,,,,0.47,0.53,,,,,,,,,,,,,,,,,,,,,,,,,0.0145,0.9855,,,,,,,,,,,,,,,,,,,,,,,,,,,,,0.0015,0.9985,,,,,,,0.979,0.021,,,,,,,,,,,,,,,0.0155,0.9845,,,,,,,,,,,,,,,,,,,,,,,,,,,,,,,,,,,,,,,,,,,,,0.695,0.305,,,0.9755,0.0245,,,,,,,,,,,,,0.017,0.983,,,,,,,,,,,0.12,0.88,,,,,,,,,,,,,,,0.003,0.997,,,,,,,,,,,,,,,,,0.008,0.992,,,,,,,,,,,,,,,,,,,,,,,0.0115,0.9885,,,,,,,0.315,0.685,,,0.29,0.71,,,,,,,0.004,0.996,,,,,,,,,,,,,,,,,,,,,,,,,,,,,,,,,,,,,,,,,,,,,,,,,,,,,,,,,,,,,,,,,,,,,,,,,,,,,,,,,,
2024-10-31 00:00:00+00:00,0.002,0.998,,,0.1,0.9,,,,,,,,,,,,,,,,,0.0325,0.9675,0.0025,0.9975,,,,,,,0.003,0.997,0.0165,0.9835,0.0035,0.9965,,,0.007,0.993,0.085,0.915,0.061,0.939,0.2155,0.7845,0.0865,0.9135,0.67,0.33,0.2,0.8,0.61,0.39,0.056,0.944,,,0.855,0.145,0.046,0.954,,,,,,,,,,,,,,,,,,,,,,,,,,,,,0.0315,0.9685,,,,,,,,,,,,,,,,,,,,,,,0.0255,0.9745,0.17,0.83,,,0.055,0.945,,,,,,,,,,,,,,,,,,,,,0.51,0.49,,,,,,,,,,,,,0.165,0.835,,,,,,,,,,,,,,,,,,,,,0.25,0.75,,,,,,,,,,,,,,,,,0.5,0.5,0.003,0.997,,,,,,,0.981,0.019,0.33,0.67,,,,,,,,,,,,,0.0155,0.9845,,,,,,,,,,,0.645,0.355,,,,,,,,,,,,,,,,,,,,,,,,,,,,,,,,,0.765,0.235,,,0.9755,0.0245,,,,,,,,,,,,,0.017,0.983,,,,,,,,,,,0.13,0.87,,,,,,,,,,,,,,,0.0045,0.9955,,,,,,,,,,,,,,,,,0.0065,0.9935,,,,,,,,,,,,,,,,,,,,,,,0.0035,0.9965,,,,,,,0.35,0.65,,,0.25,0.75,,,,,,,0.0035,0.9965,,,,,,,,,,,,,,,,,,,,,,,,,,,,,,,,,,,,,,,,,,,,,,,,,,,,,,,,,,,,,,,,,,,,,,,,,,,,,,,,,,
2024-11-01 00:00:00+00:00,0.002,0.998,,,0.1,0.9,,,,,,,,,,,,,,,,,0.0355,0.9645,0.003,0.997,,,,,,,0.0025,0.9975,0.0185,0.9815,0.0035,0.9965,,,0.006,0.994,0.065,0.935,0.0595,0.9405,0.212,0.788,0.099,0.901,0.625,0.375,0.26,0.74,0.6065,0.3935,0.057,0.943,,,0.835,0.165,0.036,0.964,,,,,,,,,,,,,,,,,,,,,,,,,,,,,0.0315,0.9685,,,,,,,,,,,,,,,,,,,,,,,0.0295,0.9705,0.17,0.83,,,0.055,0.945,,,,,,,,,,,,,,,,,,,,,0.46,0.54,,,,,,,,,,,,,0.0255,0.9745,,,,,,,,,,,,,,,,,,,,,0.0245,0.9755,,,,,,,,,,,,,,,,,0.18,0.82,0.003,0.997,,,,,,,0.981,0.019,0.12,0.88,,,,,,,,,,,,,0.0155,0.9845,,,,,,,,,,,0.675,0.325,,,,,,,,,,,,,,,,,,,,,,,,,,,,,,,,,0.815,0.185,,,0.9755,0.0245,,,,,,,,,,,,,0.017,0.983,,,,,,,,,,,0.12,0.88,,,,,,,,,,,,,,,0.003,0.997,,,,,,,,,,,,,,,,,0.003,0.997,,,,,,,,,,,,,,,,,,,,,,,0.003,0.997,,,,,,,0.36,0.64,,,0.27,0.73,,,,,,,0.004,0.996,,,,,,,,,,,,,,,,,,,,,,,,,,,,,,,,,,,,,,,,,,,,,,,,,,,,,,,,,,,,,,,,,,,,,,,,,,,,,,,,,,
2024-11-02 00:00:00+00:00,0.0015,0.9985,,,0.105,0.895,,,,,,,,,,,,,,,,,0.0345,0.9655,0.0035,0.9965,,,,,,,0.003,0.997,0.0215,0.9785,0.0035,0.9965,,,0.0055,0.9945,0.085,0.915,0.0485,0.9515,0.153,0.847,0.029,0.971,0.7,0.3,0.195,0.805,0.6785,0.3215,0.07,0.93,,,0.925,0.075,0.0205,0.9795,,,,,,,,,,,,,,,,,,,,,,,,,,,,,0.0265,0.9735,,,,,,,,,,,,,,,,,,,,,,,0.0305,0.9695,0.17,0.83,,,0.05,0.95,,,,,,,,,,,,,,,,,,,,,,,,,,,,,,,,,,,0.0215,0.9785,,,,,,,,,,,,,,,,,,,,,0.0305,0.9695,,,,,,,,,,,,,,,,,0.165,0.835,0.0015,0.9985,,,,,,,0.9815,0.0185,0.11,0.89,,,,,,,,,,,,,0.0155,0.9845,,,,,,,,,,,0.695,0.305,,,,,,,,,,,,,,,,,,,,,,,,,,,,,,,,,0.745,0.255,,,0.984,0.016,,,,,,,,,,,,,0.012,0.988,,,,,,,,,,,,,,,,,,,,,,,,,,,0.003,0.997,,,,,,,,,,,,,,,,,,,,,,,,,,,,,,,,,,,,,,,,,,,,,,,,,,,,,,,,,,,,,0.0025,0.9975,,,,,,,,,,,,,,,,,,,,,,,,,,,,,,,,,,,,,,,,,,,,,,,,,,,,,,,,,,,,,,,,,,,,,,,,,,,,,,,,,,
2024-11-03 00:00:00+00:00,0.0025,0.9975,,,0.105,0.895,,,,,,,,,,,,,,,,,0.0325,0.9675,0.003,0.997,,,,,,,0.003,0.997,0.0215,0.9785,0.0035,0.9965,,,0.005,0.995,0.075,0.925,0.0465,0.9535,0.1625,0.8375,0.023,0.977,0.695,0.305,0.175,0.825,0.682,0.318,0.0675,0.9325,,,0.925,0.075,0.019,0.981,,,,,,,,,,,,,,,,,,,,,,,,,,,,,0.0255,0.9745,,,,,,,,,,,,,,,,,,,,,,,0.032,0.968,0.17,0.83,,,0.05,0.95,,,,,,,,,,,,,,,,,,,,,,,,,,,,,,,,,,,0.019,0.981,,,,,,,,,,,,,,,,,,,,,0.031,0.969,,,,,,,,,,,,,,,,,0.135,0.865,0.0015,0.9985,,,,,,,0.982,0.018,0.11,0.89,,,,,,,,,,,,,0.0145,0.9855,,,,,,,,,,,0.785,0.215,,,,,,,,,,,,,,,,,,,,,,,,,,,,,,,,,0.73,0.27,,,0.984,0.016,,,,,,,,,,,,,0.0115,0.9885,,,,,,,,,,,,,,,,,,,,,,,,,,,0.003,0.997,,,,,,,,,,,,,,,,,,,0.515,0.485,,,,,,,,,,,,,,,,,,,,,,,,,,,,,,,,,,,,,,,,,0.0015,0.9985,,,,,,,,,,,,,,,,,,,,,,,,,,,,,,,,,,,,,,,,,,,,,,,,,,,,,,,,,,,,,,,,,,,,,,,,,,,,,,,,,,
2024-11-04 00:00:00+00:00,0.0015,0.9985,,,0.095,0.905,,,,,,,,,,,,,,,,,0.0325,0.9675,0.0025,0.9975,,,,,,,0.0025,0.9975,0.021,0.979,0.0035,0.9965,,,0.004,0.996,0.085,0.915,0.039,0.961,0.1695,0.8305,0.032,0.968,0.69,0.31,0.175,0.825,0.704,0.296,0.064,0.936,,,0.93,0.07,0.024,0.976,,,,,,,,,,,,,,,,,,,,,,,,,,,,,0.026,0.974,,,,,,,,,,,,,,,,,,,,,,,0.0325,0.9675,0.17,0.83,,,0.045,0.955,,,,,,,,,,,,,,,,,,,,,,,,,,,,,,,,,,,0.0195,0.9805,,,,,,,,,,,,,,,,,,,,,0.029,0.971,,,,,,,,,,,,,,,,,0.11,0.89,0.0015,0.9985,,,,,,,0.986,0.014,0.1,0.9,,,,,,,,,,,,,0.0145,0.9855,,,,,,,,,,,0.77,0.23,,,,,,,,,,,,,,,,,,,,,,,,,,,,,,,,,0.74,0.26,,,0.984,0.016,,,,,,,,,,,,,0.0115,0.9885,,,,,,,,,,,,,,,,,,,,,,,,,,,0.003,0.997,,,,,,,,,,,,,,,,,,,0.63,0.37,,,,,,,,,,,,,,,,,,,,,,,,,,,,,,,,,,,,,,,,,0.0015,0.9985,,,,,,,,,,,,,,,,,,,,,,,,,,,,,,,,,,,,,,,,,,,,,,,,,,,,,,,,,,,,,,,,,,,,,,,,,,,,,,,,,,
2024-11-05 00:00:00+00:00,0.002,0.998,,,0.105,0.895,,,,,,,,,,,,,,,,,0.031,0.969,0.002,0.998,,,,,,,0.0025,0.9975,0.029,0.971,0.0035,0.9965,,,0.004,0.996,0.085,0.915,0.0325,0.9675,0.1835,0.8165,0.034,0.966,0.685,0.315,0.165,0.835,0.699,0.301,0.0665,0.9335,,,0.935,0.065,0.02,0.98,,,,,,,,,,,,,,,,,,,,,,,,,,,,,0.0225,0.9775,,,,,,,,,,,,,,,,,,,,,,,0.0345,0.9655,0.17,0.83,,,0.05,0.95,,,,,,,,,,,,,,,,,,,,,,,,,,,,,,,,,,,0.0195,0.9805,,,,,,,,,,,,,,,,,,,,,0.0305,0.9695,,,,,,,,,,,,,,,,,0.12,0.88,0.004,0.996,,,,,,,0.9855,0.0145,0.11,0.89,,,,,,,,,,,,,0.0125,0.9875,,,,,,,,,,,0.75,0.25,,,,,,,,,,,,,,,,,,,,,,,,,,,,,,,,,0.74,0.26,,,0.9845,0.0155,,,,,,,,,,,,,0.012,0.988,,,0.26,0.74,,,,,,,,,,,,,,,,,,,,,,,0.003,0.997,,,,,,,,,,,,,,,,,,,0.785,0.215,,,,,,,,,,,,,,,,,,,,,,,,,,,,,,,,,,,,,,,,,0.0015,0.9985,,,,,,,,,,,,,,,,,,,,,,,,,,,,,,,,,,,,,,,,,,,,,,,,,,,,,,,,,,,,,,,,,,,,,,,,,,,,,,,,,,
2024-11-06 00:00:00+00:00,0.0035,0.9965,,,0.095,0.905,,,,,,,,,,,,,,,,,0.03,0.97,0.002,0.998,,,,,,,0.002,0.998,0.029,0.971,0.0035,0.9965,,,0.004,0.996,0.095,0.905,0.0345,0.9655,0.1785,0.8215,0.035,0.965,0.68,0.32,0.18,0.82,0.6835,0.3165,0.0635,0.9365,,,0.935,0.065,0.024,0.976,,,,,,,,,,,,,,,,,,,,,,,,,,,,,0.0225,0.9775,,,,,,,,,,,,,,,,,,,,,,,0.033,0.967,0.175,0.825,,,0.04,0.96,,,,,,,,,,,,,,,,,,,,,,,,,,,,,,,,,,,0.0115,0.9885,,,,,,,,,,,,,,,,,,,,,0.028,0.972,,,,,,,,,,,,,,,,,0.115,0.885,0.005,0.995,,,,,,,0.9855,0.0145,0.115,0.885,,,,,,,,,,,,,0.0155,0.9845,,,,,,,,,,,0.77,0.23,,,,,,,,,,,,,,,,,,,,,,,,,,,,,,,,,0.74,0.26,,,0.9835,0.0165,,,,,,,,,,,,,0.013,0.987,,,0.175,0.825,,,,,,,,,,,,,,,,,,,,,,,0.0045,0.9955,,,,,,,,,,,,,,,,,,,,,,,,,,,,,,,,,,,,,,,,,,,,,,,,,,,,,,,,,,,,,0.0105,0.9895,,,,,,,,,,,,,,,,,,,,,,,,,,,,,,,,,,,,,,,,,,,,,,,,,,,,,,,,,,,,,,,,,,,,,,,,,,,,,,,,,,
2024-11-07 00:00:00+00:00,0.003,0.997,,,0.095,0.905,,,,,,,,,,,,,,,,,0.023,0.977,0.0015,0.9985,,,,,,,0.003,0.997,0.0245,0.9755,0.003,0.997,,,0.003,0.997,0.0345,0.9655,0.021,0.979,0.245,0.755,0.025,0.975,0.655,0.345,0.295,0.705,0.6565,0.3435,0.0645,0.9355,,,0.9535,0.0465,0.018,0.982,,,,,,,,,,,,,,,,,,,,,,,,,,,,,0.0155,0.9845,,,,,,,,,,,,,,,,,,,,,,,0.0315,0.9685,0.165,0.835,,,0.035,0.965,,,,,,,,,,,,,,,,,,,,,,,,,,,,,,,,,,,0.01,0.99,,,,,,,,,,,,,,,,,,,,,0.0275,0.9725,,,,,0.81,0.19,,,,,,,,,,,0.05,0.95,,,,,,,,,,,0.185,0.815,,,,,,,,,,,,,,,,,,,,,,,,,0.76,0.24,,,,,,,,,,,,,,,,,,,,,,,,,,,,,,,,,0.74,0.26,,,0.9855,0.0145,,,,,,,,,,,,,0.006,0.994,,,0.175,0.825,,,,,,,,,,,,,,,,,,,,,,,0.0025,0.9975,,,,,,,,,,,,,,,,,,,,,,,,,,,,,,,,,,,,,,,,,,,,,,,,,,,,,,,,,,,,,0.005,0.995,,,,,,,,,,,,,,,,,,,,,,,,,,,,,,,,,,,,,,,,,,,,,,,,,,,,,,,,,,,,,,,,,,,,,,,,,,,,,,,,,,
2024-11-08 00:00:00+00:00,,,0.11,0.89,0.115,0.885,0.08,0.92,0.12,0.88,,,,,,,0.435,0.565,0.37,0.63,,,0.008,0.992,,,,,,,,,,,0.0055,0.9945,0.0015,0.9985,,,0.0025,0.9975,0.0445,0.9555,,,0.2435,0.7565,,,0.705,0.295,0.26,0.74,0.705,0.295,0.0435,0.9565,,,,,0.0005,0.9995,,,,,,,,,,,,,,,,,,,,,,,,,,,,,0.016,0.984,,,,,,,,,,,,,,,,,,,,,,,0.0275,0.9725,0.165,0.835,,,0.0345,0.9655,,,,,,,,,,,,,,,,,,,,,,,,,,,,,,,,,,,0.007,0.993,,,,,0.37,0.63,,,,,,,,,,,,,,,0.016,0.984,,,,,0.895,0.105,,,,,,,,,,,0.045,0.955,,,,,,,,,,,0.125,0.875,,,,,,,,,,,,,,,,,,,,,,,,,0.825,0.175,,,,,,,,,,,,,,,,,,,,,,,,,,,,,,,,,0.815,0.185,,,,,,,,,,,,,,,,,,,,,0.135,0.865,,,,,,,,,,,,,,,,,,,,,,,,,,,,,,,,,,,,,,,,,,,,,,,,,,,,,,,,,,,,,,,,,,,,,,,,,,,,,,,,,,,,,0.005,0.995,,,,,,,,,,,,,,,,,,,,,,,,,,,,,,,,,,,,,,,,,,,,,,,,,,,,,,,,,,,,,,,,,,,,,,,,,,,,,,,,,,
2024-11-09 00:00:00+00:00,,,0.009,0.991,0.095,0.905,0.0115,0.9885,0.065,0.935,,,,,,,0.5,0.5,0.415,0.585,,,0.0085,0.9915,,,,,,,,,,,0.0105,0.9895,0.0025,0.9975,,,0.0025,0.9975,0.026,0.974,,,0.2765,0.7235,,,0.68,0.32,0.29,0.71,0.6935,0.3065,0.0265,0.9735,,,,,,,,,,,,,,,,,,,,,,,,,,,,,,,,,,,0.016,0.984,,,,,,,,,,,,,,,,,,,,,,,0.019,0.981,0.155,0.845,,,0.026,0.974,,,,,,,,,,,,,,,,,,,,,,,,,,,,,,,,,,,0.0075,0.9925,,,,,0.695,0.305,,,,,,,,,,,,,,,0.0155,0.9845,,,,,0.905,0.095,,,,,,,,,,,0.0435,0.9565,,,,,,,,,,,0.165,0.835,,,,,,,,,,,,,,,,,,,,,,,,,0.795,0.205,,,,,,,,,,,,,,,,,,,,,,,,,,,,,,,,,0.805,0.195,,,,,,,,,,,,,,,,,,,,,0.175,0.825,,,,,,,,,,,,,,,,,,,,,,,,,,,,,,,,,,,,,,,,,,,,,,,,,,,,,,,,,,,,,,,,,,,,,,,,,,,,,,,,,,,,,0.004,0.996,,,,,,,,,,,,,,,,,,,,,,,,,,,,,,,,,,,,,,,,,,,,,,,,,,,,,,,,,,,,,,,,,,,,,,,,,,,,,,,,,,
2024-11-10 00:00:00+00:00,,,0.0075,0.9925,0.075,0.925,0.012,0.988,0.055,0.945,,,,,,,0.455,0.545,0.455,0.545,,,0.0065,0.9935,,,,,,,,,,,0.0085,0.9915,0.0025,0.9975,,,0.0025,0.9975,0.028,0.972,,,0.271,0.729,,,0.68,0.32,0.285,0.715,0.6995,0.3005,0.0225,0.9775,,,,,,,,,,,,,,,,,,,,,,,,,,,,,,,,,,,0.013,0.987,,,,,,,,,,,,,,,,,,,,,,,0.0265,0.9735,0.155,0.845,,,0.022,0.978,,,,,,,,,,,,,,,,,,,,,,,,,,,,,,,,,,,0.0085,0.9915,,,,,0.735,0.265,,,,,,,,,,,,,,,0.011,0.989,,,,,0.91,0.09,,,,,,,,,,,0.0145,0.9855,,,,,,,,,,,0.215,0.785,,,,,,,,,,,,,,,,,,,,,,,,,0.765,0.235,,,,,,,,,,,,,,,,,,,,,,,,,,,,,,,,,0.845,0.155,,,,,,,,,,,,,,,,,,,,,0.135,0.865,,,,,,,,,,,,,,,,,,,,,,,,,,,,,,,,,,,,,,,,,,,,,,,,,,,,,,,,,,,,,,,,,,,,,,,,,,,,,,,,,,,,,0.0045,0.9955,,,,,,,,,,,,,,,,,,,,,,,,,,,,,,,,,,,,,,,,,,,,,,,,,,,,,,,,,,,,,,,,,,,,,,,,,,,,,,,,,,
2024-11-11 00:00:00+00:00,,,0.0075,0.9925,0.095,0.905,0.0125,0.9875,0.055,0.945,,,,,,,0.44,0.56,0.485,0.515,,,0.0065,0.9935,,,,,,,,,,,0.0065,0.9935,0.0025,0.9975,,,0.0035,0.9965,0.025,0.975,,,0.266,0.734,,,0.685,0.315,0.28,0.72,0.7035,0.2965,0.0245,0.9755,,,,,,,,,,,,,,,,,,,,,,,,,,,,,,,,,,,0.0115,0.9885,,,,,,,,,,,,,,,,,,,,,,,0.027,0.973,0.155,0.845,,,0.023,0.977,,,,,,,,,,,,,,,,,,,,,,,,,,,,,,,,,,,0.006,0.994,,,,,0.675,0.325,,,,,,,,,,,,,,,0.0095,0.9905,,,,,0.905,0.095,,,,,,,,,,,0.03,0.97,,,,,,,,,,,0.215,0.785,,,,,,,,,,,,,,,,,,,,,,,,,0.745,0.255,,,,,,,,,,,,,,,,,,,,,,,,,,,,,,,,,0.815,0.185,,,,,,,,,,,,,,,,,,,,,,,,,,,,,,,,,,,,,,,,,,,,,,,,,,,,,,,,,,,,,,,,,,,,,,,,,,,,,,,,,,,,,,,,,,,,,,,,,,,,,,,,,,,0.002,0.998,,,,,,,,,,,,,,,,,,,,,,,,,,,,,,,,,,,,,,,,,,,,,,,,,,,,,,,,,,,,,,,,,,,,,,,,,,,,,,,,,,
2024-11-12 00:00:00+00:00,,,0.0095,0.9905,0.09,0.91,0.0135,0.9865,0.055,0.945,,,,,,,0.445,0.555,0.49,0.51,,,0.0055,0.9945,,,,,,,,,,,0.007,0.993,0.0025,0.9975,,,0.0025,0.9975,0.0265,0.9735,,,0.2605,0.7395,,,0.695,0.305,0.275,0.725,0.703,0.297,0.022,0.978,,,,,,,,,,,,,,,,,,,,,,,,,,,,,,,,,,,0.007,0.993,,,,,,,,,,,,,,,,,,,,,,,0.022,0.978,0.155,0.845,,,0.0245,0.9755,,,,,,,,,,,,,,,,,,,,,,,,,,,,,,,,,,,0.0075,0.9925,,,,,0.695,0.305,,,,,,,,,,,,,,,0.013,0.987,,,,,0.9,0.1,,,,,,,,,,,0.025,0.975,,,,,,,,,,,0.155,0.845,,,,,,,,,,,,,,,,,,,,,,,,,0.81,0.19,,,,,,,,,,,,,,,,,,,,,,,,,,,,,,,,,0.775,0.225,,,,,,,,,,,,,,,,,,,,,,,,,,,,,,,,,,,,,,,,,,,,,,,,,,,,,,,,,,,,,,,,,,,,,,,,,,,,,,,,,,,,,,,,,,,,,,,,,,,,,,,,,,,0.002,0.998,,,,,,,,,,,,,,,,,,,,,,,,,,,,,,,,,,,,,,,,,,,,,,,,,,,,,,,,,,,,,,,,,,,,,,,,,,,,,,,,,,
2024-11-13 00:00:00+00:00,,,0.011,0.989,0.085,0.915,0.0125,0.9875,0.055,0.945,,,,,,,0.41,0.59,0.515,0.485,,,0.006,0.994,,,,,,,,,,,0.006,0.994,0.0025,0.9975,,,0.0035,0.9965,0.0205,0.9795,,,0.32,0.68,,,0.655,0.345,0.325,0.675,0.658,0.342,0.0165,0.9835,,,,,,,,,,,,,,,,,,,,,,,,,,,,,,,,,,,0.009,0.991,,,,,,,,,,,,,,,,,,,,,,,0.0275,0.9725,0.155,0.845,,,0.024,0.976,,,,,,,,,,,,,,,,,,,,,,,,,,,,,,,,,,,0.005,0.995,,,,,0.625,0.375,,,,,,,,,,,,,,,0.01,0.99,,,,,0.9,0.1,,,,,,,,,,,0.027,0.973,,,,,,,,,,,0.165,0.835,,,,,,,,,,,,,,,,,,,,,,,,,0.81,0.19,,,,,,,,,,,,,,,,,,,,,,,,,,,,,,,,,0.935,0.065,,,,,,,,,,,,,,,,,,,,,,,,,,,,,,,,,,,,,,,,,,,,,,,,,,,,,,,,,,,0.3,0.7,,,,,,,,,,,,,,,,,,,,,,,,,,,,,,,,,,,,,,,,,,,,,,,0.002,0.998,0.2,0.8,,,,,,,,,,,,,,,,,,,,,,,,,,,,,,,,,,,,,,,,,,,,,0.225,0.775,,,,,,,0.32,0.68,,,,,,,,,,,,,,,,,,,,,,,,,,
2024-11-14 00:00:00+00:00,,,0.0095,0.9905,0.095,0.905,0.0115,0.9885,0.045,0.955,,,,,,,0.385,0.615,0.525,0.475,,,0.0065,0.9935,,,,,,,,,,,0.0045,0.9955,0.0015,0.9985,,,0.0035,0.9965,0.0285,0.9715,,,0.13,0.87,,,0.825,0.175,0.145,0.855,0.817,0.183,0.0235,0.9765,,,,,,,,,,,,,,,,,,,,,,,,,,,,,,,,,,,0.0135,0.9865,,,,,,,,,,,,,,,,,,,,,,,0.0275,0.9725,0.155,0.845,,,0.024,0.976,,,,,,,,,,,,,,,,,,,,,,,,,,,,,,,,,,,0.0115,0.9885,,,,,0.67,0.33,,,,,,,,,,,,,,,0.0085,0.9915,,,,,0.905,0.095,,,,,,,,,,,0.0325,0.9675,,,,,,,,,,,0.155,0.845,,,,,,,,,,,,,,,,,,,,,,,,,0.81,0.19,,,,,,,,,,,,,,,,,,,,,,,,,,,,,,,,,,,,,,,,,,,,,,,,,,,,,,,,,,,,,,,,,,,,,,,,,,,,,,,,,,,,,,,,,,,,,0.29,0.71,,,,,,,,,,,,,,,,,,,,,,,,,,,,,,,,,,,,,,,,,,,,,,,0.002,0.998,0.205,0.795,,,,,,,,,,,,,,,,,,,,,,,,,,,,,,,,,,,,,,,,,,,,,0.155,0.845,,,,,,,0.175,0.825,,,,,,,,,,,,,,,,,,,,,,,,,,
2024-11-15 00:00:00+00:00,,,0.0105,0.9895,0.095,0.905,0.0095,0.9905,0.055,0.945,,,,,,,0.265,0.735,0.615,0.385,,,0.0055,0.9945,,,,,,,,,,,0.0045,0.9955,0.0015,0.9985,,,0.0025,0.9975,0.0205,0.9795,,,0.3355,0.6645,,,0.61,0.39,0.345,0.655,0.6445,0.3555,0.0155,0.9845,,,,,,,,,,,,,,,,,,,,,,,,,,,,,,,,,,,0.014,0.986,,,,,,,,,,,,,,,,,,,,,,,0.026,0.974,0.145,0.855,,,0.027,0.973,,,,,,,,,,,,,,,,,,,,,,,,,,,,,,,,,,,0.0045,0.9955,,,,,0.67,0.33,,,,,,,0.215,0.785,,,,,,,0.0075,0.9925,,,,,0.905,0.095,,,,,,,,,,,0.028,0.972,,,,,,,,,,,0.3,0.7,,,,,,,,,,,,,,,,,,,,,,,,,0.675,0.325,,,,,,,,,,,,,,,,,,,,,,,,,,,,,,,,,,,,,,,,,,,,,,,0.205,0.795,,,,,,,,,,,,,,,,,,,,,,,,,,,,,,,,,,,,,,,,,,,,,0.265,0.735,,,,,,,,,,,,,,,,,,,,,,,,,,,,,,,,,,,,,,,,,,,,,,,0.0025,0.9975,0.23,0.77,,,,,0.3,0.7,0.305,0.695,0.39,0.61,,,0.305,0.695,,,,,,,,,,,,,,,,,,,,,0.3,0.7,,,,,,,,,0.15,0.85,,,,,,,0.16,0.84,,,,,,,,,,,,,,,,,0.285,0.715,,,,,,,,
2024-11-16 00:00:00+00:00,,,0.0115,0.9885,0.09,0.91,0.0115,0.9885,0.055,0.945,,,,,,,0.275,0.725,0.625,0.375,,,0.0045,0.9955,,,,,,,,,,,0.005,0.995,0.0025,0.9975,,,0.0045,0.9955,0.022,0.978,,,0.35,0.65,,,0.62,0.38,0.355,0.645,0.6205,0.3795,0.019,0.981,,,,,,,,,,,,,,,,,,,,,,,,,,,,,,,,,,,0.0185,0.9815,,,,,,,,,,,,,,,,,,,,,,,0.0215,0.9785,0.09,0.91,,,0.028,0.972,,,,,,,,,,,,,,,,,,,,,,,,,,,,,,,,,,,0.0035,0.9965,,,0.325,0.675,0.67,0.33,,,,,,,0.31,0.69,,,,,,,0.0095,0.9905,,,,,0.905,0.095,,,,,,,,,,,0.032,0.968,,,,,,,,,,,0.22,0.78,,,,,,,0.31,0.69,0.65,0.35,,,,,,,,,0.42,0.58,,,0.49,0.51,0.72,0.28,,,,,,,,,,,,,,,,,,,,,,,0.65,0.35,,,,,,,,,,,0.5,0.5,,,,,,,,,,,0.125,0.875,,,,,,,,,,,,,,,,,,,,,,,,,0.73,0.27,,,,,,,,,0.59,0.41,,,,,,,,,0.26,0.74,,,,,,,,,,,,,,,,,,,,,,,,,,,,,,,,,,,,,,,,,,,,,,,0.0025,0.9975,0.26,0.74,,,,,0.315,0.685,0.42,0.58,0.21,0.79,,,0.155,0.845,,,,,,,,,,,,,,,,,,,,,0.21,0.79,,,,,,,,,0.145,0.855,,,,,,,0.12,0.88,,,,,,,,,,,,,,,,,0.285,0.715,,,,,,,,
2024-11-17 00:00:00+00:00,,,0.0115,0.9885,0.095,0.905,0.012,0.988,0.055,0.945,,,,,,,0.275,0.725,0.62,0.38,,,0.0045,0.9955,,,,,,,,,,,0.0045,0.9955,0.0025,0.9975,,,0.0045,0.9955,0.0145,0.9855,,,0.343,0.657,,,0.63,0.37,0.345,0.655,0.634,0.366,0.019,0.981,,,,,,,,,,,,,,,,,,,,,,,,,,,,,,,,,,,0.018,0.982,,,,,,,,,,,,,,,,,,,,,,,0.023,0.977,0.105,0.895,,,0.0265,0.9735,,,,,,,,,,,,,,,,,,,,,,,,,,,,,,,,,,,0.0035,0.9965,,,0.37,0.63,0.705,0.295,,,,,,,0.355,0.645,,,,,,,0.017,0.983,,,,,0.9,0.1,,,,,,,,,,,0.028,0.972,,,,,,,,,,,0.24,0.76,,,,,,,0.33,0.67,0.68,0.32,,,,,,,,,0.55,0.45,,,0.425,0.575,0.73,0.27,,,,,,,,,,,,,,,,,,,,,,,0.65,0.35,,,,,,,,,,,0.535,0.465,,,,,,,,,,,0.07,0.93,,,,,,,,,,,,,,,,,,,,,,,,,0.775,0.225,,,,,,,,,0.73,0.27,,,,,,,,,0.26,0.74,,,,,,,,,,,,,,,,,,,,,,,,,,,,,,,,,,,,,,,,,,,,,,,0.005,0.995,0.27,0.73,,,,,0.31,0.69,0.415,0.585,0.2,0.8,,,0.185,0.815,,,,,,,,,,,,,,,,,,,,,0.225,0.775,,,,,,,,,0.145,0.855,,,,,,,0.125,0.875,,,,,,,,,,,,,,,,,0.28,0.72,,,,,,,,
2024-11-18 00:00:00+00:00,,,0.011,0.989,0.051,0.949,0.013,0.987,0.055,0.945,,,,,,,0.29,0.71,0.615,0.385,,,0.0045,0.9955,,,,,,,,,,,0.0045,0.9955,0.0025,0.9975,,,0.006,0.994,0.0185,0.9815,,,0.344,0.656,,,0.635,0.365,0.335,0.665,0.6345,0.3655,0.0175,0.9825,,,,,,,,,,,,,,,,,,,,,,,,,,,,,,,,,,,0.018,0.982,,,,,,,,,,,,,,,,,,,,,,,0.0175,0.9825,0.115,0.885,,,0.0265,0.9735,,,,,,,,,,,,,,,,,,,,,,,,,,,,,,,,,,,0.0105,0.9895,,,0.425,0.575,0.71,0.29,,,,,,,0.315,0.685,,,,,,,0.0135,0.9865,,,,,0.9,0.1,,,,,,,,,,,0.0285,0.9715,,,,,,,,,,,0.19,0.81,,,,,,,0.205,0.795,0.585,0.415,,,,,,,,,0.71,0.29,,,0.455,0.545,0.765,0.235,,,,,,,,,,,,,,,,,,,,,,,0.56,0.44,,,,,,,,,,,0.53,0.47,,,,,,,,,,,0.07,0.93,,,,,,,,,,,,,,,,,,,,,,,,,0.805,0.195,,,,,,,,,0.73,0.27,,,,,,,,,0.28,0.72,,,,,,,,,,,,,,,,,,,,,,,,,,,,,,,,,,,,,,,,,,,,,,,0.0015,0.9985,0.27,0.73,,,,,0.31,0.69,0.45,0.55,0.2,0.8,,,0.19,0.81,,,,,,,,,,,,,,,,,,,,,0.23,0.77,,,,,,,,,0.145,0.855,,,,,,,0.135,0.865,,,,,,,,,,,,,,,,,0.28,0.72,,,,,,,,
2024-11-19 00:00:00+00:00,,,0.011,0.989,0.03,0.97,0.0125,0.9875,0.065,0.935,,,,,,,0.315,0.685,0.605,0.395,,,0.0045,0.9955,,,,,,,,,,,0.0045,0.9955,0.0015,0.9985,,,0.0035,0.9965,0.0175,0.9825,,,0.3425,0.6575,,,0.62,0.38,0.355,0.645,0.636,0.364,0.015,0.985,,,,,,,,,,,,,,,,,,,,,,,,,,,,,,,,,,,0.0155,0.9845,,,,,,,,,,,,,,,,,,,,,,,0.018,0.982,0.12,0.88,,,0.0265,0.9735,,,,,,,,,,,,,,,,,,,,,,,,,,,,,,,,,,,0.0105,0.9895,,,0.435,0.565,0.715,0.285,,,,,,,0.305,0.695,,,,,,,0.015,0.985,,,,,0.9,0.1,,,,,,,,,,,0.0315,0.9685,,,,,,,,,,,0.18,0.82,,,,,,,0.155,0.845,0.605,0.395,,,,,,,,,0.74,0.26,,,0.405,0.595,0.78,0.22,,,,,,,,,,,,,,,,,,,,,,,0.585,0.415,,,,,,,,,,,0.535,0.465,,,,,,,,,,,0.07,0.93,,,,,,,,,,,,,,,,,,,,,,,,,0.82,0.18,,,,,,,,,0.765,0.235,,,,,,,,,0.295,0.705,,,,,,,,,,,,,,,,,,,,,,,,,,,,,,,,,,,,,,,,,,,,,,,0.0015,0.9985,0.23,0.77,,,,,0.315,0.685,0.445,0.555,0.2,0.8,,,0.19,0.81,,,,,,,,,,,,,,,,,,,,,0.23,0.77,,,,,,,,,0.145,0.855,,,,,,,0.14,0.86,,,,,,,,,,,,,,,,,0.28,0.72,,,,,,,,
2024-11-20 00:00:00+00:00,,,0.011,0.989,0.045,0.955,0.0115,0.9885,0.055,0.945,,,,,,,0.305,0.695,0.62,0.38,,,0.0045,0.9955,,,,,,,,,,,0.005,0.995,0.0025,0.9975,,,0.0035,0.9965,0.0155,0.9845,,,0.346,0.654,,,0.625,0.375,0.35,0.65,0.6305,0.3695,0.0155,0.9845,,,,,,,,,,,,,,,,,,,,,,,,,,,,,,,,,,,0.016,0.984,,,,,,,0.2,0.8,,,,,,,,,,,,,,,0.0215,0.9785,0.125,0.875,,,0.027,0.973,,,,,,,,,0.825,0.175,,,,,,,,,,,,,,,,,,,,,,,,,0.003,0.997,,,0.445,0.555,0.705,0.295,,,,,,,0.27,0.73,,,,,,,0.012,0.988,,,,,0.905,0.095,,,,,,,,,,,0.0285,0.9715,,,,,,,,,,,0.135,0.865,,,,,,,0.14,0.86,0.42,0.58,,,,,,,,,0.76,0.24,,,0.265,0.735,0.805,0.195,,,,,,,,,,,,,,,,,,,,,,,0.585,0.415,,,,,,,,,,,0.535,0.465,,,,,,,,,,,0.075,0.925,,,,,,,,,,,,,,,,,,,,,,,,,0.8,0.2,,,,,,,,,0.76,0.24,,,,,,,,,0.285,0.715,,,,,,,,,,,,,,,,,,,,,,,,,,,,,,,,,,,,,,,,,,,,,,,0.001,0.999,0.24,0.76,,,,,0.315,0.685,0.455,0.545,0.2,0.8,,,0.195,0.805,,,,,,,,,,,,,,,,,,,,,0.235,0.765,,,,,,,,,0.145,0.855,,,,,,,0.14,0.86,,,,,,,,,,,,,,,,,0.28,0.72,,,,,,,,
2024-11-21 00:00:00+00:00,,,0.012,0.988,0.0505,0.9495,0.0115,0.9885,0.055,0.945,,,,,,,0.31,0.69,0.625,0.375,,,0.0045,0.9955,,,,,,,,,,,0.0065,0.9935,0.0025,0.9975,,,0.0035,0.9965,0.019,0.981,,,0.3765,0.6235,,,0.59,0.41,0.375,0.625,0.5955,0.4045,0.0125,0.9875,,,,,,,,,,,,,,,,,,,,,,,,,,,,,,,,,,,0.0165,0.9835,,,,,,,0.27,0.73,,,,,,,,,,,,,,,0.0175,0.9825,0.13,0.87,,,0.0265,0.9735,,,,,,,,,0.87,0.13,,,,,,,,,,,,,,,,,,,,,,,,,0.003,0.997,,,0.53,0.47,0.715,0.285,,,,,,,0.275,0.725,,,,,,,0.011,0.989,,,,,0.905,0.095,,,,,,,,,,,0.025,0.975,,,,,,,,,,,0.12,0.88,,,,,,,0.135,0.865,0.38,0.62,,,,,,,,,0.78,0.22,,,0.29,0.71,0.845,0.155,,,,,,,,,,,,,,,,,,,,,,,0.565,0.435,,,,,,,,,,,0.5,0.5,,,,,,,,,,,0.065,0.935,,,,,,,,,,,,,,,,,,,,,,,,,0.79,0.21,,,,,,,,,0.775,0.225,,,,,,,,,0.24,0.76,,,,,,,,,,,,,,,,,,,,,,,,,,,,,,,,,,,,,,,,,,,,,,,0.001,0.999,0.14,0.86,,,,,0.315,0.685,0.455,0.545,0.195,0.805,,,0.195,0.805,,,,,,,,,,,,,,,,,,,,,0.225,0.775,,,,,,,,,0.18,0.82,,,,,,,0.255,0.745,,,,,,,,,,,,,,,,,0.28,0.72,,,,,,,,
2024-11-22 00:00:00+00:00,,,0.011,0.989,0.0595,0.9405,0.0105,0.9895,0.055,0.945,,,,,,,0.305,0.695,0.635,0.365,,,0.0045,0.9955,,,,,,,,,,,0.007,0.993,0.006,0.994,,,0.0075,0.9925,0.02,0.98,,,0.3665,0.6335,,,0.595,0.405,0.365,0.635,0.588,0.412,0.0125,0.9875,,,,,,,,,,,,,,,,,,,,,,,,,,,,,,,,,,,0.0155,0.9845,,,,,,,0.52,0.48,,,,,,,,,,,,,,,0.0155,0.9845,0.14,0.86,,,0.0265,0.9735,,,,,,,,,0.895,0.105,,,,,,,,,,,,,,,,,,,,,,,,,0.003,0.997,,,0.565,0.435,0.705,0.295,,,,,,,0.265,0.735,,,,,,,0.011,0.989,,,,,0.905,0.095,,,,,,,,,,,0.0245,0.9755,,,,,,,,,,,0.105,0.895,,,,,,,0.135,0.865,0.355,0.645,,,,,,,,,0.78,0.22,,,0.29,0.71,0.855,0.145,,,,,,,,,,,,,,,,,,,,,,,0.585,0.415,,,,,,,,,,,0.48,0.52,,,,,,,,,,,0.105,0.895,,,,,,,,,,,,,,,,,,,,,,,,,0.8,0.2,,,,,,,,,0.77,0.23,,,,,,,,,0.16,0.84,,,,,,,,,,,,,,,,,,,,,,,,,,,,,,,,,,,,,,,,,,,,,,,0.001,0.999,0.165,0.835,,,,,0.325,0.675,0.455,0.545,0.195,0.805,,,0.195,0.805,,,,,,,,,,,,,,,,,,,,,0.22,0.78,,,,,,,,,0.215,0.785,,,,,,,0.26,0.74,,,,,,,,,,,,,,,,,0.28,0.72,,,,,,,,
2024-11-23 00:00:00+00:00,,,0.012,0.988,0.0625,0.9375,0.011,0.989,0.055,0.945,,,,,,,0.3,0.7,0.63,0.37,,,0.0055,0.9945,,,,,,,,,,,0.0065,0.9935,0.0045,0.9955,,,0.007,0.993,0.0165,0.9835,,,0.4005,0.5995,,,0.57,0.43,0.395,0.605,0.573,0.427,0.0135,0.9865,,,,,,,,,,,,,,,,,,,,,,,,,,,,,,,,,,,0.0145,0.9855,,,,,,,0.745,0.255,,,,,,,,,,,,,,,0.0225,0.9775,0.14,0.86,,,0.028,0.972,,,,,,,,,0.92,0.08,,,,,,,,,,,,,,,,,,,,,,,,,0.0075,0.9925,,,0.575,0.425,0.71,0.29,,,,,,,0.28,0.72,,,,,,,0.01,0.99,,,,,0.9,0.1,,,,,,,,,,,0.021,0.979,,,,,,,,,,,0.34,0.66,,,,,,,0.13,0.87,0.35,0.65,,,,,,,,,0.775,0.225,,,0.27,0.73,0.61,0.39,,,,,,,,,,,,,,,,,,,,,,,0.58,0.42,,,,,,,,,,,0.485,0.515,,,,,,,,,,,0.105,0.895,,,,,,,,,,,,,,,,,,,,,,,,,0.79,0.21,,,,,,,,,0.755,0.245,,,,,,,,,0.14,0.86,,,,,,,,,,,,,,,,,,,,,,,,,,,,,,,,,,,,,,,,,,,,,,,0.001,0.999,0.19,0.81,,,,,0.325,0.675,0.45,0.55,0.195,0.805,,,0.18,0.82,,,,,,,,,,,,,,,,,,,,,0.22,0.78,,,,,,,,,0.22,0.78,,,,,,,0.285,0.715,,,,,,,,,,,,,,,,,0.28,0.72,,,,,,,,
2024-11-24 00:00:00+00:00,,,0.0115,0.9885,0.047,0.953,0.0105,0.9895,0.055,0.945,,,,,,,0.295,0.705,0.63,0.37,,,0.0045,0.9955,,,,,,,,,,,0.0045,0.9955,0.0025,0.9975,,,0.0055,0.9945,0.017,0.983,,,0.401,0.599,,,0.575,0.425,0.405,0.595,0.5735,0.4265,0.011,0.989,,,,,,,,,,,,,,,,,,,,,,,,,,,,,,,,,,,0.017,0.983,,,,,,,0.655,0.345,,,,,,,,,,,,,,,0.023,0.977,0.145,0.855,,,0.0275,0.9725,,,,,,,,,0.905,0.095,,,,,,,,,,,,,,,,,,,,,,,,,0.004,0.996,,,0.575,0.425,0.715,0.285,,,,,,,0.285,0.715,,,,,,,0.008,0.992,,,,,0.895,0.105,,,,,,,,,,,0.0825,0.9175,,,,,,,,,,,0.325,0.675,,,,,,,0.115,0.885,0.355,0.645,,,,,,,,,0.78,0.22,,,0.285,0.715,0.595,0.405,,,,,,,,,,,,,,,,,,,,,,,0.565,0.435,,,,,,,,,,,0.475,0.525,,,,,,,,,,,0.1,0.9,,,,,,,,,,,,,,,,,,,,,,,,,0.785,0.215,,,,,,,,,0.76,0.24,,,,,,,,,0.14,0.86,,,,,,,,,,,,,,,,,,,,,,,,,,,,,,,,,,,,,,,,,,,,,,,0.001,0.999,0.185,0.815,,,,,0.32,0.68,0.46,0.54,0.19,0.81,,,0.18,0.82,,,,,,,,,,,,,,,,,,,,,0.22,0.78,,,,,,,,,0.205,0.795,,,,,,,0.285,0.715,,,,,,,,,,,,,,,,,0.29,0.71,,,,,,,,
2024-11-25 00:00:00+00:00,,,0.011,0.989,0.0425,0.9575,0.0105,0.9895,0.0465,0.9535,,,,,,,0.305,0.695,0.635,0.365,,,0.0035,0.9965,,,,,,,,,,,0.0045,0.9955,0.0035,0.9965,,,0.0055,0.9945,0.0155,0.9845,,,0.392,0.608,,,0.575,0.425,0.395,0.605,0.572,0.428,0.0115,0.9885,,,,,,,,,,,,,,,,,,,,,,,,,,,,,,,,,,,0.0165,0.9835,,,,,,,0.785,0.215,,,,,,,,,,,,,,,0.024,0.976,0.14,0.86,,,0.0275,0.9725,,,,,,,,,0.9645,0.0355,,,,,,,,,,,,,,,,,,,,,,,,,0.0045,0.9955,,,0.575,0.425,0.715,0.285,,,,,,,0.295,0.705,,,,,,,0.009,0.991,,,,,0.895,0.105,,,,,,,,,,,0.0515,0.9485,,,,,,,,,,,0.355,0.645,,,,,,,0.11,0.89,0.355,0.645,,,,,,,,,0.78,0.22,,,0.28,0.72,0.585,0.415,,,,,,,,,,,,,,,,,,,,,,,0.56,0.44,,,,,,,,,,,0.505,0.495,,,,,,,,,,,0.105,0.895,,,,,,,,,,,,,,,,,,,,,,,,,0.8,0.2,,,,,,,,,0.76,0.24,,,,,,,,,0.135,0.865,,,,,,,,,,,,,,,,,,,,,,,,,,,,,,,,,,,,,,,,,,,,,,,0.001,0.999,0.195,0.805,,,,,0.32,0.68,0.375,0.625,0.19,0.81,,,0.2,0.8,,,,,,,,,,,,,,,,,,,,,0.22,0.78,,,,,,,,,0.21,0.79,,,,,,,0.3,0.7,,,,,,,,,,,,,,,,,0.29,0.71,,,,,,,,
2024-11-26 00:00:00+00:00,,,0.0115,0.9885,0.0415,0.9585,0.01,0.99,0.047,0.953,,,,,,,0.3,0.7,0.645,0.355,,,0.0035,0.9965,,,,,,,,,,,0.0035,0.9965,0.0035,0.9965,,,0.0065,0.9935,0.013,0.987,,,0.3845,0.6155,,,0.585,0.415,0.395,0.605,0.5835,0.4165,0.011,0.989,,,,,,,,,,,,,,,,,,,,,,,,,,,,,,,,,,,0.0155,0.9845,,,,,,,0.865,0.135,,,,,,,,,,,,,,,0.025,0.975,0.145,0.855,,,0.0275,0.9725,,,,,,,,,,,,,,,,,,,,,,,,,,,,,,,,,,,0.004,0.996,,,0.59,0.41,0.725,0.275,,,,,,,0.28,0.72,,,,,0.855,0.145,0.009,0.991,,,,,0.895,0.105,,,,,,,,,,,0.0215,0.9785,,,,,,,,,,,0.275,0.725,,,,,,,0.11,0.89,0.375,0.625,,,,,,,,,0.78,0.22,,,0.31,0.69,0.7,0.3,,,,,,,,,,,,,,,,,,,,,,,0.56,0.44,,,,,,,,,,,0.5,0.5,,,,,,,,,,,0.105,0.895,,,,,,,,,,,,,,,,,,,,,,,,,0.805,0.195,,,,,,,,,0.775,0.225,,,,,,,,,0.135,0.865,,,,,,,,,,,,,,,,,,,,,,,,,,,,,,,,,,,,,,,,,,,,,,,0.001,0.999,0.19,0.81,,,,,0.415,0.585,0.405,0.595,0.14,0.86,,,0.18,0.82,,,,,,,,,,,,,,,,,,,,,0.16,0.84,,,,,,,,,0.21,0.79,,,,,,,0.3,0.7,,,,,,,,,,,,,,,,,0.29,0.71,,,,,,,,
2024-11-27 00:00:00+00:00,,,0.0115,0.9885,0.039,0.961,0.013,0.987,0.053,0.947,,,,,,,0.295,0.705,0.635,0.365,,,0.0035,0.9965,,,,,,,,,,,0.0035,0.9965,0.0035,0.9965,,,0.0045,0.9955,0.0125,0.9875,,,0.3215,0.6785,,,0.645,0.355,0.32,0.68,0.653,0.347,0.0095,0.9905,,,,,,,,,,,,,,,,,,,,,,,,,,,,,,,,,,,0.0155,0.9845,,,,,,,0.875,0.125,,,,,,,,,,,,,,,0.024,0.976,0.135,0.865,,,0.0245,0.9755,,,,,,,,,,,,,,,,,,,,,,,,,,,,,,,,,,,0.004,0.996,,,0.565,0.435,0.79,0.21,,,,,,,0.29,0.71,,,,,0.875,0.125,0.0085,0.9915,,,,,0.905,0.095,,,,,,,,,,,0.0155,0.9845,,,,,,,,,,,0.235,0.765,,,,,,,0.12,0.88,0.405,0.595,,,,,,,,,0.785,0.215,,,0.295,0.705,0.74,0.26,,,,,,,,,,,,,,,,,,,,,,,0.56,0.44,,,,,,,,,,,0.505,0.495,,,,,,,,,,,0.1,0.9,,,,,,,,,,,,,,,,,,,,,,,,,0.805,0.195,,,,,,,,,0.785,0.215,,,,,,,,,0.135,0.865,,,,,,,,,,,,,,,,,,,,,,,,,,,,,,,,,,,,,,,,,,,,,,,0.0045,0.9955,0.17,0.83,,,,,0.42,0.58,0.44,0.56,0.13,0.87,,,0.14,0.86,,,,,,,,,,,,,,,,,,,,,0.19,0.81,,,,,,,,,0.205,0.795,,,,,,,0.295,0.705,,,,,,,,,,,,,,,,,0.285,0.715,,,,,,,,
2024-11-28 00:00:00+00:00,,,0.0115,0.9885,0.037,0.963,0.011,0.989,0.054,0.946,,,,,,,0.29,0.71,0.64,0.36,,,0.0035,0.9965,,,,,,,,,,,0.0035,0.9965,0.0035,0.9965,,,0.0045,0.9955,0.0155,0.9845,,,0.2725,0.7275,,,0.695,0.305,0.275,0.725,0.6995,0.3005,0.01,0.99,,,,,,,,,,,,,,,,,,,,,,,,,,,,,,,,,,,0.012,0.988,,,,,,,0.885,0.115,,,,,,,,,,,,,,,0.0255,0.9745,0.135,0.865,0.055,0.945,0.024,0.976,,,,,,,,,,,,,,,,,,,,,,,,,,,,,,,,,,,0.004,0.996,,,0.565,0.435,0.81,0.19,,,,,,,0.285,0.715,,,0.095,0.905,0.91,0.09,0.0095,0.9905,,,,,0.9,0.1,,,,,,,,,,,0.017,0.983,,,,,,,,,,,0.19,0.81,,,,,,,0.125,0.875,0.42,0.58,,,,,,,,,0.795,0.205,,,0.3,0.7,0.775,0.225,,,,,,,,,,,,,,,,,,,,,,,0.555,0.445,,,,,,,,,,,0.5,0.5,,,,,,,,,,,0.105,0.895,,,,,,,,,,,,,,,,,,,,,,,,,0.8,0.2,,,,,,,,,0.765,0.235,,,,,,,,,0.135,0.865,,,,,,,,,,,,,,,,,,,,,,,,,,,,,,,,,,,,,,,,,,,,,,,0.0045,0.9955,0.175,0.825,,,,,0.245,0.755,0.425,0.575,0.155,0.845,,,0.185,0.815,,,,,,,,,,,,,,,,,,,,,0.21,0.79,,,,,,,,,0.22,0.78,,,,,,,0.305,0.695,,,,,,,,,,,,,,,,,0.335,0.665,,,,,,,,
2024-11-29 00:00:00+00:00,,,0.0105,0.9895,0.0355,0.9645,0.016,0.984,0.054,0.946,,,,,,,0.29,0.71,0.64,0.36,,,0.0035,0.9965,,,,,,,,,,,0.0075,0.9925,0.0035,0.9965,,,0.0035,0.9965,0.0155,0.9845,,,0.294,0.706,,,0.685,0.315,0.295,0.705,0.6955,0.3045,0.0075,0.9925,,,,,,,,,,,,,,,,,,,,,,,,,,,,,,,,,,,0.012,0.988,,,,,,,0.835,0.165,,,,,,,,,,,,,,,0.0245,0.9755,0.13,0.87,0.075,0.925,0.024,0.976,,,,,,,,,,,,,,,,,,,,,,,,,,,,,,,,,,,0.0035,0.9965,,,0.575,0.425,0.73,0.27,,,,,,,0.375,0.625,,,0.13,0.87,0.865,0.135,0.009,0.991,,,,,0.9,0.1,,,,,,,,,,,0.0165,0.9835,,,,,,,,,,,0.19,0.81,,,,,,,0.125,0.875,0.405,0.595,,,,,,,,,0.785,0.215,,,0.33,0.67,0.79,0.21,,,,,,,,,,,,,,,,,,,,,,,0.565,0.435,,,,,,,,,,,0.495,0.505,,,,,,,,,,,0.095,0.905,,,,,,,,,,,,,,,,,,,,,,,,,0.805,0.195,,,,,,,,,0.765,0.235,,,,,,,,,0.125,0.875,,,,,,,,,,,,,,,,,,,,,,,,,,,,,,,,,,,,,,,,,,,,,,,0.0045,0.9955,0.17,0.83,,,,,0.4,0.6,0.365,0.635,0.165,0.835,,,0.155,0.845,,,,,,,,,,,,,,,,,,,,,0.21,0.79,,,,,,,,,0.24,0.76,,,,,,,0.305,0.695,,,,,,,,,,,,,,,,,0.19,0.81,,,,,,,,
2024-11-30 00:00:00+00:00,,,0.0105,0.9895,0.035,0.965,0.0145,0.9855,0.0505,0.9495,,,,,,,0.29,0.71,0.645,0.355,,,0.0035,0.9965,,,,,,,,,,,0.004,0.996,0.0035,0.9965,,,0.0035,0.9965,0.0125,0.9875,,,0.285,0.715,,,0.695,0.305,0.275,0.725,0.698,0.302,0.0135,0.9865,,,,,,,,,,,,,,,,,,,,,,,,,,,,,,,,,,,0.0125,0.9875,,,,,,,0.85,0.15,,,,,,,,,,,,,,,0.021,0.979,0.135,0.865,0.095,0.905,0.024,0.976,,,,,,,,,,,,,,,,,,,,,,,,,,,,,,,,,,,0.0015,0.9985,,,0.515,0.485,0.73,0.27,,,,,,,0.345,0.655,,,0.145,0.855,0.91,0.09,0.0095,0.9905,,,,,0.905,0.095,,,,,,,,,,,0.015,0.985,,,,,,,,,,,0.215,0.785,,,,,,,0.125,0.875,0.46,0.54,,,,,,,,,0.795,0.205,,,0.335,0.665,0.755,0.245,,,,,,,,,,,,,,,,,,,,,,,0.565,0.435,,,,,,,,,,,0.505,0.495,,,,,,,,,,,0.095,0.905,,,,,,,,,,,,,,,,,,,,,,,,,0.805,0.195,,,,,,,,,0.765,0.235,,,,,,,,,0.12,0.88,,,,,,,,,,,,,,,,,,,,,,,,,,,,,,,,,,,,,,,,,,,,,,,0.0045,0.9955,0.17,0.83,,,,,0.54,0.46,0.37,0.63,0.07,0.93,,,0.18,0.82,,,,,,,,,,,,,,,,,,,,,0.205,0.795,,,,,,,,,0.24,0.76,,,,,,,0.3,0.7,,,,,,,,,,,,,,,,,0.155,0.845,,,,,,,,
2024-12-01 00:00:00+00:00,,,0.0105,0.9895,0.035,0.965,0.014,0.986,0.052,0.948,,,,,,,0.285,0.715,0.645,0.355,,,0.0035,0.9965,,,,,,,,,,,0.005,0.995,0.0035,0.9965,,,0.0035,0.9965,0.018,0.982,,,0.2855,0.7145,,,0.685,0.315,0.295,0.705,0.6835,0.3165,0.012,0.988,,,,,,,,,,,,,,,,,,,,,,,,,,,,,,,,,,,0.0095,0.9905,,,,,,,0.83,0.17,,,,,,,,,,,,,,,0.021,0.979,0.135,0.865,0.095,0.905,0.025,0.975,,,,,,,,,,,,,,,,,,,,,,,,,,,,,,,,,,,0.0025,0.9975,,,0.515,0.485,0.72,0.28,,,,,,,0.33,0.67,,,0.16,0.84,0.855,0.145,0.0095,0.9905,,,,,0.905,0.095,,,,,,,,,,,0.011,0.989,,,,,,,,,,,0.195,0.805,,,,,,,0.125,0.875,0.5,0.5,,,,,,,,,0.785,0.215,,,0.335,0.665,0.78,0.22,,,,,,,,,,,,,,,,,,,,,,,0.575,0.425,,,,,,,,,,,0.515,0.485,,,,,,,,,,,0.095,0.905,,,,,,,,,,,,,,,,,,,,,,,,,0.795,0.205,,,,,,,,,0.765,0.235,,,,,,,,,0.12,0.88,,,,,,,,,,,,,,,,,,,,,,,,,,,,,,,,,,,,,,,,,,,,,,,0.0045,0.9955,0.17,0.83,,,,,0.57,0.43,0.39,0.61,0.055,0.945,,,0.175,0.825,,,,,,,,,,,,,,,,,,,,,0.22,0.78,,,,,,,,,0.24,0.76,,,,,,,0.295,0.705,,,,,,,,,,,,,,,,,0.155,0.845,,,,,,,,
2024-12-02 00:00:00+00:00,,,0.0105,0.9895,0.036,0.964,0.013,0.987,0.044,0.956,,,,,,,0.29,0.71,0.635,0.365,,,0.0035,0.9965,,,,,,,,,,,0.004,0.996,0.0035,0.9965,,,0.0035,0.9965,0.0175,0.9825,,,0.281,0.719,,,0.695,0.305,0.285,0.715,0.691,0.309,0.0135,0.9865,,,,,,,,,,,,,,,,,,,,,,,,,,,,,,,,,,,0.0095,0.9905,,,,,,,0.954,0.046,,,,,,,,,,,,,,,0.0195,0.9805,0.13,0.87,0.085,0.915,0.0185,0.9815,,,,,,,,,,,,,,,,,,,,,,,,,,,,,,,,,,,0.0015,0.9985,,,0.495,0.505,0.725,0.275,,,,,,,0.315,0.685,,,0.155,0.845,0.9715,0.0285,0.0145,0.9855,,,,,0.9,0.1,,,,,,,,,,,0.015,0.985,,,,,,,,,,,0.115,0.885,,,,,,,0.115,0.885,0.475,0.525,,,,,,,,,0.795,0.205,,,0.27,0.73,0.835,0.165,,,,,,,,,,,,,,,,,,,,,,,0.575,0.425,,,,,,,,,,,0.515,0.485,,,,,,,,,,,0.1,0.9,,,,,,,,,,,,,,,,,,,,,,,,,0.805,0.195,,,,,,,,,0.785,0.215,,,,,,,,,0.075,0.925,,,,,,,,,,,,,,,,,,,,,,,,,,,,,,,,,,,,,,,,,,,,,,,0.004,0.996,0.165,0.835,,,,,0.505,0.495,0.42,0.58,0.105,0.895,,,0.165,0.835,,,,,,,,,,,,,,,,,,,,,0.195,0.805,,,,,,,,,0.265,0.735,,,,,,,0.285,0.715,,,,,,,,,,,,,,,,,0.215,0.785,,,,,,,,
2024-12-03 00:00:00+00:00,,,0.0105,0.9895,0.031,0.969,0.0135,0.9865,0.044,0.956,,,,,,,0.29,0.71,0.65,0.35,,,0.0035,0.9965,,,,,,,,,,,0.004,0.996,0.0035,0.9965,,,0.0035,0.9965,0.017,0.983,,,0.2335,0.7665,,,0.705,0.295,0.255,0.745,0.7535,0.2465,0.011,0.989,,,,,,,,,,,,,,,,,,,,,,,,,,,,,,,,,,,0.0085,0.9915,,,,,,,,,,,,,,,,,,,,,,,0.019,0.981,0.13,0.87,0.075,0.925,0.021,0.979,,,,,,,,,,,,,,,,,,,,,,,,,,,,,,,,,,,0.0025,0.9975,,,0.505,0.495,0.725,0.275,,,,,,,0.32,0.68,,,0.19,0.81,,,0.003,0.997,,,,,0.895,0.105,,,,,,,,,,,0.018,0.982,,,,,,,,,,,0.165,0.835,,,,,,,0.115,0.885,0.475,0.525,,,,,,,,,0.785,0.215,,,0.265,0.735,0.82,0.18,,,,,,,,,,,,,,,,,,,,,,,0.555,0.445,,,,,,,,,,,0.45,0.55,,,,,,,,,,,0.1,0.9,,,,,,,,,,,,,,,,,,,,,,,,,0.805,0.195,,,,,,,,,0.81,0.19,,,,,,,,,0.0585,0.9415,,,,,,,,,,,,,,,,,,,,,,,,,,,,,,,,,,,,,,,,,,,,,,,0.0035,0.9965,0.155,0.845,,,,,0.43,0.57,0.46,0.54,0.12,0.88,,,0.14,0.86,,,,,,,,,,,,,,,,,,,,,0.175,0.825,,,,,,,,,0.26,0.74,,,,,,,0.26,0.74,,,,,,,,,,,,,,,,,0.255,0.745,,,,,,,,
2024-12-04 00:00:00+00:00,,,0.009,0.991,0.0325,0.9675,0.0135,0.9865,0.04,0.96,,,,,,,0.295,0.705,0.655,0.345,,,0.004,0.996,,,,,,,,,,,0.0035,0.9965,0.0035,0.9965,,,0.0035,0.9965,0.0205,0.9795,,,0.2635,0.7365,,,0.705,0.295,0.265,0.735,0.681,0.319,0.0115,0.9885,,,,,,,,,,,,,,,,,,,,,,,,,,,,,,,,,,,0.0045,0.9955,,,,,,,,,,,,,,,,,,,,,,,0.0175,0.9825,0.135,0.865,0.095,0.905,0.022,0.978,,,,,,,,,,,,,,,,,,,,,,,,,,,,,,,,,,,0.0025,0.9975,,,0.505,0.495,0.715,0.285,,,,,,,0.285,0.715,,,0.17,0.83,,,0.0035,0.9965,,,,,0.91,0.09,,,,,,,,,,,0.0155,0.9845,,,,,,,,,,,0.13,0.87,,,,,,,0.115,0.885,0.48,0.52,,,,,,,,,0.785,0.215,,,0.265,0.735,0.845,0.155,,,,,,,,,,,,,,,,,,,,,,,0.565,0.435,,,,,,,,,,,0.46,0.54,,,,,,,,,,,0.09,0.91,,,,,,,,,,,,,,,,,,,,,,,,,0.785,0.215,,,,,,,,,0.755,0.245,,,,,,,,,0.065,0.935,,,,,,,,,,,,,,,,,,,,,,,,,,,,,,,,,,,,,,,,,,,,,,,0.002,0.998,0.165,0.835,,,,,0.44,0.56,0.465,0.535,0.105,0.895,,,0.15,0.85,,,,,,,,,,,,,,,,,,,,,0.195,0.805,,,,,,,,,0.38,0.62,,,,,,,0.2,0.8,,,,,,,,,,,,,,,,,0.265,0.735,,,,,,,,
2024-12-05 00:00:00+00:00,,,0.0135,0.9865,0.032,0.968,0.015,0.985,0.0415,0.9585,,,,,,,0.305,0.695,0.64,0.36,,,0.0035,0.9965,,,,,,,,,,,0.0045,0.9955,0.0035,0.9965,,,0.0035,0.9965,0.018,0.982,,,0.261,0.739,,,0.705,0.295,0.255,0.745,0.689,0.311,0.0105,0.9895,,,,,,,,,,,,,,,,,,,,,,,,,,,,,,,,,,,0.0035,0.9965,,,,,,,,,,,,,,,,,,,,,,,0.02,0.98,0.135,0.865,0.085,0.915,0.0185,0.9815,,,,,,,,,,,,,,,,,,,,,,,,,,,,,,,,,,,0.003,0.997,,,0.505,0.495,0.705,0.295,,,,,,,0.33,0.67,,,0.175,0.825,,,0.0035,0.9965,,,,,0.91,0.09,,,,,,,,,,,0.015,0.985,,,,,,,,,,,0.08,0.92,,,,,,,0.185,0.815,0.48,0.52,,,,,,,,,0.785,0.215,,,0.26,0.74,0.875,0.125,,,,,,,,,,,,,,,,,,,,,,,0.525,0.475,,,,,,,,,,,0.44,0.56,,,,,,,,,,,0.085,0.915,,,,,,,,,,,,,,,,,,,,,,,,,0.785,0.215,,,,,,,,,0.755,0.245,,,,,,,,,0.058,0.942,,,,,,,,,,,,,,,,,,,,,,,,,,,,,,,,,,,,,,,,,,,,,,,0.002,0.998,0.21,0.79,,,,,0.46,0.54,0.45,0.55,0.105,0.895,,,0.14,0.86,,,,,,,,,,,,,,,,,,,,,0.185,0.815,,,,,,,,,0.195,0.805,,,,,,,0.22,0.78,,,,,,,,,,,,,,,,,0.265,0.735,,,,,,,,
2024-12-06 00:00:00+00:00,,,0.009,0.991,0.0325,0.9675,0.016,0.984,0.045,0.955,,,,,,,0.285,0.715,0.63,0.37,,,0.0045,0.9955,,,,,,,,,,,0.0035,0.9965,0.0035,0.9965,,,0.0035,0.9965,0.018,0.982,,,0.276,0.724,,,0.705,0.295,0.255,0.745,0.6885,0.3115,0.0085,0.9915,,,,,,,,,,,,,,,,,,,,,,,,,,,,,,,,,,,0.008,0.992,,,,,,,,,,,,,,,,,,,,,,,0.0155,0.9845,0.135,0.865,0.075,0.925,0.0205,0.9795,,,,,,,,,,,,,,,,,,,,,,,,,,,,,,,,,,,0.0035,0.9965,,,0.505,0.495,0.735,0.265,,,,,,,0.33,0.67,,,0.085,0.915,,,0.0035,0.9965,,,,,0.91,0.09,,,,,,,,,,,0.015,0.985,,,,,,,,,,,0.1,0.9,,,,,,,0.225,0.775,0.545,0.455,,,,,,,,,0.78,0.22,,,0.275,0.725,0.845,0.155,,,,,,,,,,,,,,,,,,,,,,,0.565,0.435,,,,,,,,,,,0.46,0.54,,,,,,,,,,,0.06,0.94,,,,,,,,,,,,,,,,,,,,,,,,,0.795,0.205,,,,,,,,,0.74,0.26,,,,,,,,,0.062,0.938,,,,,,,,,,,,,,,,,,,,,,,,,,,,,,,,,,,,,,,,,,,,,,,0.002,0.998,0.18,0.82,,,,,0.17,0.83,0.455,0.545,0.095,0.905,,,0.18,0.82,,,,,,,,,,,,,,,,,,,,,0.205,0.795,,,,,,,,,0.35,0.65,,,,,,,0.255,0.745,,,,,,,,,,,,,,,,,0.34,0.66,,,,,,,,
2024-12-07 00:00:00+00:00,,,0.0095,0.9905,0.026,0.974,0.0155,0.9845,0.048,0.952,,,,,,,0.305,0.695,0.605,0.395,,,0.0035,0.9965,,,,,,,,,,,0.0035,0.9965,0.0035,0.9965,,,0.0035,0.9965,0.009,0.991,,,0.1325,0.8675,,,0.86,0.14,0.125,0.875,0.849,0.151,0.0115,0.9885,,,,,,,,,,,,,,,,,,,,,,,,,,,,,,,,,,,0.0065,0.9935,,,,,,,,,,,,,,,,,,,,,,,0.016,0.984,0.135,0.865,0.075,0.925,0.018,0.982,,,,,,,,,,,,,,,,,,,,,,,,,,,,,,,,,,,0.0055,0.9945,,,0.525,0.475,0.725,0.275,,,,,,,0.265,0.735,,,0.095,0.905,,,0.0035,0.9965,,,,,0.91,0.09,,,,,,,,,,,0.0145,0.9855,,,,,,,,,,,0.085,0.915,,,,,,,0.19,0.81,0.6,0.4,,,,,,,,,0.79,0.21,,,0.26,0.74,0.875,0.125,0.175,0.825,,,,,,,,,,,,,,,,,,,,,0.545,0.455,,,,,,,,,,,0.485,0.515,,,,,,,,,,,0.07,0.93,,,,,,,,,,,,,,,,,,,,,,,,,0.815,0.185,,,,,,,,,0.755,0.245,,,,,,,,,,,,,,,,,,,,,,,,,,,,,,,,,,,,,,,,,,,,,,,,,,,,,,,,,,,,,,,,,,,0.46,0.54,,,,,0.21,0.79,,,,,,,,,,,,,,,,,,,,,,,,,,,,,,,,,,,,,,,,,,,,,,,,,,,,,,,,,,,,,,,,,,
2024-12-08 00:00:00+00:00,,,0.0085,0.9915,0.028,0.972,0.0145,0.9855,0.0475,0.9525,,,,,,,0.305,0.695,0.615,0.385,,,0.0035,0.9965,,,,,,,,,,,0.0035,0.9965,0.0035,0.9965,,,0.0035,0.9965,0.0115,0.9885,,,0.1225,0.8775,,,0.865,0.135,0.12,0.88,0.8455,0.1545,0.0125,0.9875,,,,,,,,,,,,,,,,,,,,,,,,,,,,,,,,,,,0.009,0.991,,,,,,,,,,,,,,,,,,,,,,,0.017,0.983,0.12,0.88,0.065,0.935,0.0155,0.9845,,,,,,,,,,,,,,,,,,,,,,,,,,,,,,,,,,,0.005,0.995,,,0.525,0.475,0.7,0.3,,,,,,,0.265,0.735,,,0.085,0.915,,,0.004,0.996,,,,,0.905,0.095,,,,,,,,,,,0.016,0.984,,,,,,,,,,,0.07,0.93,,,,,,,0.18,0.82,0.615,0.385,,,,,,,,,0.795,0.205,,,0.265,0.735,0.885,0.115,0.175,0.825,,,,,,,,,,,,,,,,,,,,,0.595,0.405,,,,,,,,,,,0.465,0.535,,,,,,,,,,,0.08,0.92,,,,,,,,,,,,,,,,,,,,,,,,,0.845,0.155,,,,,,,,,0.755,0.245,,,,,,,,,,,,,,,,,,,,,,,,,,,,,,,,,,,,,,,,,,,,,,,,,,,,,,,,,,,,,,,,,,,0.465,0.535,,,,,0.2,0.8,,,,,,,,,,,,,,,,,,,,,,,,,,,,,,,,,,,,,,,,,,,,,,,,,,,,,,,,,,,,,,,,,,
2024-12-09 00:00:00+00:00,,,0.0085,0.9915,0.0405,0.9595,0.0145,0.9855,0.0475,0.9525,,,,,,,0.305,0.695,0.615,0.385,,,0.0035,0.9965,,,,,,,,,,,0.0025,0.9975,0.0035,0.9965,,,0.0035,0.9965,0.014,0.986,,,0.125,0.875,,,0.855,0.145,0.125,0.875,0.8555,0.1445,0.0145,0.9855,,,,,,,,,,,,,,,,,,,,,,,,,,,,,,,,,,,0.0095,0.9905,,,,,,,,,,,,,,,,,,,,,,,0.0175,0.9825,0.13,0.87,0.065,0.935,0.0155,0.9845,,,,,,,,,,,,,,,,,,,,,,,,,,,,,,,,,,,0.0025,0.9975,,,0.475,0.525,0.7,0.3,,,,,,,0.29,0.71,,,0.06,0.94,,,0.003,0.997,,,,,0.925,0.075,,,,,,,,,,,0.0095,0.9905,,,,,,,,,,,0.06,0.94,,,,,,,0.15,0.85,0.66,0.34,,,,,,,,,0.795,0.205,,,0.255,0.745,0.935,0.065,0.17,0.83,,,,,,,,,,,,,,,,,,,,,0.605,0.395,,,,,,,,,,,0.485,0.515,,,,,,,,,,,0.075,0.925,,,,,,,,,,,,,,,,,,,,,,,,,0.835,0.165,,,,,,,,,0.78,0.22,,,,,,,,,,,,,,,,,,,,,,,,,,,,,,,,,,,,,,,,,,,,,,,,,,,,,,,,,,,,,,,,,,,0.47,0.53,,,,,0.19,0.81,,,,,,,,,,,,,,,,,,,,,,,,,,,,,,,,,,,,,,,,,,,,,,,,,,,,,,,,,,,,,,,,,,
2024-12-10 00:00:00+00:00,,,0.0105,0.9895,0.0365,0.9635,0.0165,0.9835,0.051,0.949,,,,,,,0.295,0.705,0.635,0.365,,,0.0035,0.9965,,,,,,,,,,,0.003,0.997,0.0025,0.9975,,,0.0035,0.9965,0.0135,0.9865,,,0.123,0.877,,,0.86,0.14,0.125,0.875,0.8445,0.1555,0.0105,0.9895,,,,,,,,,,,,,,,,,,,,,,,,,,,,,,,,,,,0.0055,0.9945,,,,,,,,,,,,,,,,,,,,,,,0.015,0.985,0.13,0.87,0.07,0.93,0.016,0.984,,,,,,,,,,,,,,,,,,,,,,,,,,,,,,,,,,,0.0025,0.9975,,,0.455,0.545,0.73,0.27,,,,,,,0.28,0.72,,,0.085,0.915,,,0.003,0.997,,,,,0.92,0.08,,,,,,,,,,,0.0085,0.9915,,,,,,,,,,,0.05,0.95,,,,,,,0.155,0.845,0.635,0.365,,,,,,,,,0.785,0.215,,,0.26,0.74,0.945,0.055,0.165,0.835,,,,,,,,,,,,,,,,,,,,,0.625,0.375,,,,,,,,,,,0.455,0.545,,,,,,,,,,,0.06,0.94,,,,,,,,,,,,,,,,,,,,,,,,,0.845,0.155,,,,,,,,,0.785,0.215,,,,,,,,,,,,,,,,,,,,,,,,,,,,,,,,,,,,,,,,,,,,,,,,,,,,,,,,,,,,,,,,,,,0.605,0.395,,,,,0.085,0.915,,,,,,,,,,,,,,,,,,,,,,,,,,,,,,,,,,,,,,,,,,,,,,,,,,,,,,,,,,,,,,,,,,
2024-12-11 00:00:00+00:00,,,0.0105,0.9895,0.0365,0.9635,0.016,0.984,0.041,0.959,,,,,,,0.275,0.725,0.66,0.34,,,0.0035,0.9965,,,,,,,,,,,0.0055,0.9945,0.0025,0.9975,,,0.0025,0.9975,0.015,0.985,,,0.127,0.873,,,0.85,0.15,0.13,0.87,0.8375,0.1625,0.0115,0.9885,,,,,,,,,,,,,,,,,,,,,,,,,,,,,,,,,,,0.007,0.993,,,,,,,,,,,,,,,,,,,,,,,0.013,0.987,0.135,0.865,0.085,0.915,0.0185,0.9815,,,,,,,,,,,,,,,,,,,,,,,,,,,,,,,,,,,0.009,0.991,,,0.47,0.53,0.725,0.275,,,,,,,0.32,0.68,,,0.105,0.895,,,0.0035,0.9965,,,,,0.915,0.085,,,,,,,,,,,0.013,0.987,,,,,,,,,,,0.036,0.964,,,,,,,0.15,0.85,0.525,0.475,,,,,,,,,0.8,0.2,,,0.245,0.755,0.9435,0.0565,0.165,0.835,,,,,,,,,,,,,,,,,,,,,0.58,0.42,,,,,,,,,,,0.47,0.53,,,,,,,,,,,0.032,0.968,,,,,,,,,,,,,,,,,,,,,,,,,0.845,0.155,,,,,,,,,0.795,0.205,,,,,,,,,,,,,,,,,,,,,,,,,,,,,,,,,,,,,,,,,,,,,,,,,,,,,,,,,,,,,,,,,,,0.52,0.48,,,,,0.14,0.86,,,,,,,,,,,,,,,,,,,,,,,,,,,,,,,,,,,,,,,,,,,,,,,,,,,,,,,,,,,,,,,,,,
2024-12-12 00:00:00+00:00,,,0.011,0.989,0.036,0.964,0.014,0.986,0.0345,0.9655,,,,,,,0.245,0.755,0.705,0.295,,,0.0035,0.9965,,,,,,,,,,,0.0015,0.9985,0.0015,0.9985,,,0.0015,0.9985,0.0075,0.9925,,,0.0455,0.9545,,,0.9425,0.0575,0.0475,0.9525,0.937,0.063,0.006,0.994,,,,,,,,,,,,,,,,,,,,,,,,,,,,,,,,,,,0.0035,0.9965,,,,,,,,,,,,,,,,,,,,,,,0.0125,0.9875,0.125,0.875,0.075,0.925,0.016,0.984,,,,,,,,,,,,,,,,,,,,,,,0.94,0.06,,,,,,,,,,,0.002,0.998,,,0.485,0.515,0.725,0.275,,,,,,,,,,,0.075,0.925,,,0.0025,0.9975,,,,,0.915,0.085,,,,,,,0.12,0.88,,,0.006,0.994,,,,,,,,,,,0.026,0.974,,,,,,,0.145,0.855,0.555,0.445,,,,,,,0.13,0.87,0.79,0.21,0.475,0.525,0.23,0.77,0.9615,0.0385,0.17,0.83,,,,,,,0.205,0.795,,,,,,,,,,,,,0.625,0.375,0.24,0.76,,,,,,,,,0.475,0.525,,,,,,,,,,,,,,,,,,,,,,,,,,,,,,,,,,,,,0.835,0.165,0.275,0.725,,,,,,,0.735,0.265,,,,,,,,,,,,,,,,,,,,,,,0.185,0.815,,,,,,,,,,,,,,,,,,,,,,,,,,,,,,,,,,,,,,,,,,,,,,,,,,,0.295,0.705,,,,,,,,,,,,,,,,,,,,,,,0.27,0.73,0.39,0.61,,,,,,,,,,,,,,,0.295,0.705,0.23,0.77,,,,,0.44,0.56,,,,,,,,,,,0.42,0.58,,
2024-12-13 00:00:00+00:00,,,0.0095,0.9905,0.0525,0.9475,0.013,0.987,0.0215,0.9785,,,,,,,0.24,0.76,0.72,0.28,,,0.0025,0.9975,,,,,,,,,,,0.0015,0.9985,0.0015,0.9985,,,0.0005,0.9995,0.0065,0.9935,,,0.0465,0.9535,,,0.944,0.056,0.049,0.951,0.941,0.059,0.007,0.993,,,,,,,,,,,,,,,,,,,,,,,,,,,,,,,,,,,0.006,0.994,,,,,,,,,0.0255,0.9745,0.07,0.93,0.015,0.985,0.0235,0.9765,,,,,0.055,0.945,0.0125,0.9875,0.135,0.865,0.08,0.92,0.0165,0.9835,,,,,,,,,,,,,,,,,,,,,,,0.968,0.032,,,,,,,,,0.835,0.165,,,,,0.49,0.51,0.745,0.255,,,0.87,0.13,,,,,,,0.075,0.925,,,,,,,0.055,0.945,0.925,0.075,,,,,,,0.09,0.91,,,,,,,,,,,,,,,,,,,,,,,0.145,0.855,0.555,0.445,,,,,,,0.0695,0.9305,0.79,0.21,0.315,0.685,0.195,0.805,,,0.135,0.865,,,,,,,0.235,0.765,,,,,,,,,,,,,0.635,0.365,0.185,0.815,,,,,,,,,0.475,0.525,,,,,,,,,,,,,,,,,,,,,,,,,,,,,,,,,,,,,0.845,0.155,0.405,0.595,,,,,,,0.745,0.255,,,,,,,,,,,,,,,,,,,,,,,0.12,0.88,,,,,,,,,,,,,,,,,,,,,,,,,,,,,,,,,,,,,,,,,,,,,,,,,,,0.175,0.825,,,,,,,,,,,,,,,,,,,,,,,0.28,0.72,0.39,0.61,,,,,,,,,,,,,,,0.15,0.85,0.11,0.89,,,,,0.145,0.855,,,,,,,,,,,0.235,0.765,,
2024-12-14 00:00:00+00:00,,,0.01,0.99,0.051,0.949,0.0115,0.9885,0.0275,0.9725,,,,,,,0.225,0.775,0.73,0.27,,,0.0015,0.9985,,,,,,,,,,,0.003,0.997,0.0005,0.9995,,,0.0005,0.9995,0.008,0.992,,,0.039,0.961,,,0.958,0.042,0.0335,0.9665,0.9505,0.0495,0.0065,0.9935,,,,,,,,,,,,,,,,,,,,,,,,,,,,,,,,,,,0.003,0.997,,,,,,,,,0.024,0.976,0.135,0.865,0.0135,0.9865,0.0165,0.9835,,,,,0.055,0.945,0.011,0.989,0.125,0.875,0.075,0.925,0.016,0.984,,,,,,,,,,,,,,,,,,,,,,,0.967,0.033,,,,,,,,,0.835,0.165,,,,,0.505,0.495,0.735,0.265,,,0.885,0.115,,,,,,,0.075,0.925,,,,,,,0.065,0.935,0.925,0.075,,,,,,,0.075,0.925,,,,,,,,,,,,,,,,,,,,,,,0.135,0.865,0.565,0.435,,,,,,,0.0505,0.9495,0.8,0.2,0.375,0.625,0.215,0.785,,,0.125,0.875,,,,,,,0.225,0.775,,,,,,,,,,,,,0.625,0.375,0.08,0.92,,,,,,,,,0.515,0.485,,,,,,,,,,,,,,,,,,,,,,,,,,,,,,,,,,,,,0.835,0.165,0.39,0.61,,,,,,,0.745,0.255,,,,,,,,,,,,,,,,,,,,,,,0.14,0.86,,,,,,,,,,,,,,,,,,,,,,,,,,,,,,,,,,,,,,,,,,,,,,,,,,,0.21,0.79,,,,,,,,,,,,,,,,,,,,,,,0.29,0.71,0.38,0.62,,,,,,,,,,,,,,,0.16,0.84,0.11,0.89,,,,,0.16,0.84,,,,,,,,,,,0.24,0.76,,
2024-12-15 00:00:00+00:00,,,0.009,0.991,0.037,0.963,0.0115,0.9885,0.024,0.976,,,,,,,0.245,0.755,0.715,0.285,,,0.0015,0.9985,,,,,,,,,,,0.0015,0.9985,0.0005,0.9995,,,0.0005,0.9995,0.0055,0.9945,,,0.032,0.968,,,0.963,0.037,0.0295,0.9705,0.962,0.038,0.0055,0.9945,,,,,,,,,,,,,,,,,,,,,,,,,,,,,,,,,,,0.0055,0.9945,,,,,,,,,0.012,0.988,0.105,0.895,0.011,0.989,0.002,0.998,,,,,0.055,0.945,0.011,0.989,0.12,0.88,0.075,0.925,0.0165,0.9835,,,,,,,,,,,,,,,,,,,,,,,0.9645,0.0355,,,,,,,,,0.835,0.165,,,,,0.545,0.455,0.735,0.265,,,0.93,0.07,,,,,,,0.035,0.965,,,,,,,0.065,0.935,0.925,0.075,,,,,,,0.08,0.92,,,,,,,,,,,,,,,,,,,,,,,0.135,0.865,0.555,0.445,,,,,,,0.045,0.955,0.825,0.175,0.47,0.53,0.205,0.795,,,0.115,0.885,,,,,,,0.165,0.835,,,,,,,,,,,,,0.615,0.385,0.055,0.945,,,,,,,,,0.5,0.5,,,,,,,,,,,,,,,,,,,,,,,,,,,,,,,,,,,,,0.825,0.175,0.345,0.655,,,,,,,0.755,0.245,,,,,,,,,,,,,,,,,,,,,,,0.14,0.86,,,,,,,,,,,,,,,,,,,,,,,,,,,,,,,,,,,,,,,,,,,,,,,,,,,0.215,0.785,,,,,,,,,,,,,,,,,,,,,,,0.29,0.71,0.38,0.62,,,,,,,,,,,,,,,0.15,0.85,0.11,0.89,,,,,0.165,0.835,,,,,,,,,,,0.245,0.755,,
2024-12-16 00:00:00+00:00,,,0.008,0.992,0.0615,0.9385,0.0085,0.9915,0.026,0.974,,,,,,,0.215,0.785,0.73,0.27,,,0.0015,0.9985,,,,,,,,,,,0.0015,0.9985,0.0005,0.9995,,,0.0005,0.9995,0.0055,0.9945,,,0.032,0.968,,,0.9655,0.0345,0.0275,0.9725,0.9645,0.0355,0.0035,0.9965,,,,,,,,,,,,,,,,,,,,,,,,,,,,,,,,,,,0.005,0.995,,,,,,,,,0.0065,0.9935,0.26,0.74,0.0065,0.9935,0.002,0.998,,,,,0.055,0.945,0.011,0.989,0.135,0.865,0.08,0.92,0.014,0.986,,,,,,,,,,,,,,,,,,,,,,,0.9755,0.0245,,,,,,,,,0.835,0.165,,,,,0.555,0.445,0.725,0.275,,,0.9875,0.0125,,,,,,,0.0355,0.9645,,,,,,,0.065,0.935,0.925,0.075,,,,,,,0.07,0.93,,,,,,,,,,,,,,,,,,,,,,,0.11,0.89,0.555,0.445,,,,,,,0.0405,0.9595,0.815,0.185,0.615,0.385,0.185,0.815,,,0.125,0.875,,,,,,,0.18,0.82,,,,,,,,,,,,,0.57,0.43,0.055,0.945,,,,,,,,,0.495,0.505,,,,,,,,,,,,,,,,,,,,,,,,,,,,,,,,,,,,,0.835,0.165,0.285,0.715,,,,,,,0.755,0.245,,,,,,,,,,,,,,,,,,,,,,,0.145,0.855,,,,,,,,,,,,,,,,,,,,,,,,,,,,,,,,,,,,,,,,,,,,,,,,,,,0.21,0.79,,,,,,,,,,,,,,,,,,,,,,,0.295,0.705,0.38,0.62,,,,,,,,,,,,,,,0.15,0.85,0.1,0.9,,,,,0.17,0.83,,,,,,,,,,,0.245,0.755,,
2024-12-17 00:00:00+00:00,,,0.0075,0.9925,0.0865,0.9135,0.0095,0.9905,0.042,0.958,,,,,,,0.175,0.825,0.775,0.225,,,0.0005,0.9995,,,,,,,,,,,0.0005,0.9995,0.0005,0.9995,,,0.0005,0.9995,0.0035,0.9965,,,0.027,0.973,,,0.9715,0.0285,0.0265,0.9735,0.9705,0.0295,0.003,0.997,,,,,,,,,,,,,,,,,,,,,,,,,,,,,,,,,,,0.003,0.997,,,,,,,,,0.0045,0.9955,0.165,0.835,0.007,0.993,0.002,0.998,0.915,0.085,,,0.055,0.945,0.0115,0.9885,0.135,0.865,0.075,0.925,0.0165,0.9835,,,,,,,,,,,,,,,,,,,,,,,0.974,0.026,,,,,,,,,0.835,0.165,,,,,0.62,0.38,0.725,0.275,,,,,,,,,,,0.025,0.975,,,,,,,0.065,0.935,0.905,0.095,,,,,,,0.055,0.945,,,,,,,,,,,,,,,,,,,,,,,0.11,0.89,0.475,0.525,,,,,,,0.037,0.963,0.86,0.14,0.65,0.35,0.225,0.775,,,0.115,0.885,,,,,,,0.17,0.83,,,,,,,,,,,,,0.56,0.44,0.055,0.945,,,,,,,,,0.415,0.585,,,,,,,,,,,,,,,,,,,,,,,,,,,,,,,,,,,,,0.82,0.18,0.245,0.755,,,,,,,0.785,0.215,,,,,,,,,,,,,,,,,,,,,,,0.155,0.845,,,,,,,,,,,,,,,,,,,,,,,,,,,,,,,,,,,,,,,,,,,,,,,,,,,0.21,0.79,,,,,,,,,,,,,,,,,,,,,,,0.295,0.705,0.38,0.62,,,,,,,,,,,,,,,0.15,0.85,0.08,0.92,,,,,0.16,0.84,,,,,,,,,,,0.25,0.75,,
2024-12-18 00:00:00+00:00,,,0.0065,0.9935,0.0745,0.9255,0.0095,0.9905,0.0355,0.9645,,,,,,,0.165,0.835,0.795,0.205,,,0.0005,0.9995,,,,,,,,,,,0.0005,0.9995,0.0005,0.9995,,,0.0005,0.9995,0.0025,0.9975,,,0.029,0.971,,,0.9695,0.0305,0.029,0.971,0.9705,0.0295,0.0005,0.9995,,,,,,,,,,,,,,,,,,,,,,,,,,,,,,,,,,,0.004,0.996,,,,,,,,,0.0055,0.9945,0.15,0.85,0.0065,0.9935,0.002,0.998,0.92,0.08,,,0.055,0.945,0.0125,0.9875,0.125,0.875,0.075,0.925,0.0155,0.9845,,,,,,,,,,,,,,,,,,,,,,,0.9735,0.0265,,,,,,,,,0.835,0.165,,,,,0.6,0.4,0.725,0.275,,,,,,,,,,,0.0365,0.9635,,,,,,,0.065,0.935,0.905,0.095,,,,,,,0.055,0.945,,,,,,,,,,,,,,,,,,,,,,,0.105,0.895,0.43,0.57,,,,,,,0.0255,0.9745,0.85,0.15,0.725,0.275,0.225,0.775,,,0.115,0.885,,,,,,,0.17,0.83,,,,,,,,,,,,,0.5,0.5,0.07,0.93,,,,,,,,,0.45,0.55,,,,,,,,,,,,,,,,,,,,,,,,,,,,,,,,,,,,,0.83,0.17,0.17,0.83,,,,,,,0.815,0.185,,,,,,,,,,,,,,,,,,,,,,,0.15,0.85,,,,,,,,,,,,,,,,,,,,,,,,,,,,,,,,,,,,,,,,,,,,,,,,,,,0.21,0.79,,,,,,,,,,,,,,,,,,,,,,,0.315,0.685,0.38,0.62,,,,,,,,,,,,,,,0.15,0.85,0.08,0.92,,,,,0.16,0.84,,,,,,,,,,,0.25,0.75,,
2024-12-19 00:00:00+00:00,,,0.006,0.994,0.4945,0.5055,0.007,0.993,0.019,0.981,,,0.045,0.955,0.0295,0.9705,0.085,0.915,0.885,0.115,,,,,,,,,0.345,0.655,0.595,0.405,,,,,,,,,,,,,,,,,,,,,,,,,,,,,,,,,,,,,,,,,,,,,,,,,,,,,,,,,,,,,,,,,,,,,,,0.0095,0.9905,0.13,0.87,0.0135,0.9865,0.004,0.996,0.895,0.105,,,0.055,0.945,0.0145,0.9855,0.135,0.865,0.085,0.915,0.0125,0.9875,,,,,,,,,,,,,,,,,,,,,,,,,,,,,,,,,0.83,0.17,,,,,,,0.725,0.275,,,,,,,,,,,0.038,0.962,,,,,,,0.065,0.935,0.905,0.095,,,,,,,0.0355,0.9645,,,,,,,,,,,,,,,,,,,,,,,,,,,,,,,,,0.0115,0.9885,,,0.84,0.16,,,,,,,,,,,,,0.18,0.82,,,,,,,,,,,,,,,0.035,0.965,,,,,,,,,,,,,,,,,,,,,,,,,,,,,,,,,,,,,,,,,,,,,,,,,0.095,0.905,,,,,,,,,,,,,,,,,,,,,,,,,,,,,,,0.14,0.86,,,,,,,,,,,,,,,,,,,,,,,,,,,,,,,,,,,,,,,,,,,,,,,,,,,0.21,0.79,,,,,,,,,,,,,,,,,,,,,,,0.315,0.685,0.38,0.62,,,,,,,,,,,,,,,0.15,0.85,0.08,0.92,,,,,0.16,0.84,,,,,,,,,,,0.295,0.705,,
2024-12-20 00:00:00+00:00,,,0.01,0.99,0.7545,0.2455,0.007,0.993,0.016,0.984,,,0.05,0.95,0.0145,0.9855,0.08,0.92,0.885,0.115,,,,,,,,,0.315,0.685,0.63,0.37,,,,,,,,,,,,,,,,,,,,,,,,,,,,,,,,,,,,,,,,,,,,,,,,,,,,,,,,,,,,,,,,,,,,,,,0.0075,0.9925,0.085,0.915,0.013,0.987,0.0045,0.9955,0.9,0.1,,,0.055,0.945,0.011,0.989,0.11,0.89,0.085,0.915,0.005,0.995,,,,,,,,,,,,,,,,,,,,,,,,,,,,,,,,,0.83,0.17,,,,,,,0.725,0.275,,,,,,,,,,,0.0405,0.9595,,,,,,,0.065,0.935,0.905,0.095,,,,,,,0.0165,0.9835,,,,,,,,,,,,,,,,,,,,,,,,,,,,,,,,,0.016,0.984,,,0.86,0.14,,,,,,,,,,,,,0.18,0.82,,,,,0.87,0.13,,,,,,,,,0.029,0.971,0.81,0.19,,,,,,,,,,,,,,,0.595,0.405,,,,,,,,,,,,,,,,,,,,,,,,,,,,,,,0.115,0.885,,,,,,,,,,,,,,,,,,,,,,,,,,,,,,,0.13,0.87,,,,,,,,,,,,,,,,,,,,,,,,,,,,,,,,,,,,,0.76,0.24,,,,,,,,,0.495,0.505,,,0.21,0.79,,,,,,,,,,,,,,,,,,,,,,,0.345,0.655,0.32,0.68,,,,,,,,,,,,,,,0.15,0.85,0.08,0.92,,,,,0.15,0.85,,,,,,,,,,,0.315,0.685,,
2024-12-21 00:00:00+00:00,,,0.014,0.986,0.705,0.295,0.0065,0.9935,0.0175,0.9825,,,0.0435,0.9565,0.021,0.979,0.095,0.905,0.88,0.12,,,,,,,,,0.325,0.675,0.605,0.395,,,,,,,,,,,,,,,,,,,,,,,,,,,,,,,,,,,,,,,,,,,,,,,,,,,,,,,,,,,,,,,,,,,,,,,0.0105,0.9895,0.08,0.92,0.014,0.986,0.0085,0.9915,0.87,0.13,,,0.055,0.945,0.011,0.989,0.115,0.885,0.105,0.895,0.0055,0.9945,,,0.12,0.88,,,,,,,,,,,,,,,,,,,,,,,,,0.385,0.615,,,0.825,0.175,,,,,,,0.79,0.21,0.105,0.895,,,,,,,,,0.0385,0.9615,,,,,,,0.065,0.935,0.895,0.105,,,,,,,0.023,0.977,,,,,,,,,,,,,,,,,,,,,,,,,,,0.105,0.895,,,,,0.017,0.983,,,0.795,0.205,,,,,,,0.065,0.935,,,,,0.18,0.82,,,,,0.885,0.115,,,,,,,,,0.0305,0.9695,0.81,0.19,,,,,,,,,,,,,,,0.675,0.325,,,,,,,,,,,,,,,,,,,,,,,,,,,,,,,0.16,0.84,,,,,,,,,,,,,,,,,,,,,,,,,,,,,,,0.13,0.87,,,,,,,,,,,,,,,,,,,,,,,,,,,,,,,,,,,,,0.74,0.26,,,,,,,,,0.515,0.485,,,0.21,0.79,,,,,,,,,,,,,,,,,,,,,,,0.32,0.68,0.335,0.665,,,,,,,,,,,,,,,0.15,0.85,0.12,0.88,,,,,0.165,0.835,,,,,,,,,,,0.325,0.675,,
2024-12-22 00:00:00+00:00,,,0.0095,0.9905,0.9935,0.0065,0.0055,0.9945,0.0165,0.9835,,,0.0445,0.9555,0.0195,0.9805,0.095,0.905,0.885,0.115,,,,,,,,,0.345,0.655,0.595,0.405,,,,,,,,,,,,,,,,,,,,,,,,,,,,,,,,,,,,,,,,,,,,,,,,,,,,,,,,,,,,,,,,,,,,,,,0.0105,0.9895,0.075,0.925,0.0115,0.9885,0.0125,0.9875,0.69,0.31,,,0.055,0.945,0.0095,0.9905,0.12,0.88,0.105,0.895,0.0055,0.9945,,,0.095,0.905,,,,,,,,,,,,,,,,,,,,,,,,,0.35,0.65,,,0.825,0.175,,,,,,,0.79,0.21,0.205,0.795,,,,,,,,,0.0325,0.9675,,,,,,,0.075,0.925,0.895,0.105,,,,,,,0.016,0.984,,,,,,,,,,,,,,,,,,,,,,,,,,,0.15,0.85,,,,,0.0145,0.9855,,,0.84,0.16,,,,,,,0.075,0.925,,,,,0.18,0.82,,,,,0.885,0.115,,,,,,,,,0.0295,0.9705,0.84,0.16,,,,,,,,,,,,,,,0.69,0.31,,,,,,,,,,,,,,,,,,,,,,,,,,,,,,,0.125,0.875,,,,,,,,,,,,,,,,,,,,,,,,,,,,,,,0.1,0.9,,,,,,,,,,,,,,,,,,,,,,,,,,,,,,,,,,,,,0.74,0.26,,,,,,,,,0.53,0.47,,,0.21,0.79,,,,,,,,,,,,,,,,,,,,,,,0.32,0.68,0.335,0.665,,,,,,,,,,,,,,,0.15,0.85,0.06,0.94,,,,,0.16,0.84,,,,,,,,,,,0.335,0.665,,
2024-12-23 00:00:00+00:00,,,0.0095,0.9905,0.9835,0.0165,0.0045,0.9955,0.02,0.98,,,0.037,0.963,0.0185,0.9815,0.095,0.905,0.88,0.12,,,,,,,,,0.355,0.645,0.595,0.405,,,,,,,,,,,,,,,,,,,,,,,,,,,,,,,,,,,,,,,,,,,,,,,,,,,,,,,,,,,,,,,,,,,,,,,0.0105,0.9895,0.145,0.855,0.011,0.989,0.013,0.987,0.9305,0.0695,,,0.055,0.945,0.0075,0.9925,0.115,0.885,0.12,0.88,0.0055,0.9945,,,0.06,0.94,,,,,,,,,,,,,,,,,,,,,,,,,0.4,0.6,,,0.825,0.175,,,,,,,0.75,0.25,0.165,0.835,,,,,,,,,0.0275,0.9725,,,,,,,0.09,0.91,0.895,0.105,,,,,,,0.085,0.915,,,,,,,,,,,,,,,,,,,,,,,,,,,0.175,0.825,,,,,0.0135,0.9865,,,0.705,0.295,,,,,,,0.06,0.94,,,,,0.18,0.82,,,,,0.895,0.105,,,,,,,,,0.1205,0.8795,0.84,0.16,,,,,,,,,,,,,,,0.745,0.255,,,,,,,,,,,,,,,,,,,,,,,,,,,,,,,0.115,0.885,,,,,,,,,,,,,,,,,,,,,,,,,,,,,,,0.09,0.91,,,,,,,,,,,,,,,,,,,,,,,,,,,,,,,,,,,,,0.745,0.255,,,,,,,,,0.59,0.41,,,0.21,0.79,,,,,,,,,,,,,,,,,,,,,,,0.32,0.68,0.345,0.655,,,,,,,,,,,,,,,0.15,0.85,0.08,0.92,,,,,0.16,0.84,,,,,,,,,,,0.345,0.655,,
2024-12-24 00:00:00+00:00,,,0.0065,0.9935,0.9955,0.0045,0.0045,0.9955,0.022,0.978,,,0.036,0.964,0.0185,0.9815,0.085,0.915,0.885,0.115,,,,,,,,,0.335,0.665,0.615,0.385,,,,,,,,,,,,,,,,,,,,,,,,,,,,,,,,,,,,,,,,,,,,,,,,,,,,,,,,,,,,,,,,,,,,,,,0.0105,0.9895,0.014,0.986,0.006,0.994,0.01,0.99,,,,,0.0335,0.9665,0.007,0.993,0.11,0.89,0.115,0.885,0.006,0.994,,,0.075,0.925,,,0.565,0.435,,,,,,,,,,,,,,,,,,,,,0.335,0.665,,,0.725,0.275,,,,,,,0.75,0.25,0.165,0.835,,,,,,,,,0.0245,0.9755,,,,,,,0.21,0.79,0.89,0.11,,,,,,,0.0585,0.9415,,,,,,,,,,,,,,,,,,,,,,,,,,,0.27,0.73,,,,,0.0135,0.9865,,,0.71,0.29,,,,,,,0.105,0.895,,,,,0.18,0.82,,,,,0.895,0.105,,,,,,,,,0.088,0.912,0.84,0.16,,,,,,,,,,,,,,,0.605,0.395,,,,,,,,,,,,,,,,,,,,,,,,,,,,,,,0.14,0.86,,,,,,,,,,,,,,,,,,,,,,,,,,,,,,,0.09,0.91,,,,,,,,,,,,,,,,,,,,,,,,,,,,,,,,,,,,,0.745,0.255,,,,,,,,,0.59,0.41,,,0.215,0.785,,,,,,,,,,,,,,,,,,,,,,,0.32,0.68,0.34,0.66,,,,,,,,,,,,,,,0.15,0.85,0.05,0.95,,,,,0.15,0.85,,,,,,,,,,,0.39,0.61,,
2024-12-25 00:00:00+00:00,,,0.0055,0.9945,0.9985,0.0015,0.0045,0.9955,0.0195,0.9805,,,0.034,0.966,0.0165,0.9835,0.085,0.915,0.895,0.105,,,,,,,,,0.345,0.655,0.615,0.385,,,,,,,,,,,,,,,,,,,,,,,,,,,,,,,,,,,,,,,,,,,,,,,,,,,,,,,,,,,,,,,,,,,,,,,0.015,0.985,0.0165,0.9835,0.024,0.976,0.0135,0.9865,,,,,0.034,0.966,0.0055,0.9945,0.11,0.89,0.08,0.92,0.0065,0.9935,,,0.07,0.93,,,0.715,0.285,,,,,,,,,,,,,,,,,,,,,0.33,0.67,,,0.72,0.28,,,,,,,0.75,0.25,0.165,0.835,,,,,,,,,0.0145,0.9855,,,,,,,0.195,0.805,0.88,0.12,,,,,,,0.056,0.944,,,,,,,,,,,,,,,,,,,,,,,,,,,0.335,0.665,,,,,0.0135,0.9865,,,0.725,0.275,,,,,,,0.1,0.9,,,,,0.18,0.82,,,,,0.9,0.1,,,,,,,,,0.0695,0.9305,0.845,0.155,,,,,,,,,,,,,,,0.71,0.29,,,,,,,,,,,,,,,,,,,,,,,,,,,,,,,0.145,0.855,,,,,,,,,,,,,,,,,,,,,,,,,,,,,,,0.09,0.91,,,,,,,,,,,,,,,,,,,,,,,,,,,,,,,,,,,,,0.745,0.255,,,,,,,,,0.59,0.41,,,0.21,0.79,,,,,,,,,,,,,,,,,,,,,,,0.315,0.685,0.345,0.655,,,,,,,,,,,,,,,0.15,0.85,0.08,0.92,,,,,0.16,0.84,,,,,,,,,,,0.345,0.655,,
2024-12-26 00:00:00+00:00,,,0.0055,0.9945,,,0.0045,0.9955,0.009,0.991,,,0.032,0.968,0.0175,0.9825,0.085,0.915,0.895,0.105,,,,,,,,,0.345,0.655,0.615,0.385,,,,,,,,,,,,,,,,,,,,,,,,,,,,,,,,,,,,,,,,,,,,,,,,,,,,,,,,,,,,,,,,,,,,,,,0.017,0.983,0.011,0.989,0.0225,0.9775,0.022,0.978,,,,,0.037,0.963,0.0065,0.9935,0.11,0.89,0.065,0.935,0.005,0.995,,,0.065,0.935,,,0.71,0.29,,,,,,,,,,,,,,,,,,,,,0.325,0.675,,,0.735,0.265,,,,,,,0.75,0.25,0.165,0.835,,,,,,,,,0.013,0.987,,,,,,,0.15,0.85,0.88,0.12,,,,,,,0.0535,0.9465,,,,,,,,,,,,,,,,,,,,,,,,,,,0.345,0.655,,,,,0.0155,0.9845,,,0.72,0.28,,,,,,,0.1,0.9,,,,,0.17,0.83,,,,,0.93,0.07,,,,,,,,,0.066,0.934,0.845,0.155,,,,,,,,,,,,,,,0.71,0.29,,,,,,,,,,,,,,,,,,,,,,,,,,,,,,,0.155,0.845,,,,,,,,,,,,,,,,,,,,,,,,,,,,,,,0.08,0.92,,,,,,,,,,,,,,,,,,,,,,,,,,,,,,,,,,,,,0.745,0.255,,,,,,,,,0.59,0.41,,,0.205,0.795,,,,,,,,,,,,,,,,,,,,,,,0.315,0.685,0.335,0.665,,,,,,,,,,,,,,,0.15,0.85,0.06,0.94,,,,,0.15,0.85,,,,,,,,,,,0.385,0.615,,
2024-12-27 00:00:00+00:00,,,0.0045,0.9955,,,0.0045,0.9955,0.0115,0.9885,,,0.0355,0.9645,0.0145,0.9855,0.085,0.915,0.895,0.105,,,,,,,,,0.335,0.665,0.615,0.385,,,,,,,,,,,,,,,,,,,,,,,,,,,,,,,,,,,,,,,,,,,,,,,,,,,,,,,,,,,,,,,,,,,,,,,0.0185,0.9815,0.009,0.991,0.023,0.977,0.0315,0.9685,,,,,0.0355,0.9645,0.006,0.994,0.105,0.895,0.085,0.915,0.004,0.996,,,0.075,0.925,,,0.63,0.37,,,,,,,,,,,,,,,,,,,,,0.315,0.685,,,0.75,0.25,,,,,,,0.755,0.245,0.145,0.855,,,,,,,,,0.01,0.99,,,,,,,0.125,0.875,0.89,0.11,,,,,,,0.0625,0.9375,,,,,,,,,,,,,,,,,,,,,,,,,,,0.37,0.63,,,,,0.016,0.984,,,0.71,0.29,,,,,,,0.105,0.895,,,,,0.155,0.845,,,,,0.93,0.07,,,,,,,,,0.0635,0.9365,0.845,0.155,,,,,,,,,,,,,,,0.71,0.29,,,,,,,,,,,,,,,,,,,,,,,,,,,,,,,0.16,0.84,,,,,,,,,,,,,,,,,,,,,,,,,,,,,,,0.08,0.92,,,,,,,,,,,,,,,,,,,,,,,,,,,,,,,,,,,,,0.745,0.255,,,,,,,,,0.765,0.235,,,0.205,0.795,,,,,,,,,,,,,,,,,,,,,,,0.315,0.685,0.27,0.73,,,,,,,,,,,,,,,0.265,0.735,0.045,0.955,,,,,0.16,0.84,,,,,,,,,,,0.39,0.61,,
2024-12-28 00:00:00+00:00,,,0.0045,0.9955,,,0.0045,0.9955,0.0115,0.9885,,,0.0275,0.9725,0.0105,0.9895,0.095,0.905,0.895,0.105,,,,,,,,,0.35,0.65,0.595,0.405,,,,,,,,,,,,,,,,,,,,,,,,,,,,,,,,,,,,,,,,,,,,,,,,,,,,,,,,,,,,,,,,,,,,,,,0.0185,0.9815,0.009,0.991,0.023,0.977,0.034,0.966,,,,,0.0345,0.9655,0.0045,0.9955,0.115,0.885,0.08,0.92,0.003,0.997,,,0.075,0.925,,,0.58,0.42,,,,,,,,,,,,,,,,,,,,,0.31,0.69,,,0.755,0.245,,,,,,,0.845,0.155,0.14,0.86,,,,,,,,,0.004,0.996,,,,,,,0.13,0.87,0.93,0.07,,,,,,,0.0625,0.9375,,,,,,,,,,,,,,,,,,,,,,,,,,,0.385,0.615,,,,,0.015,0.985,,,0.745,0.255,,,,,,,0.095,0.905,,,,,0.155,0.845,,,,,0.935,0.065,,,,,,,,,0.049,0.951,0.875,0.125,,,,,,,,,,,,,,,0.705,0.295,,,,,,,,,,,,,,,,,,,,,,,,,,,,,,,0.14,0.86,,,,,,,,,,,,,,,,,,,,,,,,,,,,,,,0.08,0.92,,,,,,,,,,,,,,,,,,,,,,,,,,,,,,,,,,,,,0.745,0.255,,,,,,,,,0.675,0.325,,,0.21,0.79,,,,,,,,,,,,,,,,,,,,,,,0.315,0.685,0.29,0.71,,,,,,,,,,,,,,,0.185,0.815,0.045,0.955,,,,,0.15,0.85,,,,,,,,,,,0.41,0.59,,
2024-12-29 00:00:00+00:00,,,0.0045,0.9955,,,0.0045,0.9955,0.011,0.989,,,0.026,0.974,0.0085,0.9915,0.095,0.905,0.895,0.105,,,,,,,,,0.355,0.645,0.595,0.405,,,,,,,,,,,,,,,,,,,,,,,,,,,,,,,,,,,,,,,,,,,,,,,,,,,,,,,,,,,,,,,,,,,,,,,0.0195,0.9805,0.009,0.991,0.025,0.975,0.0345,0.9655,,,,,0.032,0.968,0.005,0.995,0.105,0.895,0.09,0.91,0.0025,0.9975,,,0.075,0.925,,,0.63,0.37,,,,,,,,,,,,,,,,,,,,,0.305,0.695,,,0.755,0.245,,,,,,,0.785,0.215,0.115,0.885,,,,,,,,,0.0045,0.9955,,,,,,,0.14,0.86,0.935,0.065,,,,,,,0.062,0.938,,,,,,,,,,,,,,,,,,,,,,,,,,,0.43,0.57,,,,,0.016,0.984,,,0.75,0.25,,,,,,,0.085,0.915,,,,,0.155,0.845,,,,,0.935,0.065,,,,,,,,,0.0555,0.9445,0.875,0.125,,,,,,,,,,,,,,,0.71,0.29,,,,,,,,,,,,,,,,,,,,,,,,,,,,,,,0.14,0.86,,,,,,,,,,,,,,,,,,,,,,,,,,,,,,,0.08,0.92,,,,,,,,,,,,,,,,,,,,,,,,,,,,,,,,,,,,,0.745,0.255,,,,,,,,,0.675,0.325,,,0.175,0.825,,,,,,,,,,,,,,,,,,,,,,,0.3,0.7,0.32,0.68,,,,,,,,,,,,,,,0.18,0.82,0.0855,0.9145,,,,,0.15,0.85,,,,,,,,,,,0.385,0.615,,
2024-12-30 00:00:00+00:00,,,0.006,0.994,,,0.0045,0.9955,0.01,0.99,,,0.026,0.974,0.0085,0.9915,0.085,0.915,0.905,0.095,,,,,,,,,0.355,0.645,0.595,0.405,,,,,,,,,,,,,,,,,,,,,,,,,,,,,,,,,0.18,0.82,0.145,0.855,0.14,0.86,0.16,0.84,0.15,0.85,0.18,0.82,,,0.12,0.88,0.13,0.87,,,0.12,0.88,,,,,,,,,,,0.255,0.745,,,,,0.004,0.996,0.0165,0.9835,0.02,0.98,0.028,0.972,,,0.165,0.835,0.03,0.97,0.004,0.996,0.115,0.885,0.085,0.915,0.002,0.998,,,0.08,0.92,,,0.9015,0.0985,,,,,,,,,,,,,,,,,,,,,0.275,0.725,,,0.765,0.235,,,,,,,0.78,0.22,0.05,0.95,,,,,,,,,0.005,0.995,,,,,,,0.165,0.835,0.935,0.065,,,,,,,0.066,0.934,,,,,,,,,,,,,,,,,,,,,,,,,,,0.465,0.535,,,,,0.0185,0.9815,,,0.75,0.25,,,,,,,0.11,0.89,,,,,0.165,0.835,,,,,0.935,0.065,,,,,,,,,0.046,0.954,0.875,0.125,,,,,,,,,,,,,,,0.705,0.295,,,,,,,,,,,,,,,,,,,,,,,,,,,,,,,0.15,0.85,,,,,,,,,,,,,,,,,,,,,,,,,,,,,,,0.11,0.89,,,,,,,,,,,,,,,,,,,,,,,,,,,,,,,,,,,,,0.745,0.255,,,,,,,,,0.665,0.335,,,0.15,0.85,,,,,,,,,,,,,,,,,,,,,,,0.29,0.71,0.335,0.665,,,,,,,,,,,,,,,0.19,0.81,0.11,0.89,,,,,0.11,0.89,,,,,,,,,,,0.36,0.64,,
2024-12-31 00:00:00+00:00,,,0.005,0.995,,,0.0045,0.9955,0.0085,0.9915,,,0.026,0.974,0.0085,0.9915,0.085,0.915,0.905,0.095,,,,,,,,,0.37,0.63,0.595,0.405,,,,,,,,,,,,,,,,,,,,,,,,,,,,,,,,,0.275,0.725,0.0355,0.9645,0.11,0.89,0.2,0.8,0.115,0.885,0.19,0.81,,,0.0235,0.9765,0.05,0.95,,,0.032,0.968,,,,,,,,,,,0.14,0.86,,,,,0.0065,0.9935,0.0015,0.9985,0.019,0.981,0.034,0.966,,,0.155,0.845,0.03,0.97,0.0055,0.9945,0.11,0.89,0.08,0.92,0.002,0.998,0.0345,0.9655,0.06,0.94,0.805,0.195,,,,,0.0165,0.9835,,,,,,,,,,,,,,,0.035,0.965,0.255,0.745,,,0.765,0.235,,,,,,,0.775,0.225,0.062,0.938,,,,,,,,,0.005,0.995,,,,,,,0.155,0.845,0.935,0.065,,,,,,,0.065,0.935,,,,,,,,,0.105,0.895,,,,,,,,,,,0.105,0.895,,,,,0.52,0.48,,,,,0.022,0.978,,,0.745,0.255,,,,,,,0.12,0.88,,,0.93,0.07,0.165,0.835,,,,,0.935,0.065,,,,,,,,,0.048,0.952,0.87,0.13,,,,,,,,,,,,,,,0.72,0.28,,,,,,,,,,,,,,,,,,,,,,,,,,,,,,,0.14,0.86,,,,,,,,,,,,,,,,,,,,,,,,,,,,,,,0.095,0.905,,,,,,,,,,,,,,,,,,,,,,,,,,,,,,,,,,,,,0.745,0.255,,,,,,,,,0.67,0.33,,,0.145,0.855,,,,,,,,,,,,,,,,,,,,,,,0.305,0.695,0.315,0.685,,,,,,,,,,,,,,,0.19,0.81,0.1255,0.8745,,,,,0.1,0.9,,,,,,,,,,,0.355,0.645,,
